-8.672072291374206543e-01,-9.297927618026733398e-01
8.602512478828430176e-01,1.040787339210510254e+00
-1.162757277488708496e+00,-9.364112615585327148e-01
6.701632142066955566e-01,7.554527521133422852e-01
9.741139411926269531e-01,6.488832831382751465e-01
-8.801868557929992676e-01,-1.169087409973144531e+00
1.135444521903991699e+00,9.585882425308227539e-01
6.919209957122802734e-01,7.987320423126220703e-01
1.127645492553710938e+00,1.143552303314208984e+00
-1.042371273040771484e+00,-9.283884167671203613e-01
-7.592177391052246094e-01,-1.127243399620056152e+00
1.028714299201965332e+00,8.566669225692749023e-01
7.969561815261840820e-01,1.009986042976379395e+00
9.067544341087341309e-01,8.174707293510437012e-01
-1.116739392280578613e+00,-9.311174750328063965e-01
-9.231724143028259277e-01,-1.220628976821899414e+00
1.109935164451599121e+00,1.343507528305053711e+00
-1.295710802078247070e+00,-1.279021978378295898e+00
1.098339676856994629e+00,1.018877863883972168e+00
1.052138209342956543e+00,1.317142605781555176e+00
-1.231791377067565918e+00,-1.141943454742431641e+00
-9.975911974906921387e-01,-9.542465209960937500e-01
-1.071724653244018555e+00,-9.476137757301330566e-01
1.463746070861816406e+00,1.211102962493896484e+00
1.042693018913269043e+00,1.180104613304138184e+00
-1.075929522514343262e+00,-7.402278780937194824e-01
1.105977654457092285e+00,5.964856743812561035e-01
7.567691802978515625e-01,9.080073833465576172e-01
7.773212790489196777e-01,6.305836439132690430e-01
1.003310322761535645e+00,9.762922525405883789e-01
1.331429839134216309e+00,9.941723942756652832e-01
1.121297240257263184e+00,7.231212854385375977e-01
6.595919132232666016e-01,1.069543004035949707e+00
1.411237478256225586e+00,6.856964826583862305e-01
8.918870091438293457e-01,1.189731121063232422e+00
1.038672685623168945e+00,7.788381576538085938e-01
1.087869882583618164e+00,9.992358684539794922e-01
1.011453270912170410e+00,1.255378007888793945e+00
-1.120559811592102051e+00,-1.152184844017028809e+00
7.952086329460144043e-01,9.542410969734191895e-01
-1.230008482933044434e+00,-1.090172648429870605e+00
8.227381706237792969e-01,1.050920844078063965e+00
-8.178492188453674316e-01,-8.569895625114440918e-01
-6.228805780410766602e-01,-1.072362661361694336e+00
8.257140517234802246e-01,1.032506942749023438e+00
1.282826900482177734e+00,1.293778657913208008e+00
9.830408692359924316e-01,5.503813624382019043e-01
-1.031624794006347656e+00,-9.750199317932128906e-01
-7.548630833625793457e-01,-9.742023348808288574e-01
-1.250372767448425293e+00,-1.210858821868896484e+00
9.670443534851074219e-01,8.876238465309143066e-01
8.573160767555236816e-01,1.003220081329345703e+00
-1.128770232200622559e+00,-1.108519077301025391e+00
-8.587709069252014160e-01,-8.333569765090942383e-01
9.992820024490356445e-01,8.628824353218078613e-01
8.371533751487731934e-01,1.192275285720825195e+00
-1.225263357162475586e+00,-9.743959307670593262e-01
8.035398125648498535e-01,9.919012784957885742e-01
-7.771840095520019531e-01,-9.904446601867675781e-01
-9.934154748916625977e-01,-8.662094473838806152e-01
1.204952359199523926e+00,1.152347922325134277e+00
1.121982336044311523e+00,7.440069913864135742e-01
-6.748438477516174316e-01,-6.392170786857604980e-01
-8.558819293975830078e-01,-7.811065316200256348e-01
-9.611287713050842285e-01,-9.407464861869812012e-01
9.260348081588745117e-01,1.354694366455078125e+00
-9.818654656410217285e-01,-1.156590223312377930e+00
-9.237815737724304199e-01,-1.308500051498413086e+00
1.092748641967773438e+00,4.543195068836212158e-01
-6.625981330871582031e-01,-7.612707614898681641e-01
-8.896791934967041016e-01,-9.851177334785461426e-01
-1.142318129539489746e+00,-1.224241137504577637e+00
9.299204349517822266e-01,9.490517377853393555e-01
-9.931675791740417480e-01,-9.846678972244262695e-01
8.511125445365905762e-01,1.054746031761169434e+00
-7.933374047279357910e-01,-1.236771702766418457e+00
1.169350147247314453e+00,7.671264410018920898e-01
-7.856797575950622559e-01,-1.260941982269287109e+00
-1.157467007637023926e+00,-9.531596899032592773e-01
-9.125870466232299805e-01,-1.134281635284423828e+00
-1.088750004768371582e+00,-9.331904649734497070e-01
-1.075230002403259277e+00,-1.441706538200378418e+00
5.085640549659729004e-01,6.376363635063171387e-01
1.150472283363342285e+00,1.231066584587097168e+00
9.647148251533508301e-01,9.105691313743591309e-01
1.258715510368347168e+00,6.447014808654785156e-01
1.035622239112854004e+00,1.303270697593688965e+00
-9.944945573806762695e-01,-8.783308267593383789e-01
9.276896715164184570e-01,7.803031206130981445e-01
1.421390414237976074e+00,1.376624107360839844e+00
-7.592878341674804688e-01,-8.374170660972595215e-01
-7.753864526748657227e-01,-9.625321030616760254e-01
1.053842425346374512e+00,8.298212885856628418e-01
8.625116348266601562e-01,1.198239922523498535e+00
-6.595513224601745605e-01,-6.159958839416503906e-01
1.071228027343750000e+00,1.205489039421081543e+00
-7.678666710853576660e-01,-6.477507352828979492e-01
-9.052140712738037109e-01,-1.447031378746032715e+00
9.710608124732971191e-01,7.134919166564941406e-01
6.855015754699707031e-01,8.819375634193420410e-01
-7.738788127899169922e-01,-1.096951603889465332e+00
-6.976470947265625000e-01,-1.018116593360900879e+00
-8.664408326148986816e-01,-8.826124072074890137e-01
1.113144993782043457e+00,8.552364110946655273e-01
8.997700214385986328e-01,1.449476838111877441e+00
1.022449016571044922e+00,1.033179044723510742e+00
1.074721455574035645e+00,1.014307856559753418e+00
1.202523708343505859e+00,9.839556217193603516e-01
1.085382223129272461e+00,1.047263622283935547e+00
8.268036246299743652e-01,1.113679289817810059e+00
1.090813517570495605e+00,8.750767707824707031e-01
8.100194334983825684e-01,1.206719756126403809e+00
-8.897363543510437012e-01,-1.201597213745117188e+00
-1.106740593910217285e+00,-8.072214722633361816e-01
1.240808367729187012e+00,1.144686579704284668e+00
-1.068300962448120117e+00,-1.227199196815490723e+00
8.211764097213745117e-01,1.069682598114013672e+00
1.189316272735595703e+00,8.578261137008666992e-01
-8.221432566642761230e-01,-1.321799039840698242e+00
-1.262398600578308105e+00,-9.428906440734863281e-01
8.675690889358520508e-01,9.426000118255615234e-01
1.193266987800598145e+00,1.534763813018798828e+00
-8.057519793510437012e-01,-8.083909153938293457e-01
-9.969528913497924805e-01,-8.094682097434997559e-01
1.021832227706909180e+00,1.188011169433593750e+00
9.723540544509887695e-01,1.388871550559997559e+00
1.185881137847900391e+00,8.771152496337890625e-01
9.692445397377014160e-01,1.321541666984558105e+00
-1.391390323638916016e+00,-1.158700942993164062e+00
-1.010947823524475098e+00,-1.394026041030883789e+00
9.398568272590637207e-01,1.096130967140197754e+00
-1.357570171356201172e+00,-1.175705790519714355e+00
1.065746426582336426e+00,8.286997675895690918e-01
-1.184106707572937012e+00,-1.321996450424194336e+00
-1.102558016777038574e+00,-7.871258854866027832e-01
8.381485342979431152e-01,8.876366615295410156e-01
9.305887818336486816e-01,1.094969987869262695e+00
-1.196073770523071289e+00,-9.755714535713195801e-01
-9.774760603904724121e-01,-9.467828273773193359e-01
1.128317043185234070e-01,-4.628247022628784180e-01
2.409432381391525269e-01,6.361594200134277344e-01
1.194871068000793457e+00,1.148243904113769531e+00
-1.046381115913391113e+00,-9.240781068801879883e-01
9.861031770706176758e-01,1.186044692993164062e+00
-7.814782261848449707e-01,-6.058396697044372559e-01
-8.176215887069702148e-01,-7.462372779846191406e-01
-1.312323212623596191e+00,-1.338606238365173340e+00
7.755702733993530273e-01,1.019470453262329102e+00
9.828183054924011230e-01,1.134856581687927246e+00
1.193994164466857910e+00,1.201332092285156250e+00
9.393280148506164551e-01,7.475477457046508789e-01
9.348092079162597656e-01,8.908617496490478516e-01
9.914974570274353027e-01,6.918354630470275879e-01
9.011859297752380371e-01,1.126788496971130371e+00
-9.623686075210571289e-01,-9.369774460792541504e-01
-1.064858078956604004e+00,-1.221109390258789062e+00
-8.255958557128906250e-01,-9.919412136077880859e-01
9.263845086097717285e-01,1.404413580894470215e+00
-1.217902064323425293e+00,-8.997564911842346191e-01
8.933949470520019531e-01,8.944569230079650879e-01
-1.300484299659729004e+00,-1.279595136642456055e+00
-1.003405809402465820e+00,-1.275006055831909180e+00
1.004224658012390137e+00,1.062066435813903809e+00
-1.038837313652038574e+00,-6.339485049247741699e-01
-7.741280198097229004e-01,-1.127547383308410645e+00
-8.508637547492980957e-01,-1.050222396850585938e+00
8.942820429801940918e-01,8.858967423439025879e-01
-1.019597530364990234e+00,-1.297785282135009766e+00
8.589637279510498047e-01,1.206782341003417969e+00
1.132169485092163086e+00,1.113600730895996094e+00
-1.020781397819519043e+00,-9.642196297645568848e-01
1.409379601478576660e+00,8.449252843856811523e-01
-9.036099910736083984e-01,-8.857344985008239746e-01
9.527387022972106934e-01,7.351725101470947266e-01
8.351163864135742188e-01,1.211242794990539551e+00
9.202680587768554688e-01,9.076948761940002441e-01
9.100257754325866699e-01,1.190487861633300781e+00
-1.092798352241516113e+00,-6.624230742454528809e-01
9.929130077362060547e-01,1.094731450080871582e+00
-9.571835398674011230e-01,-9.818907976150512695e-01
8.831083178520202637e-01,1.098601937294006348e+00
-1.048116683959960938e+00,-1.016551852226257324e+00
9.339801073074340820e-01,8.282381296157836914e-01
-1.022366762161254883e+00,-1.088842511177062988e+00
1.371835231781005859e+00,9.689980149269104004e-01
8.586886525154113770e-01,1.283409476280212402e+00
7.311725020408630371e-01,1.103322625160217285e+00
-1.007867693901062012e+00,-1.108146667480468750e+00
-8.756175637245178223e-01,-9.363479018211364746e-01
-1.139343738555908203e+00,-1.194589495658874512e+00
9.145889878273010254e-01,1.150224089622497559e+00
9.965398311614990234e-01,1.017807722091674805e+00
7.960083484649658203e-01,1.050634980201721191e+00
9.410561323165893555e-01,1.199717879295349121e+00
-6.265508532524108887e-01,-5.813239812850952148e-01
9.455835819244384766e-01,8.366690874099731445e-01
-9.539792537689208984e-01,-1.332165956497192383e+00
-9.950183629989624023e-01,-1.391553044319152832e+00
-9.684836864471435547e-01,-1.054498910903930664e+00
-9.570696353912353516e-01,-9.198011159896850586e-01
-4.003705680370330811e-01,-9.255053400993347168e-01
-7.089788317680358887e-01,-1.087032794952392578e+00
-1.091404080390930176e+00,-1.417315721511840820e+00
9.639605283737182617e-01,8.804803490638732910e-01
7.600870132446289062e-01,9.343370795249938965e-01
8.715224266052246094e-01,1.421752929687500000e+00
-1.118678927421569824e+00,-1.235283851623535156e+00
7.597369551658630371e-01,1.080735921859741211e+00
9.160172343254089355e-01,1.249688267707824707e+00
-8.639702200889587402e-01,-1.047128319740295410e+00
8.640435934066772461e-01,1.324041962623596191e+00
-7.285217642784118652e-01,-1.065082907676696777e+00
1.018426656723022461e+00,8.399168848991394043e-01
-1.029177308082580566e+00,-1.202340960502624512e+00
8.010312318801879883e-01,1.129973173141479492e+00
1.013940930366516113e+00,9.415737390518188477e-01
1.253741264343261719e+00,9.136180281639099121e-01
-9.022856354713439941e-01,-8.384851813316345215e-01
-1.025397539138793945e+00,-1.118555545806884766e+00
-1.091914176940917969e+00,-1.046939730644226074e+00
-1.226519346237182617e+00,-7.050569057464599609e-01
1.415438652038574219e+00,7.636439800262451172e-01
-1.023323059082031250e+00,-9.627153277397155762e-01
1.021805047988891602e+00,7.741106152534484863e-01
1.312851309776306152e+00,8.494058251380920410e-01
9.371020793914794922e-01,9.956877827644348145e-01
8.245977759361267090e-01,8.046939373016357422e-01
-1.260549783706665039e+00,-1.138732910156250000e+00
7.811901569366455078e-01,9.823709726333618164e-01
7.574858069419860840e-01,1.363877773284912109e+00
7.658490538597106934e-01,1.090055823326110840e+00
1.381108164787292480e+00,1.013345003128051758e+00
8.828865289688110352e-01,1.201100945472717285e+00
1.003663897514343262e+00,1.286041498184204102e+00
1.239315629005432129e+00,1.101634502410888672e+00
-9.341561794281005859e-01,-1.111007809638977051e+00
1.140107989311218262e+00,6.660366654396057129e-01
8.506191968917846680e-01,9.057720303535461426e-01
8.797386288642883301e-01,1.248547673225402832e+00
1.107099175453186035e+00,8.869423866271972656e-01
8.788800239562988281e-01,7.231917381286621094e-01
1.033266305923461914e+00,1.348929286003112793e+00
7.403092980384826660e-01,5.087224841117858887e-01
6.263211369514465332e-01,7.412429451942443848e-01
-1.220026850700378418e+00,-1.197400331497192383e+00
6.569651365280151367e-01,7.389021515846252441e-01
1.343691706657409668e+00,1.013264775276184082e+00
1.006325960159301758e+00,8.699706196784973145e-01
9.449981451034545898e-01,1.030503153800964355e+00
-8.952233791351318359e-01,-1.042257428169250488e+00
-1.381140232086181641e+00,-1.290663599967956543e+00
-5.937348008155822754e-01,-1.229799151420593262e+00
-1.098144173622131348e+00,-9.820373654365539551e-01
-1.076321363449096680e+00,-1.201664924621582031e+00
-1.215352654457092285e+00,-6.237309575080871582e-01
-8.527911901473999023e-01,-8.821987509727478027e-01
9.842405915260314941e-01,1.069066047668457031e+00
1.151568651199340820e+00,1.066510558128356934e+00
-1.275624871253967285e+00,-5.721220970153808594e-01
-9.473338723182678223e-01,-9.531611800193786621e-01
-7.836295962333679199e-01,-1.043180108070373535e+00
-8.554923534393310547e-01,-1.389050722122192383e+00
9.141525030136108398e-01,1.112934827804565430e+00
8.727990388870239258e-01,1.350588202476501465e+00
-9.497712254524230957e-01,-1.446180462837219238e+00
1.111070752143859863e+00,9.770834445953369141e-01
8.597739338874816895e-01,1.319921135902404785e+00
-6.603177189826965332e-01,-8.974195122718811035e-01
1.272275328636169434e+00,7.598008513450622559e-01
-7.901463508605957031e-01,-8.712285161018371582e-01
1.085315704345703125e+00,1.269980072975158691e+00
-1.012862801551818848e+00,-1.109546780586242676e+00
7.527388930320739746e-01,1.033594608306884766e+00
-9.280006885528564453e-01,-1.145894169807434082e+00
-6.911293864250183105e-01,-7.523163557052612305e-01
-6.991975307464599609e-01,-9.680735468864440918e-01
-1.497200608253479004e+00,-1.416624665260314941e+00
-9.829586148262023926e-01,-1.032498836517333984e+00
-9.881210923194885254e-01,-1.027189731597900391e+00
-8.755638003349304199e-01,-9.434251189231872559e-01
-9.488501548767089844e-01,-1.187803983688354492e+00
-1.100671768188476562e+00,-1.042391777038574219e+00
-7.864202260971069336e-01,-7.375419139862060547e-01
8.776649236679077148e-01,8.978237509727478027e-01
-1.119803547859191895e+00,-1.368496537208557129e+00
-8.589539527893066406e-01,-1.185627460479736328e+00
-1.272183656692504883e+00,-1.076308250427246094e+00
-1.270817518234252930e+00,-6.761230230331420898e-01
1.062140226364135742e+00,7.165666818618774414e-01
8.401989340782165527e-01,1.174049735069274902e+00
1.140524029731750488e+00,1.057798862457275391e+00
-1.188827991485595703e+00,-1.403442263603210449e+00
-4.666979610919952393e-01,-8.543440103530883789e-01
-1.196504950523376465e+00,-1.159359931945800781e+00
-7.464493513107299805e-01,-1.349465489387512207e+00
-1.227462172508239746e+00,-9.142473936080932617e-01
-9.404532909393310547e-01,-9.849538207054138184e-01
8.085265159606933594e-01,8.880583047866821289e-01
-9.725803136825561523e-01,-1.249786853790283203e+00
-1.045974135398864746e+00,-1.027497410774230957e+00
-1.170765399932861328e+00,-1.171849489212036133e+00
-1.202702879905700684e+00,-1.157547473907470703e+00
9.243553280830383301e-01,8.932532072067260742e-01
1.643027424812316895e+00,6.245303153991699219e-01
-1.188668608665466309e+00,-1.305475592613220215e+00
1.250697016716003418e+00,7.044517993927001953e-01
-1.011012434959411621e+00,-1.123601198196411133e+00
-8.929886817932128906e-01,-1.151991128921508789e+00
1.132952094078063965e+00,1.032557010650634766e+00
1.055218338966369629e+00,8.570446372032165527e-01
-9.375212192535400391e-01,-1.122604608535766602e+00
-1.269170284271240234e+00,-5.904272794723510742e-01
1.036027550697326660e+00,1.254369497299194336e+00
-8.186721801757812500e-01,-6.455536484718322754e-01
-7.558507919311523438e-01,-1.000896334648132324e+00
-9.714214205741882324e-01,-9.502042531967163086e-01
1.098818659782409668e+00,6.891102790832519531e-01
9.163969159126281738e-01,7.613106966018676758e-01
7.973359227180480957e-01,1.308632612228393555e+00
1.260771751403808594e+00,6.761965751647949219e-01
1.022305965423583984e+00,6.434465646743774414e-01
-1.151440262794494629e+00,-1.168713808059692383e+00
9.125676751136779785e-01,8.970295190811157227e-01
8.311458826065063477e-01,1.368398904800415039e+00
-1.321910142898559570e+00,-8.998754620552062988e-01
1.271481156349182129e+00,6.173097491264343262e-01
-7.558112144470214844e-01,-1.062175393104553223e+00
9.226236343383789062e-01,9.809829592704772949e-01
1.242033958435058594e+00,1.003324389457702637e+00
-9.587579965591430664e-01,-1.098916888236999512e+00
-1.056464672088623047e+00,-1.047564864158630371e+00
-1.080643892288208008e+00,-8.212107419967651367e-01
9.381777644157409668e-01,1.055308818817138672e+00
-9.294185042381286621e-01,-1.359436273574829102e+00
-9.756535887718200684e-01,-1.013649106025695801e+00
-1.014240384101867676e+00,-1.083256602287292480e+00
-9.409895539283752441e-01,-8.996013998985290527e-01
-7.133585810661315918e-01,-8.224662542343139648e-01
-8.804262876510620117e-01,-7.515297532081604004e-01
1.219694614410400391e+00,1.379076004028320312e+00
-9.823119640350341797e-01,-1.186095952987670898e+00
-9.275750517845153809e-01,-1.194837331771850586e+00
7.635516524314880371e-01,1.125888943672180176e+00
8.179481029510498047e-01,1.201537370681762695e+00
1.206248521804809570e+00,1.027669310569763184e+00
-7.808389067649841309e-01,-1.111819505691528320e+00
-1.332948803901672363e+00,-1.210498571395874023e+00
1.004863142967224121e+00,9.091998934745788574e-01
-1.106127023696899414e+00,-7.651209235191345215e-01
-8.900342583656311035e-01,-1.719668269157409668e+00
-2.002165555953979492e+00,-7.442355155944824219e-01
-7.196702361106872559e-01,-9.520186185836791992e-01
1.088867306709289551e+00,1.186604499816894531e+00
-8.848243951797485352e-01,-1.062496662139892578e+00
-1.026241540908813477e+00,-6.320071816444396973e-01
-1.416120052337646484e+00,-1.090235710144042969e+00
-9.193113446235656738e-01,-1.117689609527587891e+00
9.042752981185913086e-01,1.089071512222290039e+00
1.107843041419982910e+00,7.371479868888854980e-01
8.261897563934326172e-01,1.037974119186401367e+00
1.009964466094970703e+00,1.139621257781982422e+00
9.727033972740173340e-01,8.825595974922180176e-01
9.338153600692749023e-01,8.413203954696655273e-01
-6.012263894081115723e-01,-8.438799381256103516e-01
-1.307112693786621094e+00,-1.127529501914978027e+00
-1.040596365928649902e+00,-1.208718419075012207e+00
-1.248062610626220703e+00,-1.134331107139587402e+00
-8.569519519805908203e-01,-1.081703662872314453e+00
7.357417345046997070e-01,1.245268106460571289e+00
6.417545676231384277e-01,1.411336302757263184e+00
-1.253036618232727051e+00,-1.348314523696899414e+00
-7.343520522117614746e-01,-1.037180662155151367e+00
1.017625212669372559e+00,1.354586601257324219e+00
1.199641942977905273e+00,9.280745983123779297e-01
7.886831164360046387e-01,1.172720313072204590e+00
7.000606060028076172e-01,1.162818908691406250e+00
1.400152564048767090e+00,8.469032049179077148e-01
-6.863702535629272461e-01,-1.103793025016784668e+00
-7.781208157539367676e-01,-1.102944612503051758e+00
-9.321723580360412598e-01,-1.167945981025695801e+00
-8.978317975997924805e-01,-7.320888042449951172e-01
-6.468710899353027344e-01,-8.599168062210083008e-01
-9.917911291122436523e-01,-1.068919897079467773e+00
-8.958379030227661133e-01,-9.795646071434020996e-01
7.731337547302246094e-01,6.904740929603576660e-01
-9.699512124061584473e-01,-9.033219218254089355e-01
-1.095428347587585449e+00,-1.125102043151855469e+00
9.450708031654357910e-01,8.684855699539184570e-01
7.486444711685180664e-01,1.260931849479675293e+00
1.298416852951049805e+00,1.016935825347900391e+00
-1.258816003799438477e+00,-1.060723781585693359e+00
-1.070799827575683594e+00,-8.554513454437255859e-01
-9.949358701705932617e-01,-8.265861272811889648e-01
1.378774166107177734e+00,1.045003294944763184e+00
-8.576616644859313965e-01,-7.248444557189941406e-01
1.010209679603576660e+00,1.161288261413574219e+00
-1.134878993034362793e+00,-9.256889820098876953e-01
7.941719889640808105e-01,1.058655261993408203e+00
1.059327244758605957e+00,1.169152975082397461e+00
1.136447548866271973e+00,9.626315236091613770e-01
-1.104760885238647461e+00,-1.113178133964538574e+00
9.136395454406738281e-01,1.418130874633789062e+00
8.682116270065307617e-01,1.427081465721130371e+00
1.047774434089660645e+00,1.217178225517272949e+00
9.573660492897033691e-01,8.630746006965637207e-01
-1.041596889495849609e+00,-1.064965367317199707e+00
8.272704482078552246e-01,1.093323945999145508e+00
-7.516257166862487793e-01,-1.395190238952636719e+00
1.002863526344299316e+00,1.052260994911193848e+00
5.691349506378173828e-01,9.561641216278076172e-01
-9.858705997467041016e-01,-1.402049541473388672e+00
-4.642424285411834717e-01,-4.835500121116638184e-01
-1.208402395248413086e+00,-8.619291186332702637e-01
8.874962925910949707e-01,6.338695883750915527e-01
-1.066811919212341309e+00,-1.015124678611755371e+00
-8.615050911903381348e-01,-1.018709182739257812e+00
9.741611480712890625e-01,6.449317336082458496e-01
-8.558318018913269043e-01,-7.529748082160949707e-01
1.141122341156005859e+00,1.338765382766723633e+00
1.108148574829101562e+00,1.038833260536193848e+00
-7.952380776405334473e-01,-1.188672065734863281e+00
1.001546144485473633e+00,1.317661881446838379e+00
-8.847510814666748047e-01,-1.243414759635925293e+00
-9.990536570549011230e-01,-1.223401308059692383e+00
-9.625438451766967773e-01,-1.128425598144531250e+00
9.920219779014587402e-01,9.702542424201965332e-01
-1.009737491607666016e+00,-1.236084699630737305e+00
-8.703309893608093262e-01,-1.236042261123657227e+00
8.473081588745117188e-01,1.318294882774353027e+00
-9.770764112472534180e-01,-9.409508705139160156e-01
5.163472294807434082e-01,7.427666783332824707e-01
-1.104608416557312012e+00,-9.875039458274841309e-01
-9.065540432929992676e-01,-1.239136457443237305e+00
-7.117318511009216309e-01,-7.224497795104980469e-01
9.766989946365356445e-01,1.242545843124389648e+00
-1.058800816535949707e+00,-1.252585887908935547e+00
-1.143662810325622559e+00,-9.874438643455505371e-01
-1.022745966911315918e+00,-1.397726178169250488e+00
-1.024929761886596680e+00,-6.813055276870727539e-01
-8.519933223724365234e-01,-1.128353595733642578e+00
-6.933709979057312012e-01,-6.799955964088439941e-01
8.037592172622680664e-01,1.157399654388427734e+00
9.699903726577758789e-01,8.241521716117858887e-01
-1.159487843513488770e+00,-1.010636568069458008e+00
-9.050273299217224121e-01,-1.235661983489990234e+00
-1.140657305717468262e+00,-8.668343424797058105e-01
-8.682882189750671387e-01,-8.056579828262329102e-01
-6.113699078559875488e-01,-1.917164802551269531e+00
-1.206605434417724609e+00,-1.178676605224609375e+00
8.466589450836181641e-01,1.201029777526855469e+00
1.124854445457458496e+00,7.826100587844848633e-01
-8.809052705764770508e-01,-9.219926595687866211e-01
1.389866471290588379e+00,9.445549249649047852e-01
8.295452594757080078e-01,1.079445838928222656e+00
-1.018704056739807129e+00,-8.366078734397888184e-01
8.382936716079711914e-01,1.088163256645202637e+00
-9.587601423263549805e-01,-8.306903243064880371e-01
1.111313939094543457e+00,6.271890401840209961e-01
-9.759905934333801270e-01,-1.023001194000244141e+00
8.612682223320007324e-01,1.326280355453491211e+00
9.034262895584106445e-01,1.221769094467163086e+00
-1.069838047027587891e+00,-1.202725291252136230e+00
1.271453857421875000e+00,1.300611615180969238e+00
7.895193696022033691e-01,1.096427917480468750e+00
-7.831735610961914062e-01,-8.551178574562072754e-01
1.250537276268005371e+00,1.244419574737548828e+00
9.784594178199768066e-01,9.654302597045898438e-01
-1.330989360809326172e+00,-1.094473481178283691e+00
-7.014196515083312988e-01,-9.064387083053588867e-01
-9.800089001655578613e-01,-8.343023061752319336e-01
8.627369403839111328e-01,9.470129609107971191e-01
-1.007525444030761719e+00,-9.610085487365722656e-01
-1.085764884948730469e+00,-1.297111868858337402e+00
9.111397266387939453e-01,8.346504569053649902e-01
-9.919860959053039551e-01,-8.491964340209960938e-01
-1.398487567901611328e+00,-8.189447522163391113e-01
-9.642226696014404297e-01,-1.006501555442810059e+00
1.229676842689514160e+00,7.242674827575683594e-01
8.210465312004089355e-01,9.402925372123718262e-01
-1.119782209396362305e+00,-8.377306461334228516e-01
-1.201932787895202637e+00,-1.023754835128784180e+00
8.388726115226745605e-01,1.312688708305358887e+00
7.686513662338256836e-01,1.066331386566162109e+00
8.685896396636962891e-01,7.121056914329528809e-01
8.533729314804077148e-01,8.750284910202026367e-01
-1.073419690132141113e+00,-1.307829856872558594e+00
-1.053526520729064941e+00,-9.970511198043823242e-01
-9.533487558364868164e-01,-1.368134260177612305e+00
-8.665662407875061035e-01,-1.127446770668029785e+00
-1.090573430061340332e+00,-8.935357928276062012e-01
-8.720619082450866699e-01,-1.091980218887329102e+00
-1.034990191459655762e+00,-9.415147900581359863e-01
1.028621673583984375e+00,7.232397198677062988e-01
-1.137563347816467285e+00,-1.194544434547424316e+00
1.188403487205505371e+00,1.349110722541809082e+00
-1.153840780258178711e+00,-1.062194108963012695e+00
-8.214899897575378418e-01,-1.620249032974243164e+00
9.125750660896301270e-01,1.066018700599670410e+00
9.515395760536193848e-01,1.125555872917175293e+00
9.292884469032287598e-01,9.068408012390136719e-01
-8.543250560760498047e-01,-8.470419049263000488e-01
1.302985310554504395e+00,1.283095479011535645e+00
-7.906880974769592285e-01,-7.831319570541381836e-01
1.251730084419250488e+00,1.204775452613830566e+00
1.034241914749145508e+00,1.414235949516296387e+00
1.165199756622314453e+00,9.121092557907104492e-01
1.046490073204040527e+00,1.313891649246215820e+00
1.055418372154235840e+00,1.156145811080932617e+00
-1.260397553443908691e+00,-9.854030609130859375e-01
1.020249843597412109e+00,8.331001400947570801e-01
-9.942557215690612793e-01,-8.932772278785705566e-01
1.033508896827697754e+00,7.988967895507812500e-01
-1.126076340675354004e+00,-1.037532329559326172e+00
-1.276988387107849121e+00,-1.257979512214660645e+00
-8.258591890335083008e-01,-9.482941031455993652e-01
-8.620442152023315430e-01,-9.466922879219055176e-01
-1.397270917892456055e+00,-1.188651800155639648e+00
-1.285823106765747070e+00,-1.217854738235473633e+00
-8.867803215980529785e-01,-1.063751935958862305e+00
-9.710702896118164062e-01,-1.224771499633789062e+00
1.010451316833496094e+00,1.031309008598327637e+00
-9.893407821655273438e-01,-1.400372028350830078e+00
-8.162157535552978516e-01,-1.120888710021972656e+00
-6.441358327865600586e-01,-5.674992799758911133e-01
2.171248435974121094e+00,5.684232711791992188e-01
6.890248060226440430e-01,9.024876952171325684e-01
1.354227781295776367e+00,1.231121063232421875e+00
-8.798405528068542480e-01,-1.007412552833557129e+00
8.720220923423767090e-01,1.022928595542907715e+00
1.170962929725646973e+00,7.534710168838500977e-01
1.021476745605468750e+00,8.569834232330322266e-01
1.330842375755310059e+00,8.051925301551818848e-01
-9.523863196372985840e-01,-1.180542230606079102e+00
-1.087370276451110840e+00,-1.192825198173522949e+00
-7.262666821479797363e-01,-1.182978272438049316e+00
9.594767093658447266e-01,8.410412073135375977e-01
-1.029306411743164062e+00,-1.150337815284729004e+00
1.313328266143798828e+00,8.781454563140869141e-01
1.346371650695800781e+00,1.072142958641052246e+00
6.869698166847229004e-01,1.078702688217163086e+00
-1.248059272766113281e+00,-7.460247278213500977e-01
1.087944030761718750e+00,1.406978726387023926e+00
1.542602300643920898e+00,9.202104806900024414e-01
-7.623555660247802734e-01,-1.047977209091186523e+00
9.643136262893676758e-01,8.824120163917541504e-01
-8.063327074050903320e-01,-1.145127654075622559e+00
8.268160820007324219e-01,9.116296172142028809e-01
1.087595582008361816e+00,1.187123179435729980e+00
-9.940778017044067383e-01,-8.332264423370361328e-01
-1.001704692840576172e+00,-9.223029613494873047e-01
8.492904305458068848e-01,1.089767217636108398e+00
1.290825486183166504e+00,9.635507464408874512e-01
8.519086837768554688e-01,9.931998252868652344e-01
-8.223729133605957031e-01,-1.030373692512512207e+00
-8.481385707855224609e-01,-1.015579462051391602e+00
8.786812424659729004e-01,1.024606466293334961e+00
-1.220903038978576660e+00,-1.185822010040283203e+00
7.582506537437438965e-01,1.235489487648010254e+00
1.289368748664855957e+00,6.770673990249633789e-01
-1.090151309967041016e+00,-1.344883084297180176e+00
1.261400580406188965e+00,8.402922153472900391e-01
9.271334409713745117e-01,1.176381587982177734e+00
8.353013396263122559e-01,1.124070167541503906e+00
-1.218395352363586426e+00,-1.148435354232788086e+00
-9.434149861335754395e-01,-1.168101072311401367e+00
9.701750874519348145e-01,1.037598133087158203e+00
-9.756083488464355469e-01,-1.114212751388549805e+00
-9.058908820152282715e-01,-1.340611696243286133e+00
9.080559611320495605e-01,9.145453572273254395e-01
-1.228441834449768066e+00,-8.346798419952392578e-01
6.836455464363098145e-01,8.808909654617309570e-01
3.933334350585937500e-01,5.011422634124755859e-01
8.487119674682617188e-01,1.087813973426818848e+00
1.319920182228088379e+00,8.483020663261413574e-01
7.229525446891784668e-01,1.117732524871826172e+00
7.885378599166870117e-01,1.011948227882385254e+00
1.284165501594543457e+00,7.599024772644042969e-01
-1.143752694129943848e+00,-1.009389400482177734e+00
-8.937990665435791016e-01,-1.213430523872375488e+00
-8.970472216606140137e-01,-1.256393909454345703e+00
9.549217224121093750e-01,1.059858560562133789e+00
-9.085581302642822266e-01,-1.166696786880493164e+00
-8.901955485343933105e-01,-1.176034808158874512e+00
9.612143635749816895e-01,6.700106859207153320e-01
-9.161911010742187500e-01,-1.106629133224487305e+00
9.871221780776977539e-01,7.904613614082336426e-01
-1.030176043510437012e+00,-1.172307491302490234e+00
-6.566854715347290039e-01,-6.494417786598205566e-01
-1.106365442276000977e+00,-7.911517620086669922e-01
9.186151027679443359e-01,8.498102426528930664e-01
-8.735523223876953125e-01,-1.016440749168395996e+00
1.329255700111389160e+00,1.257239460945129395e+00
1.218379855155944824e+00,1.100993275642395020e+00
-1.216244697570800781e+00,-9.607224464416503906e-01
-1.192313671112060547e+00,-1.308280825614929199e+00
8.397754430770874023e-01,1.114154934883117676e+00
-1.061075210571289062e+00,-7.071529030799865723e-01
-9.739672541618347168e-01,-1.295999526977539062e+00
-9.626113772392272949e-01,-1.046675682067871094e+00
7.386050224304199219e-01,1.152894854545593262e+00
8.311679959297180176e-01,9.000962376594543457e-01
9.437144994735717773e-01,1.065438508987426758e+00
-1.148625135421752930e+00,-1.046530246734619141e+00
6.051226258277893066e-01,7.694763541221618652e-01
-7.998606562614440918e-01,-8.905256390571594238e-01
-1.275279760360717773e+00,-9.497131109237670898e-01
1.081966400146484375e+00,1.102667689323425293e+00
1.197372794151306152e+00,8.543424606323242188e-01
9.281527400016784668e-01,7.347687482833862305e-01
8.235292434692382812e-01,8.770934343338012695e-01
-1.260953783988952637e+00,-1.053583979606628418e+00
1.200261950492858887e+00,1.258502364158630371e+00
-6.699102520942687988e-01,-9.176668524742126465e-01
-8.532668948173522949e-01,-8.787716627120971680e-01
-1.499256730079650879e+00,-6.097524762153625488e-01
-1.142576456069946289e+00,-1.331058859825134277e+00
-7.680731415748596191e-01,-1.289392471313476562e+00
1.443158149719238281e+00,1.065064549446105957e+00
-8.238325715065002441e-01,-9.402396678924560547e-01
1.227751851081848145e+00,1.245057702064514160e+00
8.560205698013305664e-01,1.163576364517211914e+00
1.129938960075378418e+00,1.153518557548522949e+00
8.494252562522888184e-01,1.018946766853332520e+00
-9.223992824554443359e-01,-1.236090898513793945e+00
1.127544999122619629e+00,1.110539555549621582e+00
8.133161067962646484e-01,9.610538482666015625e-01
-9.410281181335449219e-01,-1.385764718055725098e+00
-7.162988781929016113e-01,-8.209978938102722168e-01
1.357481598854064941e+00,7.635826468467712402e-01
-1.082315921783447266e+00,-1.044562101364135742e+00
1.305987477302551270e+00,1.379039525985717773e+00
-5.782898068428039551e-01,-4.310045540332794189e-01
8.131051659584045410e-01,1.186619162559509277e+00
7.805804610252380371e-01,1.198204040527343750e+00
-1.133206725120544434e+00,-1.028111577033996582e+00
9.476988315582275391e-01,6.131150722503662109e-01
9.363299608230590820e-01,8.093796372413635254e-01
7.468066215515136719e-01,7.535340785980224609e-01
-1.096489787101745605e+00,-8.398095369338989258e-01
1.050343036651611328e+00,8.814017772674560547e-01
-8.904043436050415039e-01,-7.946226000785827637e-01
9.348798394203186035e-01,1.277279257774353027e+00
7.899856567382812500e-01,1.039516210556030273e+00
9.506070613861083984e-01,1.117721319198608398e+00
-9.647054672241210938e-01,-1.336461901664733887e+00
-7.702075242996215820e-01,-1.106292605400085449e+00
8.977875709533691406e-01,9.547805786132812500e-01
9.921439886093139648e-01,9.197732806205749512e-01
-8.387117385864257812e-01,-6.046484708786010742e-01
-1.032853603363037109e+00,-1.137133359909057617e+00
9.566267728805541992e-01,1.273155331611633301e+00
1.047361969947814941e+00,6.447305679321289062e-01
1.334780573844909668e+00,1.418614864349365234e+00
-9.473133683204650879e-01,-1.188080191612243652e+00
1.190112948417663574e+00,8.272259831428527832e-01
1.155540943145751953e+00,1.068895936012268066e+00
-6.227930784225463867e-01,-1.036260843276977539e+00
-1.322441816329956055e+00,-1.247829914093017578e+00
7.935577630996704102e-01,1.017125606536865234e+00
-8.727080225944519043e-01,-6.754701733589172363e-01
-1.167057633399963379e+00,-8.879494667053222656e-01
-9.185575842857360840e-01,-7.625615000724792480e-01
-7.790387868881225586e-01,-7.981322407722473145e-01
-9.241065979003906250e-01,-1.040437221527099609e+00
-8.591281771659851074e-01,-7.738925814628601074e-01
8.468486070632934570e-01,1.137582302093505859e+00
-1.098069906234741211e+00,-1.201378703117370605e+00
1.037260055541992188e+00,8.894919157028198242e-01
-1.423062801361083984e+00,-1.207179427146911621e+00
-1.039975643157958984e+00,-8.044593930244445801e-01
7.211202979087829590e-01,1.067359924316406250e+00
-1.028392672538757324e+00,-1.093724966049194336e+00
-9.274402856826782227e-01,-8.356326222419738770e-01
-1.060969591140747070e+00,-1.457883238792419434e+00
-1.439422369003295898e+00,-1.252162933349609375e+00
-7.687804102897644043e-01,-1.076903939247131348e+00
-7.489350438117980957e-01,-8.715720772743225098e-01
1.010675549507141113e+00,1.071677923202514648e+00
9.050233960151672363e-01,8.836556673049926758e-01
-1.295493841171264648e+00,-8.600121140480041504e-01
-8.255926370620727539e-01,-1.111349821090698242e+00
-1.193527102470397949e+00,-9.387686252593994141e-01
-8.377223014831542969e-01,-9.473863840103149414e-01
-9.154354333877563477e-01,-1.007231831550598145e+00
-8.921025395393371582e-01,-1.034286022186279297e+00
8.339878916740417480e-01,1.000855207443237305e+00
8.920499682426452637e-01,1.170292139053344727e+00
-8.777700662612915039e-01,-1.190014958381652832e+00
-1.282717466354370117e+00,-1.186992049217224121e+00
-9.453463554382324219e-01,-9.485207796096801758e-01
8.171955347061157227e-01,9.362959265708923340e-01
-8.382925987243652344e-01,-7.460492849349975586e-01
-1.044363260269165039e+00,-1.198923349380493164e+00
7.563878893852233887e-01,1.272047638893127441e+00
-1.177839517593383789e+00,-1.105177044868469238e+00
1.016927838325500488e+00,7.348044514656066895e-01
-8.840367794036865234e-01,-1.058742046356201172e+00
1.216912746429443359e+00,1.203439235687255859e+00
-9.108166098594665527e-01,-9.101467728614807129e-01
1.699479103088378906e+00,9.888686537742614746e-01
-8.106115460395812988e-01,-9.494054317474365234e-01
-7.582867145538330078e-01,-1.005293130874633789e+00
-8.503900766372680664e-01,-1.137899160385131836e+00
1.000419735908508301e+00,1.177256464958190918e+00
9.241521954536437988e-01,1.252059817314147949e+00
-9.111754894256591797e-01,-1.108057022094726562e+00
-1.336020112037658691e+00,-9.112772345542907715e-01
9.186117053031921387e-01,9.571507573127746582e-01
7.983141541481018066e-01,1.167002916336059570e+00
-9.494283795356750488e-01,-9.581109881401062012e-01
-9.449218511581420898e-01,-1.014450192451477051e+00
8.913848996162414551e-01,7.127185463905334473e-01
-9.082614183425903320e-01,-1.088572859764099121e+00
-5.546612739562988281e-01,-1.027449727058410645e+00
-1.096061110496520996e+00,-8.594191074371337891e-01
-8.968377113342285156e-01,-1.146037697792053223e+00
-1.017578721046447754e+00,-1.166417360305786133e+00
-8.486883044242858887e-01,-9.123774170875549316e-01
-1.012751579284667969e+00,-1.369604825973510742e+00
1.017673254013061523e+00,1.487859606742858887e+00
-9.276540875434875488e-01,-8.080704212188720703e-01
-8.231465220451354980e-01,-1.105662703514099121e+00
9.358112215995788574e-01,1.123948454856872559e+00
1.412921905517578125e+00,9.433828592300415039e-01
-1.065841078758239746e+00,-8.439941406250000000e-01
9.709166884422302246e-01,1.048978924751281738e+00
-6.151738166809082031e-01,-9.249315857887268066e-01
-8.932991027832031250e-01,-8.208863735198974609e-01
9.259867668151855469e-01,6.453840136528015137e-01
9.823681116104125977e-01,6.003081202507019043e-01
1.194632768630981445e+00,1.300659298896789551e+00
9.156000614166259766e-01,1.061744689941406250e+00
1.287166118621826172e+00,8.057647347450256348e-01
-1.268726348876953125e+00,-9.778051972389221191e-01
1.217509508132934570e+00,8.335052728652954102e-01
-1.119097709655761719e+00,-9.927026033401489258e-01
-9.002103209495544434e-01,-9.978101253509521484e-01
1.529772996902465820e+00,1.081612467765808105e+00
-8.643219470977783203e-01,-8.972810506820678711e-01
8.719651699066162109e-01,1.049924015998840332e+00
1.102090954780578613e+00,1.066059708595275879e+00
9.276255369186401367e-01,8.583639264106750488e-01
9.035962820053100586e-01,1.232940316200256348e+00
1.326143503189086914e+00,7.531518340110778809e-01
-8.848513960838317871e-01,-1.059212446212768555e+00
1.279663801193237305e+00,6.430395245552062988e-01
-1.034242510795593262e+00,-9.549919366836547852e-01
-1.408341288566589355e+00,-1.009423971176147461e+00
1.095831990242004395e+00,6.081292033195495605e-01
-1.488675832748413086e+00,-1.140994191169738770e+00
1.217479705810546875e+00,1.103438258171081543e+00
-9.338809251785278320e-01,-7.687712311744689941e-01
-1.176069736480712891e+00,-1.243781805038452148e+00
7.384431362152099609e-01,9.753432273864746094e-01
1.164825797080993652e+00,9.288390278816223145e-01
-1.194138288497924805e+00,-1.009677171707153320e+00
-9.283798336982727051e-01,-9.754580855369567871e-01
-8.170757889747619629e-01,-1.003775119781494141e+00
-9.214827418327331543e-01,-1.241148710250854492e+00
-8.823105096817016602e-01,-1.341160058975219727e+00
-4.846308231353759766e-01,-6.761547923088073730e-01
-1.034878253936767578e+00,-1.111575603485107422e+00
-9.018241167068481445e-01,-1.033197402954101562e+00
9.857400655746459961e-01,6.161755919456481934e-01
1.189673662185668945e+00,1.269825339317321777e+00
1.019728899002075195e+00,1.374344706535339355e+00
-1.021213293075561523e+00,-7.658355832099914551e-01
-8.428595662117004395e-01,-1.018768191337585449e+00
-7.453570365905761719e-01,-8.252913951873779297e-01
-8.036589026451110840e-01,-1.286960124969482422e+00
-9.452050328254699707e-01,-8.496987819671630859e-01
-1.414075970649719238e+00,-1.312655329704284668e+00
-1.221549868583679199e+00,-1.366073727607727051e+00
-9.897255897521972656e-01,-8.899493813514709473e-01
1.068977117538452148e+00,1.025142669677734375e+00
-9.760165810585021973e-01,-9.658021926879882812e-01
8.781532645225524902e-01,1.372710943222045898e+00
1.134276151657104492e+00,1.037714958190917969e+00
-8.940365910530090332e-01,-1.168337583541870117e+00
1.119192123413085938e+00,7.316098809242248535e-01
9.126953482627868652e-01,1.170120835304260254e+00
-9.324731826782226562e-01,-1.324653506278991699e+00
-9.952247142791748047e-01,-9.521846175193786621e-01
8.967531919479370117e-01,1.100049495697021484e+00
5.802962779998779297e-01,7.087625861167907715e-01
-8.815580010414123535e-01,-1.368300557136535645e+00
-6.213035583496093750e-01,-1.277094364166259766e+00
-1.104011654853820801e+00,-1.060212492942810059e+00
-1.006889581680297852e+00,-1.304328799247741699e+00
-1.387320876121520996e+00,-9.718474745750427246e-01
-3.585202395915985107e-01,-3.244724869728088379e-01
9.072819352149963379e-01,1.072377681732177734e+00
-1.331327199935913086e+00,-1.304803967475891113e+00
-1.488167881965637207e+00,-9.322015643119812012e-01
1.005838751792907715e+00,1.235744833946228027e+00
1.027733564376831055e+00,1.088652729988098145e+00
-1.395396590232849121e+00,-9.014603495597839355e-01
8.857357501983642578e-01,6.285861134529113770e-01
-7.701366543769836426e-01,-9.612633585929870605e-01
-1.053950905799865723e+00,-8.759595155715942383e-01
-8.947137594223022461e-01,-9.140866398811340332e-01
9.013478755950927734e-01,1.007488489151000977e+00
-9.641101360321044922e-01,-9.513800740242004395e-01
8.734982013702392578e-01,9.153596758842468262e-01
-8.163682818412780762e-01,-1.217341661453247070e+00
8.812044262886047363e-01,9.106161594390869141e-01
-1.049588918685913086e+00,-1.289260029792785645e+00
1.202642202377319336e+00,1.044322490692138672e+00
9.115673303604125977e-01,1.021208167076110840e+00
-8.552567958831787109e-01,-1.017100214958190918e+00
-7.795504331588745117e-01,-1.033776640892028809e+00
-1.175559282302856445e+00,-7.330384850502014160e-01
-8.928418159484863281e-01,-9.037503600120544434e-01
-6.226203441619873047e-01,-1.082635879516601562e+00
-1.056789398193359375e+00,-1.322558641433715820e+00
-1.302604436874389648e+00,-1.399563789367675781e+00
7.605288624763488770e-01,9.503935575485229492e-01
9.589472413063049316e-01,1.271207690238952637e+00
1.437807321548461914e+00,7.057198286056518555e-01
1.362978816032409668e+00,1.898620605468750000e+00
-9.677587747573852539e-01,-9.125761389732360840e-01
-1.281066060066223145e+00,-1.272741198539733887e+00
-9.066123366355895996e-01,-7.249298691749572754e-01
7.945405840873718262e-01,1.100594401359558105e+00
-1.200152516365051270e+00,-1.004141092300415039e+00
8.173354268074035645e-01,1.238943099975585938e+00
-8.224170207977294922e-01,-1.032523393630981445e+00
1.077746629714965820e+00,1.050075769424438477e+00
7.108982801437377930e-01,1.054988026618957520e+00
-1.006512880325317383e+00,-1.137503266334533691e+00
-9.032105207443237305e-01,-1.169501900672912598e+00
8.464436531066894531e-01,6.719006896018981934e-01
8.319192528724670410e-01,5.866981148719787598e-01
-1.290490865707397461e+00,-1.140373587608337402e+00
-7.565982341766357422e-01,-6.178508996963500977e-01
1.048178911209106445e+00,1.387761712074279785e+00
8.948734998703002930e-01,9.256538748741149902e-01
-9.025626182556152344e-01,-1.272229671478271484e+00
-8.719278573989868164e-01,-8.879143595695495605e-01
-8.214241862297058105e-01,-6.337700486183166504e-01
-1.067969202995300293e+00,-9.134267568588256836e-01
-9.777263998985290527e-01,-1.259473800659179688e+00
-1.681225746870040894e-01,-2.140000313520431519e-01
9.475677013397216797e-01,6.718320250511169434e-01
-8.042916655540466309e-01,-9.483315348625183105e-01
-1.415111422538757324e+00,-1.423139929771423340e+00
-6.912879347801208496e-01,-6.020415425300598145e-01
1.097776412963867188e+00,1.003961086273193359e+00
-6.282520890235900879e-01,-1.028924107551574707e+00
-8.859001994132995605e-01,-1.143389344215393066e+00
7.959249615669250488e-01,6.194912195205688477e-01
8.129919171333312988e-01,1.147298455238342285e+00
1.009698390960693359e+00,8.426034450531005859e-01
-4.438422918319702148e-01,-7.814167141914367676e-01
-9.574777483940124512e-01,-1.242495059967041016e+00
-8.703855872154235840e-01,-9.865217804908752441e-01
9.945511817932128906e-01,9.227690100669860840e-01
-8.058438897132873535e-01,-5.937085747718811035e-01
-7.719505429267883301e-01,-6.711732745170593262e-01
-1.475624799728393555e+00,-1.065228343009948730e+00
-1.067063808441162109e+00,-7.788748741149902344e-01
-8.849776387214660645e-01,-1.159700989723205566e+00
1.041813731193542480e+00,8.910826444625854492e-01
1.370632410049438477e+00,8.453702330589294434e-01
-6.224186420440673828e-01,-7.522968649864196777e-01
-1.282390236854553223e+00,-1.036130428314208984e+00
-1.238976120948791504e+00,-9.747374653816223145e-01
-1.483163595199584961e+00,-1.177613377571105957e+00
8.233158588409423828e-01,1.111882567405700684e+00
-1.232634067535400391e+00,-6.297509670257568359e-01
1.004466414451599121e+00,1.139920949935913086e+00
-1.069748282432556152e+00,-1.657678723335266113e+00
-1.134752035140991211e+00,-1.160552263259887695e+00
-5.852478742599487305e-01,-8.856905102729797363e-01
-1.143238306045532227e+00,-1.314857125282287598e+00
-1.074415564537048340e+00,-9.514403939247131348e-01
9.761177897453308105e-01,1.033531069755554199e+00
-8.072340488433837891e-01,-8.523682951927185059e-01
9.864603281021118164e-01,1.031316280364990234e+00
1.284720659255981445e+00,9.504486918449401855e-01
7.300886511802673340e-01,8.434710502624511719e-01
-1.257155060768127441e+00,-8.811266422271728516e-01
1.283062696456909180e+00,1.010933637619018555e+00
1.151017785072326660e+00,8.453493118286132812e-01
-7.905659675598144531e-01,-7.627645134925842285e-01
1.054373264312744141e+00,6.158456206321716309e-01
1.173050761222839355e+00,1.131465792655944824e+00
8.351274728775024414e-01,6.835991740226745605e-01
7.481622099876403809e-01,1.152322053909301758e+00
8.663155436515808105e-01,8.054510354995727539e-01
-9.226288795471191406e-01,-1.262938022613525391e+00
8.358985185623168945e-01,8.944603800773620605e-01
-8.114255070686340332e-01,-6.973560452461242676e-01
7.890745401382446289e-01,1.278219342231750488e+00
-6.202740073204040527e-01,-1.295050740242004395e+00
-1.023258924484252930e+00,-1.406867027282714844e+00
7.815867066383361816e-01,9.642878770828247070e-01
9.558976888656616211e-01,1.026727437973022461e+00
-9.688501358032226562e-01,-7.165867686271667480e-01
-1.361827373504638672e+00,-8.021122217178344727e-01
9.537063837051391602e-01,1.208607554435729980e+00
-1.105605959892272949e+00,-6.304113864898681641e-01
-5.777278542518615723e-01,-5.007970333099365234e-01
-1.177188038825988770e+00,-1.247155308723449707e+00
1.312171220779418945e+00,1.225348591804504395e+00
1.045746564865112305e+00,1.291937351226806641e+00
9.955310225486755371e-01,1.152186036109924316e+00
-8.570948839187622070e-01,-8.373386263847351074e-01
8.965287804603576660e-01,1.008956432342529297e+00
-9.802826046943664551e-01,-8.357605338096618652e-01
-1.120884418487548828e+00,-1.081383466720581055e+00
-7.118212580680847168e-01,-1.360562682151794434e+00
-7.263866662979125977e-01,-6.676297187805175781e-01
-1.097089648246765137e+00,-9.272443056106567383e-01
8.604108095169067383e-01,1.054754853248596191e+00
1.055846095085144043e+00,7.772769927978515625e-01
1.385897040367126465e+00,9.461241960525512695e-01
-1.105340242385864258e+00,-1.079046010971069336e+00
1.058091759681701660e+00,1.342451214790344238e+00
-9.843592643737792969e-01,-1.302746057510375977e+00
1.076768279075622559e+00,7.747329473495483398e-01
7.991858124732971191e-01,9.881911277770996094e-01
9.687705636024475098e-01,1.126103639602661133e+00
-1.253322601318359375e+00,-8.817338943481445312e-01
-7.850387692451477051e-01,-1.176912546157836914e+00
-1.167067289352416992e+00,-9.972006082534790039e-01
-5.786321163177490234e-01,-6.620319485664367676e-01
1.195464253425598145e+00,7.829892635345458984e-01
8.430505990982055664e-01,8.276913166046142578e-01
-8.224767446517944336e-01,-1.173954606056213379e+00
1.141859769821166992e+00,6.737045049667358398e-01
1.045017957687377930e+00,1.321638464927673340e+00
-1.137767910957336426e+00,-8.966701030731201172e-01
9.568885564804077148e-01,1.198617935180664062e+00
-7.780087590217590332e-01,-9.239981174468994141e-01
7.771375775337219238e-01,1.769300937652587891e+00
-9.269840717315673828e-01,-1.472969770431518555e+00
1.023046016693115234e+00,9.990227222442626953e-01
-7.669724225997924805e-01,-1.572542428970336914e+00
9.782511591911315918e-01,1.142315387725830078e+00
-7.536638975143432617e-01,-1.050115823745727539e+00
-1.165666341781616211e+00,-1.484403252601623535e+00
-1.246028184890747070e+00,-1.055830359458923340e+00
8.222978115081787109e-01,1.116904020309448242e+00
-8.804283738136291504e-01,-8.935269117355346680e-01
-1.044789910316467285e+00,-1.116764187812805176e+00
9.829317927360534668e-01,1.027896165847778320e+00
-8.525608777999877930e-01,-9.393283128738403320e-01
1.158374667167663574e+00,1.021558642387390137e+00
-1.070277929306030273e+00,-1.217439889907836914e+00
9.235298633575439453e-01,7.972008585929870605e-01
-1.326697111129760742e+00,-9.871389269828796387e-01
1.130018472671508789e+00,1.134509325027465820e+00
8.236799836158752441e-01,7.604252099990844727e-01
8.334147334098815918e-01,1.263007879257202148e+00
-9.068015217781066895e-01,-7.950622439384460449e-01
9.323749542236328125e-01,1.058472990989685059e+00
8.957816958427429199e-01,1.295951843261718750e+00
1.230408430099487305e+00,1.052474617958068848e+00
7.434039711952209473e-01,7.821125388145446777e-01
-1.289645791053771973e+00,-1.203631997108459473e+00
-1.153516769409179688e+00,-1.111923813819885254e+00
-1.162462830543518066e+00,-9.332506656646728516e-01
-1.092616200447082520e+00,-1.268916487693786621e+00
9.147281050682067871e-01,1.080449819564819336e+00
-8.152335286140441895e-01,-1.001505255699157715e+00
8.211761116981506348e-01,1.044762611389160156e+00
9.254973530769348145e-01,6.532058119773864746e-01
-7.962023615837097168e-01,-1.151174068450927734e+00
-8.683553338050842285e-01,-9.989163875579833984e-01
8.854802250862121582e-01,1.134705662727355957e+00
-8.703578710556030273e-01,-6.774622201919555664e-01
-9.737216830253601074e-01,-9.110822081565856934e-01
1.073702335357666016e+00,1.358163237571716309e+00
1.112113833427429199e+00,7.648888826370239258e-01
-6.303671598434448242e-01,-9.869297146797180176e-01
9.360491633415222168e-01,1.124114155769348145e+00
1.158026337623596191e+00,9.942463040351867676e-01
-9.027377367019653320e-01,-1.006891131401062012e+00
9.834555983543395996e-01,6.659774184226989746e-01
9.350868463516235352e-01,1.070309877395629883e+00
-1.016035795211791992e+00,-8.916398882865905762e-01
-1.064964890480041504e+00,-9.847406744956970215e-01
-9.797042608261108398e-01,-1.245754361152648926e+00
-8.803637027740478516e-01,-8.018597960472106934e-01
1.017172813415527344e+00,1.142801761627197266e+00
1.156690239906311035e+00,8.025451302528381348e-01
1.130470275878906250e+00,1.229729294776916504e+00
8.746566772460937500e-01,9.646532535552978516e-01
-1.152104735374450684e+00,-1.410000562667846680e+00
-1.004534125328063965e+00,-1.119500160217285156e+00
1.026110291481018066e+00,1.135761141777038574e+00
-9.046608209609985352e-01,-1.192838788032531738e+00
1.106807231903076172e+00,8.895636200904846191e-01
1.243055343627929688e+00,7.937766313552856445e-01
-4.375849664211273193e-01,-7.817556262016296387e-01
9.350343346595764160e-01,1.167344331741333008e+00
-1.210631728172302246e+00,-1.241043925285339355e+00
1.489333868026733398e+00,5.986522436141967773e-01
9.004782438278198242e-01,1.002724409103393555e+00
