-2.030653715133666992e+00,-1.214047908782958984e+00,1.699924230575561523e+00,5.434508919715881348e-01,8.024612665176391602e-01
-2.520222187042236328e+00,-1.207253336906433105e+00,2.761704921722412109e+00,-5.844730138778686523e-01,-2.310554027557373047e+00
-2.262054920196533203e+00,-1.210060596466064453e+00,-1.286356925964355469e+00,1.394153921864926815e-03,-2.643570899963378906e+00
-2.990836620330810547e+00,-2.331000804901123047e+00,-1.620873570442199707e+00,1.804963350296020508e+00,-2.168879270553588867e+00
-9.807105660438537598e-01,-1.143841862678527832e+00,2.428411006927490234e+00,-4.681919217109680176e-01,7.046062946319580078e-01
-2.832023799419403076e-02,-1.204450488090515137e+00,-2.747755050659179688e+00,-2.016986012458801270e-01,-1.389584541320800781e+00
-9.413046836853027344e-01,-1.212631821632385254e+00,-1.651991009712219238e+00,-1.239231601357460022e-01,-1.084655165672302246e+00
-2.106913566589355469e+00,-1.202854275703430176e+00,-2.217065572738647461e+00,-1.645525917410850525e-03,-1.706941485404968262e+00
-3.929795622825622559e-01,-1.213377714157104492e+00,2.089595794677734375e+00,2.498447299003601074e-01,-1.318485736846923828e+00
-2.405821561813354492e+00,-1.206934690475463867e+00,8.360276222229003906e-01,-1.527982950210571289e-01,1.491493821144104004e+00
-2.456505298614501953e+00,-1.618291974067687988e+00,-1.023860216140747070e+00,8.993260264396667480e-01,-2.475353240966796875e+00
-2.765153646469116211e+00,-9.367197751998901367e-01,-7.195906043052673340e-01,-1.337770104408264160e+00,-6.952840089797973633e-01
-1.621148228645324707e+00,3.577231243252754211e-02,2.371561765670776367e+00,2.273371934890747070e+00,1.960147142410278320e+00
-1.571604609489440918e+00,-1.429604053497314453e+00,-2.519462108612060547e+00,1.205874204635620117e+00,-2.881663560867309570e+00
-2.133140325546264648e+00,-3.485169708728790283e-01,2.318245887756347656e+00,2.873286247253417969e+00,2.877851247787475586e+00
-2.178045034408569336e+00,-1.215214967727661133e+00,-1.209972381591796875e+00,1.068846583366394043e-01,6.071859002113342285e-01
-2.248978137969970703e+00,-1.247700572013854980e+00,1.280609250068664551e+00,-5.091347098350524902e-01,-1.482928514480590820e+00
-2.666466712951660156e+00,-1.209883928298950195e+00,1.806776642799377441e+00,6.330201774835586548e-02,1.304556369781494141e+00
-2.349879503250122070e+00,-1.212210536003112793e+00,-1.043224930763244629e+00,-6.966999173164367676e-02,-2.119162082672119141e+00
-2.350616693496704102e+00,-1.295456290245056152e+00,1.079890847206115723e+00,-3.230362236499786377e-01,-2.604909896850585938e+00
-2.605816364288330078e+00,-1.277814745903015137e+00,8.285552263259887695e-01,1.059934735298156738e+00,-1.315162301063537598e+00
-1.151127338409423828e+00,-7.277349233627319336e-01,-2.106589078903198242e+00,-1.841155409812927246e+00,2.198133230209350586e+00
-2.573256731033325195e+00,-2.329842567443847656e+00,1.020710587501525879e+00,-1.707655429840087891e+00,-1.834513664245605469e+00
-1.474522948265075684e+00,-1.153202533721923828e+00,-1.931377410888671875e+00,-4.402663707733154297e-01,2.206760406494140625e+00
-2.204632282257080078e+00,-1.059214234352111816e+00,1.571899771690368652e+00,-8.257219791412353516e-01,1.763544082641601562e+00
-9.630039334297180176e-01,-1.210922122001647949e+00,-2.033708810806274414e+00,-1.120305433869361877e-01,3.472914695739746094e-01
-1.267122268676757812e+00,-1.234817504882812500e+00,1.648826599121093750e+00,5.203130841255187988e-01,1.348235964775085449e+00
-2.721832990646362305e+00,-1.136262536048889160e+00,1.694266557693481445e+00,-8.973466753959655762e-01,-1.585447430610656738e+00
-2.010690689086914062e+00,-1.310561060905456543e+00,-2.398111581802368164e+00,1.870646834373474121e+00,1.960512876510620117e+00
-1.506132364273071289e+00,-1.202318310737609863e+00,-1.655336499214172363e+00,4.661165177822113037e-02,7.008920311927795410e-01
-1.930536746978759766e+00,-1.252958178520202637e+00,-1.620746254920959473e+00,5.167617201805114746e-01,-1.384355068206787109e+00
-1.918543338775634766e+00,-1.205777287483215332e+00,1.171154260635375977e+00,-4.252098500728607178e-03,1.195309162139892578e+00
-1.366532683372497559e+00,-8.740396499633789062e-01,2.765272855758666992e+00,-7.869391441345214844e-01,2.097769498825073242e+00
-2.103205204010009766e+00,-1.197051167488098145e+00,-1.171063542366027832e+00,-6.297844648361206055e-02,-4.407663941383361816e-01
-2.479931831359863281e+00,-3.451202511787414551e-01,-1.187622189521789551e+00,1.223115921020507812e+00,1.915173530578613281e+00
-1.617229461669921875e+00,-1.205054044723510742e+00,-1.807644724845886230e+00,4.843207076191902161e-02,1.615874886512756348e+00
-1.714467048645019531e+00,-1.248337984085083008e+00,1.917775750160217285e+00,-3.225270807743072510e-01,1.750777244567871094e+00
-1.497304916381835938e+00,-1.207440257072448730e+00,-1.762364268302917480e+00,-9.281612187623977661e-02,2.348773479461669922e-01
-1.213535308837890625e+00,-1.045853853225708008e+00,-2.721495151519775391e+00,1.432983160018920898e+00,-5.461823344230651855e-01
-2.870038747787475586e+00,-9.964974522590637207e-01,-9.487457871437072754e-01,-1.078980803489685059e+00,-1.860940814018249512e+00
-1.426159262657165527e+00,-1.039620518684387207e+00,2.576408147811889648e+00,1.071572661399841309e+00,2.721832990646362305e+00
-2.357784986495971680e+00,-1.157354235649108887e+00,8.661443591117858887e-01,-2.821815609931945801e-01,-1.886260211467742920e-01
-8.561096787452697754e-01,-1.491833448410034180e+00,-2.906200408935546875e+00,1.857989311218261719e+00,-1.754194259643554688e+00
-2.803520441055297852e+00,-1.109913706779479980e+00,5.660881400108337402e-01,-4.038839936256408691e-01,2.201225996017456055e+00
-2.497248172760009766e+00,-1.007668018341064453e+00,-1.293644070625305176e+00,-2.233407974243164062e+00,9.721885919570922852e-01
-2.380295991897583008e+00,-1.384265780448913574e+00,-2.807577848434448242e+00,-6.774942278861999512e-01,1.048545315861701965e-01
-1.549413561820983887e+00,-1.376394152641296387e+00,1.816825866699218750e+00,-5.321869254112243652e-01,-2.038405418395996094e+00
-2.989961385726928711e+00,-8.958495855331420898e-01,1.213689565658569336e+00,8.066767454147338867e-01,-1.300415158271789551e+00
-2.675047636032104492e+00,-1.657439231872558594e+00,1.183721661567687988e+00,2.243148326873779297e+00,-8.608053326606750488e-01
-2.765859603881835938e+00,-1.168938040733337402e+00,-1.279939651489257812e+00,1.275984764099121094e+00,-1.404499292373657227e+00
-7.772635221481323242e-01,-1.301935434341430664e+00,-2.786691904067993164e+00,1.240509867668151855e+00,-1.763373017311096191e+00
-1.328789949417114258e+00,1.459265947341918945e-01,-2.720382928848266602e+00,-1.472347378730773926e+00,-5.354805588722229004e-01
3.273571491241455078e+00,-1.524520158767700195e+00,-2.805555820465087891e+00,-7.814697623252868652e-01,-2.262061834335327148e+00
1.003867506980895996e+00,-1.037171244621276855e+00,-2.802731752395629883e+00,-3.557801246643066406e-01,-1.319694757461547852e+00
2.597793102264404297e+00,-6.556680202484130859e-01,-2.968373537063598633e+00,2.844813585281372070e+00,2.882539331912994385e-01
2.609301805496215820e+00,-2.392454862594604492e+00,3.824083089828491211e+00,-4.594623446464538574e-01,3.171169757843017578e-01
2.000648975372314453e+00,-1.161966443061828613e+00,3.265610694885253906e+00,1.255298614501953125e+00,-4.389016032218933105e-01
-8.609196543693542480e-02,8.526564240455627441e-01,2.432710647583007812e+00,-1.747901439666748047e+00,-8.722748756408691406e-01
9.088417887687683105e-01,-3.277405977249145508e+00,-2.869767904281616211e+00,4.034054279327392578e-01,1.846531748771667480e+00
2.213960409164428711e+00,-2.166080236434936523e+00,2.481185197830200195e+00,1.427477002143859863e-01,-2.255170583724975586e+00
2.053017854690551758e+00,-2.359574317932128906e+00,3.318045377731323242e+00,4.892912507057189941e-01,3.515834093093872070e+00
1.811309218406677246e+00,6.644470691680908203e-01,2.888574600219726562e+00,-6.833389401435852051e-01,-1.192736864089965820e+00
2.091435194015502930e+00,-2.366478919982910156e+00,-2.415601491928100586e+00,-9.411799907684326172e-01,-6.710515618324279785e-01
3.026622295379638672e+00,2.149708509445190430e+00,2.039085149765014648e+00,8.935387134552001953e-01,-1.287522077560424805e+00
4.970490932464599609e-03,2.107805490493774414e+00,-3.135458230972290039e+00,-1.199245452880859375e+00,-1.621685624122619629e+00
2.135215759277343750e+00,7.474918365478515625e-01,3.016576290130615234e+00,8.596737980842590332e-01,1.694075107574462891e+00
6.223409175872802734e-01,-1.393018603324890137e+00,3.150756120681762695e+00,-7.413185834884643555e-01,-2.496973037719726562e+00
1.801384449005126953e+00,1.696383714675903320e+00,-2.830017089843750000e+00,2.176723718643188477e+00,-3.760154843330383301e-01
-8.506614565849304199e-01,-1.783227443695068359e+00,-2.982568502426147461e+00,2.834785580635070801e-01,-1.229082345962524414e+00
1.752389907836914062e+00,-2.141964673995971680e+00,-2.295402288436889648e+00,1.243113160133361816e+00,-4.809119999408721924e-01
2.344405651092529297e+00,-1.156678199768066406e+00,-2.687712669372558594e+00,7.651867866516113281e-01,6.997002959251403809e-01
6.610009074211120605e-02,-1.624524354934692383e+00,-1.782401800155639648e+00,-3.800377845764160156e-01,3.336034297943115234e+00
3.477699041366577148e+00,-8.869500160217285156e-01,-2.440323114395141602e+00,-2.885492444038391113e-01,-1.145029544830322266e+00
1.932467699050903320e+00,7.877565622329711914e-01,-3.234479665756225586e+00,2.724254876375198364e-02,7.427876591682434082e-01
2.276392221450805664e+00,-3.122704505920410156e+00,-3.961880683898925781e+00,9.687306880950927734e-01,-2.044342756271362305e-01
3.155892848968505859e+00,4.396553039550781250e-01,-1.935744762420654297e+00,2.322053760290145874e-01,1.410585284233093262e+00
-9.375728964805603027e-01,-1.784078836441040039e+00,3.799705982208251953e+00,2.589594721794128418e-01,-9.088653326034545898e-01
3.023016452789306641e-02,-1.220885276794433594e+00,-2.877079486846923828e+00,-1.521519541740417480e+00,4.962234497070312500e-01
1.610869050025939941e+00,-3.274129867553710938e+00,-3.134780645370483398e+00,-1.251168251037597656e+00,-2.993838191032409668e-01
9.609568119049072266e-01,-1.632066249847412109e+00,3.322448015213012695e+00,5.339959263801574707e-01,-8.334404230117797852e-02
1.573521137237548828e+00,-1.852939128875732422e+00,2.400015354156494141e+00,-6.450698375701904297e-01,-1.093191146850585938e+00
3.096528947353363037e-01,-1.577699661254882812e+00,3.649055004119873047e+00,-1.644159555435180664e-01,-1.707990527153015137e+00
1.784954547882080078e+00,-1.492177248001098633e+00,-2.615463495254516602e+00,-8.575913310050964355e-02,1.499366015195846558e-01
3.774147510528564453e+00,2.560066282749176025e-01,-2.924037456512451172e+00,9.812389612197875977e-01,-1.072787165641784668e+00
8.045458793640136719e-01,-1.741153955459594727e+00,-3.206222057342529297e+00,1.390875101089477539e+00,-2.918172478675842285e-01
-1.280877113342285156e+00,2.802949428558349609e+00,-3.076452732086181641e+00,1.314105749130249023e+00,-2.050698280334472656e+00
1.249662518501281738e+00,-6.833254098892211914e-01,-2.743655204772949219e+00,1.181925415992736816e+00,-1.720062613487243652e+00
-3.109026253223419189e-01,-1.631575942039489746e+00,-2.307728528976440430e+00,-8.910964131355285645e-01,-1.464702606201171875e+00
2.947933435440063477e+00,8.890578746795654297e-01,-2.986933231353759766e+00,2.827031612396240234e+00,-8.000268936157226562e-01
1.659688472747802734e+00,-1.399699002504348755e-01,2.311421394348144531e+00,1.590960144996643066e+00,-2.400091171264648438e+00
2.329253911972045898e+00,3.642534613609313965e-01,-2.347724437713623047e+00,1.657403588294982910e+00,-1.378047823905944824e+00
2.098209857940673828e+00,3.663682043552398682e-01,-2.744882345199584961e+00,1.514153599739074707e+00,-2.981216907501220703e-01
-2.397205531597137451e-01,8.495626449584960938e-01,2.851722717285156250e+00,2.256935119628906250e+00,-2.413289785385131836e+00
-1.105806380510330200e-01,-2.242826461791992188e+00,2.147776126861572266e+00,-2.774340100586414337e-04,1.687906026840209961e+00
1.682382702827453613e+00,5.955573916435241699e-01,2.332629680633544922e+00,2.377482175827026367e+00,-2.883052825927734375e+00
-8.149409294128417969e-01,-1.561365485191345215e+00,-2.734359264373779297e+00,9.158052802085876465e-01,8.094310760498046875e-01
-4.377375245094299316e-01,-1.773945450782775879e+00,-2.179831266403198242e+00,3.841305077075958252e-01,-1.291079282760620117e+00
1.185776591300964355e+00,-2.113376855850219727e+00,2.584602117538452148e+00,-9.246359113603830338e-04,1.560688138008117676e+00
-5.917346477508544922e-01,-1.884004354476928711e+00,2.104953527450561523e+00,5.336320996284484863e-01,-2.502023220062255859e+00
2.419178247451782227e+00,-2.242037296295166016e+00,-2.582685708999633789e+00,5.204141139984130859e-03,2.313245296478271484e+00
-9.699329137802124023e-01,-1.511949062347412109e+00,-1.388291716575622559e+00,-9.652989357709884644e-02,1.558187246322631836e+00
-1.175690770149230957e+00,-1.509327411651611328e+00,1.876534223556518555e+00,1.987509801983833313e-02,8.296083807945251465e-01
-7.678028345108032227e-01,-1.519029736518859863e+00,5.180286988615989685e-02,-5.289032310247421265e-02,-1.994297027587890625e+00
-7.698043584823608398e-01,-1.510986685752868652e+00,1.507040858268737793e-01,-4.630925133824348450e-02,1.734110593795776367e+00
2.060831040143966675e-01,-1.517521023750305176e+00,2.272084951400756836e+00,2.465356290340423584e-01,-2.031608104705810547e+00
-7.813728451728820801e-01,-1.499199509620666504e+00,-2.276781499385833740e-01,-1.918033957481384277e-01,3.738966584205627441e-01
-7.750800251960754395e-01,-1.506001472473144531e+00,8.239718526601791382e-02,1.004465669393539429e-01,-1.457549095153808594e+00
-7.721341848373413086e-01,-1.513368606567382812e+00,-1.697683930397033691e-01,1.539518833160400391e-01,6.825882196426391602e-02
-6.574451923370361328e-02,-1.517215609550476074e+00,-2.080330371856689453e+00,1.819582879543304443e-01,-1.348572969436645508e+00
-7.336806654930114746e-01,-1.519170045852661133e+00,-3.149402439594268799e-01,3.247410058975219727e-01,-1.092906594276428223e+00
-4.932191669940948486e-01,-1.385120272636413574e+00,-8.025858998298645020e-01,-6.436391472816467285e-01,2.123183012008666992e+00
-4.452186524868011475e-01,-1.515348434448242188e+00,-8.052263259887695312e-01,2.028644829988479614e-02,8.875274062156677246e-01
-7.474216818809509277e-01,-1.303813576698303223e+00,2.546991407871246338e-01,-9.880378246307373047e-01,1.839677214622497559e+00
-5.667173266410827637e-01,-1.515744447708129883e+00,-2.032506227493286133e+00,-1.638861000537872314e-01,8.543571829795837402e-01
-7.728202939033508301e-01,-1.518952608108520508e+00,1.067327484488487244e-01,-1.374001801013946533e-01,-2.776765823364257812e+00
-7.722485661506652832e-01,-1.518889546394348145e+00,6.940648704767227173e-02,-3.959652036428451538e-02,-1.157820820808410645e+00
-7.905539870262145996e-01,-1.506623506546020508e+00,1.216131150722503662e-01,5.705657601356506348e-02,6.636275649070739746e-01
-7.959819585084915161e-02,-1.516293406486511230e+00,-1.887635588645935059e+00,4.743690192699432373e-01,9.953500628471374512e-01
-9.700906276702880859e-01,-1.508747816085815430e+00,-4.768621921539306641e-01,-3.283848464488983154e-01,-3.757481873035430908e-01
-7.699619531631469727e-01,-1.513986229896545410e+00,4.809580370783805847e-02,3.498109579086303711e-01,-2.009327173233032227e+00
-8.353601694107055664e-01,-1.642872452735900879e+00,-5.549106597900390625e-01,-1.081687569618225098e+00,2.379010677337646484e+00
-8.173995018005371094e-01,-1.480388641357421875e+00,-1.169154644012451172e+00,-7.023007869720458984e-01,-2.320557832717895508e+00
-7.778670191764831543e-01,-1.515605211257934570e+00,-1.493823248893022537e-02,1.624647080898284912e-01,2.595484256744384766e+00
-6.237051486968994141e-01,-1.510973930358886719e+00,6.426861286163330078e-01,-1.885903477668762207e-01,1.851214051246643066e+00
-7.777851223945617676e-01,-1.518039107322692871e+00,-1.993047073483467102e-02,8.444841206073760986e-02,-2.455034494400024414e+00
-7.716462016105651855e-01,-1.518409967422485352e+00,-2.724194154143333435e-02,9.925385937094688416e-03,1.076603651046752930e+00
-7.036413550376892090e-01,-1.350401639938354492e+00,-8.057374358177185059e-01,-1.544464468955993652e+00,1.195229887962341309e+00
-6.969055533409118652e-01,-1.510303497314453125e+00,-6.331676840782165527e-01,1.751977801322937012e-01,-1.569119930267333984e+00
-7.683134675025939941e-01,-1.512037515640258789e+00,-1.240073889493942261e-02,-6.274951994419097900e-02,1.094705581665039062e+00
-7.814650535583496094e-01,-1.512171387672424316e+00,-7.892751693725585938e-02,-2.025684118270874023e-01,1.870817542076110840e-01
-1.056305527687072754e+00,-1.511069536209106445e+00,-4.451540708541870117e-01,1.358771324157714844e-02,-2.621203958988189697e-01
-7.677050828933715820e-01,-1.513270854949951172e+00,9.634191542863845825e-02,-7.306160405278205872e-04,-1.914485692977905273e-01
-9.273746013641357422e-01,-1.509842038154602051e+00,-8.263853192329406738e-01,-2.074711918830871582e-01,-1.651526093482971191e+00
-1.298901557922363281e+00,-1.567551851272583008e+00,-2.978362321853637695e+00,-5.601373314857482910e-01,-2.342653989791870117e+00
-7.672725915908813477e-01,-1.522247552871704102e+00,1.162760481238365173e-01,-1.850205361843109131e-01,2.036868333816528320e+00
-1.284000635147094727e+00,-1.510729551315307617e+00,-2.744134902954101562e+00,3.751700520515441895e-01,9.019708633422851562e-02
-5.263680815696716309e-01,-1.511874079704284668e+00,-6.582733392715454102e-01,-1.145806685090065002e-01,1.517204523086547852e+00
-6.488512754440307617e-01,-1.649746537208557129e+00,1.165884375572204590e+00,1.147621989250183105e+00,1.739529252052307129e+00
-1.637892007827758789e+00,-1.504914879798889160e+00,-1.385445833206176758e+00,3.060695156455039978e-02,5.556834340095520020e-01
-1.108614683151245117e+00,-1.476244449615478516e+00,1.854330062866210938e+00,1.368385314941406250e+00,-1.469012260437011719e+00
-7.117499709129333496e-01,-1.127678275108337402e+00,-7.047089934349060059e-01,2.460642814636230469e+00,2.816701412200927734e+00
-6.615243554115295410e-01,-1.509903073310852051e+00,5.640887022018432617e-01,3.472726643085479736e-01,9.500981569290161133e-01
-5.514054298400878906e-01,-1.511098742485046387e+00,-7.172020077705383301e-01,-4.878214001655578613e-02,1.181285262107849121e+00
-5.096152424812316895e-01,-1.614034295082092285e+00,7.630207538604736328e-01,-4.240315258502960205e-01,-2.382903814315795898e+00
-7.747709155082702637e-01,-2.022176027297973633e+00,1.880599975585937500e+00,2.671495914459228516e+00,1.155453801155090332e+00
-8.003259897232055664e-01,-1.618374824523925781e+00,1.339015364646911621e+00,-8.364568948745727539e-01,2.259686708450317383e+00
-7.099766731262207031e-01,-1.586780548095703125e+00,-8.773097991943359375e-01,-4.666846692562103271e-01,3.428935110569000244e-01
-1.549077749252319336e+00,-1.555760502815246582e+00,1.890969514846801758e+00,-3.004758954048156738e-01,-7.090790271759033203e-01
-9.857071042060852051e-01,-1.574096679687500000e+00,-1.053959727287292480e+00,-1.197808742523193359e+00,7.768561840057373047e-01
-1.043940782546997070e+00,-1.663025975227355957e+00,-1.011384606361389160e+00,-1.449445247650146484e+00,1.851869344711303711e+00
2.867219209671020508e+00,-1.625178098678588867e+00,-1.908698081970214844e+00,-2.477207481861114502e-01,-1.146718740463256836e+00
1.860128045082092285e+00,-9.604330360889434814e-02,-2.407907724380493164e+00,1.343898415565490723e+00,-1.686243772506713867e+00
2.572515964508056641e+00,-1.700918078422546387e+00,2.643751382827758789e+00,-5.776718631386756897e-02,2.428997278213500977e+00
2.336833953857421875e+00,-1.701676845550537109e+00,-2.919115781784057617e+00,1.282999366521835327e-01,1.137663960456848145e+00
1.827535986900329590e+00,-1.689322710037231445e+00,2.191133737564086914e+00,5.994443222880363464e-02,7.468940615653991699e-01
6.540393829345703125e-01,-1.699944257736206055e+00,-2.750885963439941406e+00,2.308637797832489014e-01,1.521584272384643555e+00
1.867632627487182617e+00,-1.582112312316894531e+00,2.516431093215942383e+00,-4.925412535667419434e-01,-4.492376446723937988e-01
1.511654376983642578e+00,-2.450416803359985352e+00,-1.933473944664001465e+00,-9.245017766952514648e-01,6.873714923858642578e-01
1.235805273056030273e+00,-1.579837441444396973e+00,-1.937387108802795410e+00,-6.842695474624633789e-01,-8.024533987045288086e-01
1.824058890342712402e+00,-1.645264148712158203e+00,2.301724195480346680e+00,-2.596318721771240234e-01,-1.659985899925231934e+00
1.838781237602233887e+00,-1.701411247253417969e+00,-1.948480963706970215e+00,1.686972379684448242e-01,5.597227066755294800e-02
1.063935399055480957e+00,-1.685922145843505859e+00,-2.764745712280273438e+00,1.766288876533508301e-01,2.197005271911621094e+00
2.160832881927490234e+00,-1.958458423614501953e+00,2.682109117507934570e+00,-8.668631911277770996e-01,2.471274375915527344e+00
-3.844524025917053223e-01,-2.900419712066650391e+00,-2.910693168640136719e+00,1.137560367584228516e+00,2.101192235946655273e+00
1.545703768730163574e+00,-1.718607425689697266e+00,2.629799604415893555e+00,1.049272656440734863e+00,3.142983913421630859e-01
2.970619201660156250e+00,-1.697244048118591309e+00,-2.712829113006591797e+00,-2.563069760799407959e-01,9.913469851016998291e-02
1.606509447097778320e+00,-9.190099239349365234e-01,-2.541317701339721680e+00,-1.165116071701049805e+00,-2.922094821929931641e+00
2.308773994445800781e+00,-1.780789852142333984e+00,-1.705211281776428223e+00,-7.435870170593261719e-01,1.945135444402694702e-01
1.029138326644897461e+00,-1.696609616279602051e+00,-2.331586599349975586e+00,3.009196817874908447e-01,-2.719573974609375000e-01
2.433171510696411133e+00,-1.687459468841552734e+00,-2.512819766998291016e+00,7.753756362944841385e-03,1.625243544578552246e+00
2.009083509445190430e+00,-2.015181303024291992e+00,-1.946934461593627930e+00,-5.199551582336425781e-01,1.591795802116394043e+00
2.617481231689453125e+00,-1.689908623695373535e+00,1.660634875297546387e+00,-7.431924343109130859e-02,-1.787929058074951172e+00
1.463764548301696777e+00,-1.699069738388061523e+00,-2.510520219802856445e+00,4.086895845830440521e-03,2.814505577087402344e+00
2.732135295867919922e+00,6.097557544708251953e-01,2.186716556549072266e+00,-1.887874364852905273e+00,-2.999610424041748047e+00
1.142201781272888184e+00,-1.121842265129089355e+00,2.673768520355224609e+00,1.214310765266418457e+00,-1.218670248985290527e+00
1.230172634124755859e+00,-1.681385636329650879e+00,-1.828907728195190430e+00,1.239421516656875610e-01,-5.281703472137451172e-01
1.153406620025634766e+00,-8.931858539581298828e-01,-2.316121816635131836e+00,8.780998587608337402e-01,-2.709692001342773438e+00
2.767490863800048828e+00,-1.227561235427856445e+00,2.666573047637939453e+00,2.022940397262573242e+00,-1.349331498146057129e+00
7.500966787338256836e-01,-1.760156393051147461e+00,2.212253093719482422e+00,2.379570603370666504e-01,1.972221016883850098e+00
6.902177333831787109e-01,-2.128043413162231445e+00,-2.157663106918334961e+00,6.754192709922790527e-01,7.740101218223571777e-02
2.251434087753295898e+00,1.576491594314575195e+00,-2.627257347106933594e+00,-2.775294780731201172e+00,-2.386395931243896484e+00
1.314779758453369141e+00,-1.685515165328979492e+00,-2.466841936111450195e+00,-2.956037595868110657e-02,1.966742157936096191e+00
2.182304143905639648e+00,-1.737421154975891113e+00,1.828903317451477051e+00,6.646936535835266113e-01,-1.398700118064880371e+00
2.296614170074462891e+00,2.115595817565917969e+00,2.701572895050048828e+00,2.091695547103881836e+00,-7.463195323944091797e-01
2.003522157669067383e+00,1.397586464881896973e-01,2.520256280899047852e+00,-1.804442167282104492e+00,-2.867915153503417969e+00
2.148571252822875977e+00,-1.695858359336853027e+00,1.964843869209289551e+00,-3.234382271766662598e-01,-9.966980665922164917e-03
2.986220359802246094e+00,1.693612635135650635e-01,2.159098863601684570e+00,-2.016858100891113281e+00,-2.563481569290161133e+00
2.798731803894042969e+00,-1.794004440307617188e+00,-2.892480134963989258e+00,2.329173088073730469e+00,-1.308507084846496582e+00
2.467489242553710938e+00,-2.760852575302124023e+00,2.372184991836547852e+00,-1.106621861457824707e+00,-1.311374545097351074e+00
2.061703443527221680e+00,-1.526689410209655762e+00,2.221954584121704102e+00,1.530311107635498047e+00,-6.345574259757995605e-01
2.052836418151855469e+00,-1.645170450210571289e+00,-2.461172819137573242e+00,-2.151429891586303711e+00,1.372941136360168457e-01
2.104661166667938232e-01,-1.655169725418090820e+00,-2.516023874282836914e+00,-5.633168220520019531e-01,-1.539812445640563965e+00
1.219739317893981934e+00,-1.052126049995422363e+00,-2.865841388702392578e+00,1.143368840217590332e+00,4.412541389465332031e-01
1.888740777969360352e+00,-7.631635069847106934e-01,2.622369289398193359e+00,1.147935867309570312e+00,-9.364767074584960938e-01
2.897837877273559570e+00,-1.094428420066833496e+00,-2.912032842636108398e+00,1.597626447677612305e+00,-5.185025930404663086e-01
-4.662202000617980957e-01,-1.763708472251892090e+00,2.703855991363525391e+00,-3.136100172996520996e-01,-2.528632879257202148e-01
2.845763921737670898e+00,-1.783078312873840332e+00,1.580008625984191895e+00,7.894300818443298340e-01,-1.008489608764648438e+00
2.611889600753784180e+00,-2.153213500976562500e+00,-2.639636993408203125e+00,1.180698633193969727e+00,1.930090904235839844e+00
2.286959409713745117e+00,2.412433147430419922e+00,2.315590620040893555e+00,2.639337539672851562e+00,-2.826453208923339844e+00
-5.710045695304870605e-01,-1.443370938301086426e+00,-2.045348882675170898e+00,-6.549666523933410645e-01,-1.253255367279052734e+00
