1.993735194206237793e+00,5.540109276771545410e-01,-1.319922089576721191e+00,-7.130643725395202637e-01,-2.043356895446777344e+00
2.377297639846801758e+00,4.951373636722564697e-01,-1.156973540782928467e-01,-1.258796304464340210e-01,7.083553671836853027e-01
2.312566280364990234e+00,4.946797788143157959e-01,-6.506506800651550293e-01,1.900011301040649414e-01,-2.210325002670288086e+00
2.432145595550537109e+00,5.037910342216491699e-01,-2.145323753356933594e-01,-8.457127027213573456e-03,-1.622530579566955566e+00
1.977764487266540527e+00,4.928247928619384766e-01,7.005981802940368652e-01,-4.556645080447196960e-02,-2.863967895507812500e+00
2.834148168563842773e+00,4.980556070804595947e-01,-2.096636772155761719e+00,-2.266569435596466064e-01,-1.405193686485290527e+00
2.378485441207885742e+00,4.972693622112274170e-01,1.870576441287994385e-01,-3.631585836410522461e-02,-1.274937391281127930e+00
1.209205389022827148e+00,4.970761239528656006e-01,-2.478789567947387695e+00,-8.510959148406982422e-02,-1.912006258964538574e+00
2.471442937850952148e+00,4.969533383846282959e-01,-1.269834756851196289e+00,-4.202003031969070435e-02,-1.724742650985717773e+00
2.368046045303344727e+00,4.926849305629730225e-01,-9.938190877437591553e-02,-7.626674324274063110e-02,2.186234712600708008e+00
2.015834569931030273e+00,4.491842985153198242e-01,-1.583034992218017578e+00,-1.408228635787963867e+00,2.375054359436035156e+00
2.849961519241333008e+00,5.065912604331970215e-01,-6.125438213348388672e-01,-2.150290310382843018e-01,1.382211804389953613e+00
2.365338802337646484e+00,5.038957595825195312e-01,8.703610301017761230e-02,2.619141042232513428e-01,-2.789825916290283203e+00
2.402945041656494141e+00,4.961063265800476074e-01,2.139435857534408569e-01,-4.573881998658180237e-02,2.364267110824584961e+00
2.389177322387695312e+00,5.935003161430358887e-01,-1.497520685195922852e+00,1.276217460632324219e+00,2.389008998870849609e+00
2.379998922348022461e+00,5.067490339279174805e-01,-4.186465963721275330e-02,-1.408613026142120361e-01,1.355362534523010254e+00
2.031443119049072266e+00,4.847157299518585205e-01,2.857240438461303711e+00,4.205505847930908203e-01,-1.166881918907165527e+00
1.118766903877258301e+00,4.926714003086090088e-01,-1.775500416755676270e+00,1.743508428335189819e-01,2.273087203502655029e-01
2.760822534561157227e+00,4.890885651111602783e-01,-8.517141342163085938e-01,-1.186608374118804932e-01,1.567489504814147949e-01
2.398218631744384766e+00,5.704206824302673340e-01,3.997288644313812256e-01,-1.382247447967529297e+00,-3.075162172317504883e-01
1.624513268470764160e+00,4.951010942459106445e-01,1.581001520156860352e+00,-1.070899367332458496e-01,1.684271216392517090e+00
2.380177974700927734e+00,4.937750995159149170e-01,-8.305378258228302002e-02,-1.960648596286773682e-02,-1.300941228866577148e+00
9.782360792160034180e-01,4.980984032154083252e-01,-2.120241165161132812e+00,-1.580737344920635223e-02,-8.760721683502197266e-01
2.408941268920898438e+00,5.006579160690307617e-01,-7.738390564918518066e-01,-2.039898559451103210e-02,7.769985198974609375e-01
2.590506792068481445e+00,5.017069578170776367e-01,5.533981919288635254e-01,5.445545911788940430e-02,-2.702755928039550781e+00
2.811894893646240234e+00,4.941706359386444092e-01,-1.154707074165344238e+00,-4.375407472252845764e-03,-8.038772940635681152e-01
1.802598953247070312e+00,4.990241825580596924e-01,-1.206039190292358398e+00,1.158351302146911621e-01,2.311794757843017578e+00
1.642760634422302246e+00,5.181999802589416504e-01,-6.746286153793334961e-01,2.295082211494445801e-01,7.873194217681884766e-01
2.375539541244506836e+00,6.875672340393066406e-01,1.390142440795898438e+00,7.610929012298583984e-01,-2.155640602111816406e+00
2.561651468276977539e+00,6.753668189048767090e-01,7.527201175689697266e-01,6.744714379310607910e-01,1.464582681655883789e+00
2.386678218841552734e+00,6.729154586791992188e-01,3.876484632492065430e-01,-9.949818849563598633e-01,2.177286863327026367e+00
2.148959398269653320e+00,5.046760439872741699e-01,7.096530199050903320e-01,1.290700435638427734e-01,-2.160346508026123047e+00
1.706024885177612305e+00,4.967972636222839355e-01,8.162339925765991211e-01,1.803880184888839722e-02,-9.985716938972473145e-01
2.376770496368408203e+00,5.023051500320434570e-01,3.404866158962249756e-01,-7.512287795543670654e-02,-2.938463091850280762e-01
2.130918741226196289e+00,3.625737428665161133e-01,-1.222922921180725098e+00,-1.211339235305786133e+00,1.746698468923568726e-01
2.526603937149047852e+00,4.995639622211456299e-01,-2.696015536785125732e-01,-6.099105253815650940e-02,-7.956886291503906250e-02
1.560541987419128418e-01,5.160855054855346680e-01,-2.943602561950683594e+00,-1.141733884811401367e+00,-2.352540731430053711e+00
2.123052835464477539e+00,5.000333189964294434e-01,-5.195469260215759277e-01,4.116401821374893188e-02,1.535033345222473145e+00
2.464981794357299805e+00,7.612396478652954102e-01,-2.806661725044250488e-01,-5.014467835426330566e-01,2.488717436790466309e-01
2.588537693023681641e+00,2.745383381843566895e-01,-1.777262568473815918e+00,-1.057183861732482910e+00,-2.224856138229370117e+00
2.243009090423583984e+00,4.915283918380737305e-01,-4.339101314544677734e-01,-4.852479696273803711e-02,-1.513861894607543945e+00
-4.135738015174865723e-01,-7.706537842750549316e-01,-2.394679069519042969e+00,1.531467437744140625e+00,1.544931769371032715e+00
2.461794137954711914e+00,4.337965250015258789e-01,5.119154453277587891e-01,6.372598409652709961e-01,-1.894729375839233398e+00
8.086122274398803711e-01,4.958635568618774414e-01,-1.838141083717346191e+00,-1.359439194202423096e-01,-2.174855947494506836e+00
2.381385803222656250e+00,5.118178129196166992e-01,1.017918065190315247e-01,4.876111075282096863e-02,1.617876648902893066e+00
1.947945833206176758e+00,5.711547732353210449e-01,-5.360193848609924316e-01,3.648156523704528809e-01,-7.575726509094238281e-01
2.404747247695922852e+00,5.801134705543518066e-01,-4.431086480617523193e-01,-1.540950655937194824e+00,-5.490680336952209473e-01
2.388247728347778320e+00,5.030944347381591797e-01,-1.054271385073661804e-01,6.274059414863586426e-02,7.373781502246856689e-02
2.629884958267211914e+00,3.547460138797760010e-01,-5.925584435462951660e-01,-1.204251050949096680e+00,7.008843421936035156e-01
1.475217938423156738e+00,5.019606351852416992e-01,1.043720602989196777e+00,6.348649039864540100e-03,-2.295022726058959961e+00
1.291373491287231445e+00,1.673169732093811035e+00,2.308034658432006836e+00,-1.026300936937332153e-01,-5.880256295204162598e-01
1.227407932281494141e+00,1.712383627891540527e+00,-2.249548196792602539e+00,1.390292793512344360e-01,-2.198038339614868164e+00
-1.700888276100158691e+00,1.456779003143310547e+00,2.901062011718750000e+00,5.378453731536865234e-01,9.933248162269592285e-01
1.940179109573364258e+00,1.718892693519592285e+00,1.921973228454589844e+00,-1.109687015414237976e-01,-1.031411886215209961e-01
-1.778140306472778320e+00,-9.948312640190124512e-01,-2.510726213455200195e+00,1.089945554733276367e+00,1.387857794761657715e+00
-5.846972465515136719e-01,1.662967324256896973e+00,-2.743797540664672852e+00,2.140285074710845947e-01,-8.487845659255981445e-01
9.435757994651794434e-01,1.876276493072509766e+00,-2.200273275375366211e+00,7.408358454704284668e-01,-7.592626214027404785e-01
8.632475733757019043e-01,2.116852760314941406e+00,2.687609195709228516e+00,8.080000281333923340e-01,-5.717171430587768555e-01
1.887271523475646973e+00,1.691588997840881348e+00,-2.431794643402099609e+00,-9.765969961881637573e-02,-5.745500922203063965e-01
2.101854562759399414e+00,2.211374044418334961e+00,2.457937240600585938e+00,-6.814442873001098633e-01,-2.257018804550170898e+00
1.102675676345825195e+00,1.687164902687072754e+00,-1.991702198982238770e+00,-2.620365284383296967e-02,-3.878058195114135742e-01
1.667657852172851562e+00,6.513207554817199707e-01,-2.379197120666503906e+00,-9.812775850296020508e-01,1.038854718208312988e+00
9.987623691558837891e-01,9.161992669105529785e-01,-2.872252225875854492e+00,-1.362888216972351074e+00,1.172933340072631836e+00
9.025745391845703125e-01,1.930673360824584961e+00,2.717288970947265625e+00,7.594922780990600586e-01,-8.655126094818115234e-01
-1.248350620269775391e+00,1.836623668670654297e+00,2.824141263961791992e+00,7.758367061614990234e-01,-6.803454756736755371e-01
-3.394853323698043823e-02,1.659634828567504883e+00,2.544134855270385742e+00,-2.299419939517974854e-01,1.106995269656181335e-01
-2.652127504348754883e+00,2.496549606323242188e+00,-2.162141323089599609e+00,-5.014620423316955566e-01,-1.800007224082946777e+00
5.548956394195556641e-01,6.020100116729736328e-01,-2.605958461761474609e+00,-1.078495502471923828e+00,1.632508873939514160e+00
1.145527958869934082e-01,1.825591802597045898e+00,-2.998474359512329102e+00,4.997983574867248535e-01,-4.545580744743347168e-01
-1.772879362106323242e+00,1.723073363304138184e+00,-2.816392898559570312e+00,3.786472082138061523e-01,-8.150203227996826172e-01
-1.304757833480834961e+00,-1.829086065292358398e+00,-2.997212409973144531e+00,1.403748393058776855e+00,1.522938847541809082e+00
2.124923706054687500e+00,1.740827083587646484e+00,-2.799565792083740234e+00,5.743315219879150391e-01,2.161767184734344482e-01
-7.453771233558654785e-01,1.727586627006530762e+00,-2.393582344055175781e+00,-1.893357560038566589e-02,-1.347896933555603027e+00
1.670143723487854004e+00,-1.738249659538269043e+00,1.754058480262756348e+00,-1.162490248680114746e+00,2.439661741256713867e+00
2.373279035091400146e-01,8.858318328857421875e-01,-2.488921165466308594e+00,-1.128949046134948730e+00,-7.515902817249298096e-02
1.139977931976318359e+00,-7.884224653244018555e-01,-1.825115799903869629e+00,-1.960050344467163086e+00,-3.219982609152793884e-02
-1.235669851303100586e+00,-8.999840021133422852e-01,-2.984807491302490234e+00,-1.505059957504272461e+00,1.455148935317993164e+00
2.267853975296020508e+00,2.000282108783721924e-01,1.992411017417907715e+00,-9.329173564910888672e-01,6.651099920272827148e-01
1.647598624229431152e+00,-5.117130875587463379e-01,-2.269168138504028320e+00,-1.471836209297180176e+00,8.718930482864379883e-01
5.184244513511657715e-01,4.529064595699310303e-01,-2.920076608657836914e+00,-1.536839246749877930e+00,6.350010037422180176e-01
1.399823188781738281e+00,-3.322481736540794373e-02,2.485873222351074219e+00,-1.114707112312316895e+00,3.638142049312591553e-01
2.563338518142700195e+00,1.920128464698791504e+00,2.902202844619750977e+00,-1.513985872268676758e+00,-5.250824093818664551e-01
2.536496400833129883e+00,1.017083644866943359e+00,1.700467944145202637e+00,6.244664192199707031e-01,1.550341725349426270e+00
3.508571386337280273e-01,1.616388186812400818e-02,2.394905090332031250e+00,9.718690514564514160e-01,1.153607368469238281e+00
-5.264298319816589355e-01,-1.196860909461975098e+00,-2.282944679260253906e+00,1.114075183868408203e+00,1.042719364166259766e+00
-1.285995543003082275e-01,2.027135372161865234e+00,2.884493350982666016e+00,-8.732154965400695801e-01,-7.145656943321228027e-01
2.875522136688232422e+00,1.666730642318725586e-01,1.723381519317626953e+00,-9.497208595275878906e-01,1.592233896255493164e+00
-4.335734248161315918e-01,1.967246830463409424e-01,2.764232635498046875e+00,1.440282344818115234e+00,1.147588014602661133e+00
4.584059119224548340e-01,2.900971412658691406e+00,2.514316558837890625e+00,-1.042640209197998047e+00,-1.278202652931213379e+00
1.171572327613830566e+00,2.147386789321899414e+00,-2.472419500350952148e+00,5.248355269432067871e-01,-2.546887636184692383e+00
3.612989187240600586e-01,1.078514218330383301e+00,-2.313417196273803711e+00,1.090645194053649902e+00,6.611686348915100098e-01
1.517976880073547363e+00,1.434884548187255859e+00,-2.333478450775146484e+00,-6.084756851196289062e-01,3.661956787109375000e-01
-2.055295944213867188e+00,-1.267154455184936523e+00,2.471375703811645508e+00,-1.177520871162414551e+00,1.839196681976318359e+00
9.556459188461303711e-01,4.203459620475769043e-01,2.342501163482666016e+00,-7.814418077468872070e-01,1.122271895408630371e+00
2.500918388366699219e+00,1.858639717102050781e+00,-2.668752908706665039e+00,-6.765354871749877930e-01,-7.619585990905761719e-01
7.029028534889221191e-01,-4.159033894538879395e-01,2.427488565444946289e+00,1.284197449684143066e+00,1.724417209625244141e+00
1.557706594467163086e+00,1.333960294723510742e-01,-2.542310953140258789e+00,1.198193311691284180e+00,2.329832553863525391e+00
2.187627553939819336e+00,-1.241914510726928711e+00,-1.775990366935729980e+00,1.459863781929016113e+00,1.443770051002502441e+00
-4.722200334072113037e-02,1.321259260177612305e+00,-2.367659807205200195e+00,-5.287616848945617676e-01,7.072759866714477539e-01
2.198142051696777344e+00,2.700021266937255859e+00,-2.896676540374755859e+00,-1.114272594451904297e+00,-2.314299106597900391e+00
-2.167126893997192383e+00,-2.824349403381347656e+00,-2.764626979827880859e+00,9.498870372772216797e-01,-1.188784003257751465e+00
-2.327886343002319336e+00,-1.587289571762084961e+00,2.330157756805419922e+00,-4.308034479618072510e-01,1.252208232879638672e+00
1.287593722343444824e+00,1.505369901657104492e+00,2.843752145767211914e+00,-1.503881692886352539e+00,2.271878957748413086e+00
-1.155383110046386719e+00,-1.794121503829956055e+00,-2.723923921585083008e+00,1.641192883253097534e-01,-1.130465269088745117e+00
-1.858618497848510742e+00,-9.754697680473327637e-01,-2.690637826919555664e+00,1.053732156753540039e+00,2.201675176620483398e+00
-1.688727259635925293e+00,-2.025940895080566406e+00,2.041182518005371094e+00,2.769677340984344482e-01,-7.444810867309570312e-01
-1.878724694252014160e-01,-1.920768499374389648e+00,2.931358337402343750e+00,-1.340488195419311523e-01,1.937937498092651367e+00
-1.911168098449707031e+00,-2.079098463058471680e+00,-2.291361570358276367e+00,-4.433715343475341797e-01,-1.028043746948242188e+00
-2.025020599365234375e+00,-2.066495418548583984e+00,2.413739204406738281e+00,6.519839763641357422e-01,3.141967952251434326e-02
-4.625236988067626953e-02,-2.470929026603698730e-01,2.859765529632568359e+00,1.266976118087768555e+00,1.077791929244995117e+00
1.780585169792175293e+00,7.669277489185333252e-02,-2.748126745223999023e+00,1.890386939048767090e+00,-3.725938498973846436e-01
-2.211142539978027344e+00,-4.257621169090270996e-01,2.179083824157714844e+00,1.117316365242004395e+00,-1.615569740533828735e-01
8.948257565498352051e-01,-2.236750125885009766e+00,2.966658115386962891e+00,-5.230617523193359375e-01,-1.242981195449829102e+00
-2.804608583450317383e+00,-1.955811619758605957e+00,2.949949979782104492e+00,-3.450283110141754150e-01,1.319557189941406250e+00
-2.321019649505615234e+00,-1.113731384277343750e+00,-2.588202476501464844e+00,-9.970663785934448242e-01,1.791618824005126953e+00
-1.410481572151184082e+00,-5.127466917037963867e-01,-2.751515865325927734e+00,1.013843894004821777e+00,1.527743816375732422e+00
1.243596449494361877e-01,-6.575400233268737793e-01,-2.836256742477416992e+00,1.157601714134216309e+00,1.965138673782348633e+00
-1.842537403106689453e+00,-1.639101743698120117e+00,-2.961168289184570312e+00,-7.607906460762023926e-01,-2.630057334899902344e-01
2.676416158676147461e+00,-7.540819048881530762e-02,2.496749162673950195e+00,1.087274432182312012e+00,1.425420999526977539e+00
-1.418275117874145508e+00,2.154845714569091797e+00,-2.179983377456665039e+00,-1.505055308341979980e+00,2.658557891845703125e+00
3.271422684192657471e-01,-2.247023105621337891e+00,2.398963451385498047e+00,5.563368797302246094e-01,3.784094452857971191e-01
-2.084228038787841797e+00,-1.672803521156311035e+00,-2.544819593429565430e+00,2.186528444290161133e-01,-1.689475297927856445e+00
-2.662407636642456055e+00,-1.405883789062500000e+00,2.414279937744140625e+00,-6.397347450256347656e-01,2.127490758895874023e+00
-1.881880015134811401e-01,-3.415592908859252930e-01,-2.277081012725830078e+00,-1.073230147361755371e+00,1.433045029640197754e+00
1.929772377014160156e+00,-1.794851541519165039e+00,-2.987386465072631836e+00,-8.247631043195724487e-02,7.988722920417785645e-01
6.545569300651550293e-01,-1.744722008705139160e+00,2.241065263748168945e+00,-1.351945996284484863e-01,6.657622456550598145e-01
-5.721756815910339355e-01,-1.530156373977661133e+00,-2.614914894104003906e+00,6.132668852806091309e-01,1.777183771133422852e+00
2.353402376174926758e+00,-7.459837794303894043e-01,2.960932731628417969e+00,8.491488695144653320e-01,8.379693627357482910e-01
-2.098002195358276367e+00,1.122647285461425781e+00,-2.172212600708007812e+00,-2.131509542465209961e+00,-4.859091714024543762e-02
4.592619240283966064e-01,-1.462195396423339844e+00,-2.866961002349853516e+00,-6.008827090263366699e-01,-2.289577573537826538e-01
-9.200085401535034180e-01,1.590603470802307129e+00,-2.627470493316650391e+00,-1.699724078178405762e+00,1.561863183975219727e+00
2.511664628982543945e-01,1.454639434814453125e+00,-2.787492752075195312e+00,-2.184865951538085938e+00,8.389323353767395020e-01
-1.045681238174438477e+00,-1.556284427642822266e+00,-2.048977375030517578e+00,4.608275890350341797e-01,1.677379369735717773e+00
-7.689900696277618408e-02,-2.001337051391601562e+00,2.257174491882324219e+00,9.508956670761108398e-01,-6.738348007202148438e-01
1.404813885688781738e+00,-2.085551977157592773e+00,2.461757183074951172e+00,-7.195622473955154419e-02,1.291354149580001831e-01
-2.062442302703857422e+00,-1.611256241798400879e+00,2.633622169494628906e+00,3.272098898887634277e-01,1.055631995201110840e+00
-1.933130264282226562e+00,-1.988670706748962402e+00,2.088248968124389648e+00,5.890377759933471680e-01,1.843568533658981323e-01
-1.147242426872253418e+00,-1.859897613525390625e+00,2.204076766967773438e+00,6.888616085052490234e-02,-1.289555191993713379e+00
-2.676849067211151123e-01,2.531233310699462891e+00,-2.540896654129028320e+00,-2.865257501602172852e+00,1.643392145633697510e-01
-6.631080508232116699e-01,-2.559784412384033203e+00,-2.464115142822265625e+00,1.509513020515441895e+00,9.866638183593750000e-01
-2.150381565093994141e+00,3.176513612270355225e-01,2.452021121978759766e+00,1.343734741210937500e+00,1.239207029342651367e+00
-2.526664972305297852e+00,-9.530677795410156250e-01,-2.351528167724609375e+00,7.526453733444213867e-01,2.938559293746948242e+00
-2.704180002212524414e+00,6.541786789894104004e-01,-2.484084367752075195e+00,-1.648780107498168945e+00,2.003502607345581055e+00
-2.558186769485473633e+00,-1.974106192588806152e+00,-1.720396637916564941e+00,-3.368676304817199707e-01,-6.372573971748352051e-01
3.618098795413970947e-01,-1.086846470832824707e+00,2.308843374252319336e+00,-7.382329106330871582e-01,1.371759057044982910e+00
2.746737957000732422e+00,-1.301999330520629883e+00,2.811063766479492188e+00,-5.601960420608520508e-01,8.937847018241882324e-01
-1.318282842636108398e+00,3.108639419078826904e-01,-2.726856946945190430e+00,-1.517126560211181641e+00,2.329490900039672852e+00
3.668934106826782227e-03,-1.843999743461608887e+00,-2.334720849990844727e+00,-2.427742257714271545e-02,1.461076140403747559e+00
-9.720230102539062500e-01,-1.822596043348312378e-01,2.496508598327636719e+00,-1.165652513504028320e+00,2.902724504470825195e+00
-2.848437786102294922e+00,4.326365292072296143e-01,2.629470348358154297e+00,-1.673058390617370605e+00,2.726770877838134766e+00
-1.443970322608947754e+00,-9.922609478235244751e-02,6.686414480209350586e-01,2.819676101207733154e-01,1.430593729019165039e+00
-1.259472131729125977e+00,-1.029732823371887207e-01,1.300153017044067383e+00,-7.262086272239685059e-01,1.927368044853210449e+00
-1.563883066177368164e+00,-9.935850650072097778e-02,-8.077542185783386230e-01,-1.524399966001510620e-01,-1.372547149658203125e-01
-1.362190365791320801e+00,-9.911888092756271362e-02,1.005163669586181641e+00,-3.661736845970153809e-04,-8.506278991699218750e-01
-1.296208143234252930e+00,-9.778799116611480713e-02,1.266845107078552246e+00,-1.261970698833465576e-01,1.331964492797851562e+00
-1.809775114059448242e+00,4.558154642581939697e-01,1.038178205490112305e+00,1.009209156036376953e+00,-2.816323280334472656e+00
-1.313490390777587891e+00,-1.035662889480590820e-01,-9.592713117599487305e-01,1.748761534690856934e-01,-2.879926443099975586e+00
-1.216754317283630371e+00,-9.864477068185806274e-02,-1.607862710952758789e-01,8.299564570188522339e-02,1.937944889068603516e+00
-1.232239961624145508e+00,-9.934277832508087158e-02,1.371252350509166718e-02,-1.073183789849281311e-01,1.067785024642944336e+00
-1.240613222122192383e+00,-9.933008253574371338e-02,1.560040414333343506e-01,-4.283787310123443604e-02,-1.840104341506958008e+00
-1.206608057022094727e+00,-8.676617592573165894e-02,-2.800534367561340332e-01,-1.738327890634536743e-01,-2.268942832946777344e+00
-1.211759686470031738e+00,-1.039627417922019958e-01,-1.697941720485687256e-01,-5.448936223983764648e-01,-1.373774766921997070e+00
-1.218864679336547852e+00,-9.415636211633682251e-02,5.201420187950134277e-02,-1.026046276092529297e-01,6.647732257843017578e-01
-8.300145864486694336e-01,-9.936210513114929199e-02,2.717539787292480469e+00,9.651823341846466064e-02,-5.627553462982177734e-01
-1.235917925834655762e+00,-9.785452485084533691e-02,-3.210119903087615967e-02,-2.130500823259353638e-01,-4.120289087295532227e-01
-1.236328005790710449e+00,-1.028829962015151978e-01,-7.983334362506866455e-03,-2.115389257669448853e-01,-1.406152844429016113e+00
-1.229174494743347168e+00,-9.663482010364532471e-02,5.886673927307128906e-01,-1.822104454040527344e-01,9.471217393875122070e-01
-2.808936357498168945e+00,-9.322117269039154053e-02,2.272546768188476562e+00,-2.303960174322128296e-01,1.279490113258361816e+00
-1.218088865280151367e+00,-9.921543300151824951e-02,1.771236583590507507e-02,-1.308447122573852539e-01,8.686169981956481934e-01
-1.175623774528503418e+00,-1.016818359494209290e-01,-4.112094342708587646e-01,3.007866814732551575e-02,-1.169350147247314453e+00
-7.822114229202270508e-01,-9.044273942708969116e-02,-1.856039643287658691e+00,1.835715472698211670e-01,-2.571256875991821289e+00
-9.857029914855957031e-01,-9.746667742729187012e-02,4.659055769443511963e-01,8.045732229948043823e-02,2.273207426071166992e+00
-1.300442099571228027e+00,-1.003392562270164490e-01,4.858235120773315430e-01,-9.793203324079513550e-02,-1.304845571517944336e+00
-2.491536617279052734e+00,-9.680698812007904053e-02,1.814991712570190430e+00,-5.583109706640243530e-02,-1.824115037918090820e+00
-6.767711639404296875e-01,-9.272127598524093628e-02,-1.191725969314575195e+00,1.303176283836364746e-01,-1.744629144668579102e+00
-1.914366483688354492e+00,-2.170958220958709717e-01,1.119538784027099609e+00,-9.361615777015686035e-01,-1.029234170913696289e+00
-1.222028374671936035e+00,-1.035839319229125977e-01,2.283202409744262695e-01,2.364870309829711914e-01,-1.421225786209106445e+00
-1.426994442939758301e+00,-1.031308174133300781e-01,-5.700988769531250000e-01,-1.949908211827278137e-02,1.873945713043212891e+00
-1.260806202888488770e+00,-9.868213534355163574e-02,-1.836593747138977051e-01,5.000134930014610291e-02,-1.556700944900512695e+00
-1.704427957534790039e+00,-9.424613416194915771e-02,9.590197801589965820e-01,9.944385383278131485e-04,-2.792363882064819336e+00
-1.140643715858459473e+00,-1.032902374863624573e-01,3.167834877967834473e-01,-7.062101364135742188e-02,1.281482815742492676e+00
-1.186210155487060547e+00,-9.378771483898162842e-02,-6.269737482070922852e-01,1.467797905206680298e-02,5.244119167327880859e-01
-5.318688750267028809e-01,-7.242742925882339478e-02,-2.369534015655517578e+00,-4.406194984912872314e-01,2.785895347595214844e+00
-2.136430263519287109e+00,-9.843889623880386353e-02,1.003921985626220703e+00,-1.433984637260437012e-01,-6.564987897872924805e-01
-1.263852834701538086e+00,-9.189572930335998535e-02,3.266516923904418945e-01,3.776566684246063232e-02,-1.317850828170776367e+00
-1.253437995910644531e+00,-1.021367460489273071e-01,3.190090358257293701e-01,5.888755321502685547e-01,2.171031475067138672e+00
-2.103838205337524414e+00,-9.181419759988784790e-02,-2.111490488052368164e+00,-5.117417499423027039e-02,-1.213647723197937012e+00
9.709907323122024536e-02,-8.916882425546646118e-02,1.140504717826843262e+00,-4.554002359509468079e-02,-2.282727956771850586e+00
-2.708579003810882568e-01,-6.411881744861602783e-02,2.100329399108886719e+00,-3.976221084594726562e-01,2.428448200225830078e+00
-1.596745371818542480e+00,-1.032426357269287109e-01,8.382394313812255859e-01,-7.271835207939147949e-02,1.755187034606933594e+00
-1.502310395240783691e+00,-9.866598993539810181e-02,5.281475186347961426e-01,1.216574534773826599e-01,-5.669162869453430176e-01
-1.485320031642913818e-01,-1.070312038064002991e-01,1.337654948234558105e+00,-1.510998010635375977e-01,-1.346713423728942871e+00
-3.027423322200775146e-01,-1.630434691905975342e-01,1.152951240539550781e+00,2.571927309036254883e-01,-1.527388930320739746e+00
-1.240568637847900391e+00,-9.482205659151077271e-02,-1.715821586549282074e-02,1.885197684168815613e-02,-1.327800393104553223e+00
-1.778254866600036621e+00,-1.713200658559799194e-01,2.179309606552124023e+00,1.057696104049682617e+00,1.427268862724304199e+00
-1.222415685653686523e+00,-4.443936422467231750e-02,1.944342553615570068e-01,8.409204483032226562e-01,1.127174735069274902e+00
-1.581351161003112793e+00,1.030847132205963135e-01,1.296880006790161133e+00,1.163150310516357422e+00,-5.511528849601745605e-01
-3.649442642927169800e-02,-2.077894210815429688e-01,-2.965118885040283203e+00,1.847963094711303711e+00,1.303314447402954102e+00
1.573444902896881104e-01,-9.315752983093261719e-02,-1.632638573646545410e+00,-7.998216897249221802e-02,-8.930840492248535156e-01
-1.743915438652038574e+00,-8.730803430080413818e-02,1.341260671615600586e+00,1.044984221458435059e+00,-2.045253515243530273e+00
