-1.733895182609558105e+00,-1.798040419816970825e-01
-1.293502569198608398e+00,-6.714856028556823730e-01
-4.445667564868927002e-01,-1.810069084167480469e+00
-2.443249464035034180e+00,5.214470624923706055e-01
-3.343337476253509521e-01,-1.999995470046997070e+00
-2.720816612243652344e+00,1.143757700920104980e+00
1.695465296506881714e-01,-2.517711639404296875e+00
-8.041632175445556641e-01,-1.002906084060668945e+00
-2.532743453979492188e+00,1.031396746635437012e+00
-5.210586190223693848e-01,-2.151860713958740234e+00
-2.373644828796386719e+00,2.504108250141143799e-01
-3.560510277748107910e-01,-1.325698256492614746e+00
-2.184685945510864258e+00,1.381864994764328003e-01
-1.323081135749816895e+00,-1.041653633117675781e+00
4.472546279430389404e-02,-1.691114902496337891e+00
-2.493699312210083008e+00,9.708743095397949219e-01
-1.646844625473022461e+00,-5.184692144393920898e-01
-1.600238919258117676e+00,-1.038918018341064453e+00
-1.534184515476226807e-01,-2.022556066513061523e+00
-4.655210375785827637e-01,-1.967296957969665527e+00
-5.412079095840454102e-01,-1.376536130905151367e+00
-4.469934850931167603e-02,-1.777581214904785156e+00
-2.392662286758422852e+00,4.175342619419097900e-01
-1.485519528388977051e+00,-1.903049051761627197e-01
-2.147595643997192383e+00,1.018863990902900696e-01
-2.162036180496215820e+00,-9.755533933639526367e-02
4.050050973892211914e-01,-2.592466115951538086e+00
-2.751340389251708984e+00,9.778156876564025879e-01
-5.766066312789916992e-01,-1.872660636901855469e+00
-2.326522350311279297e+00,1.127896308898925781e+00
-7.613924741744995117e-01,-1.564261078834533691e+00
-1.347914934158325195e+00,-3.411892950534820557e-01
-6.436008960008621216e-02,-2.418749809265136719e+00
-3.205604851245880127e-01,-2.556199073791503906e+00
-1.054201498627662659e-01,-1.524636030197143555e+00
-1.157546043395996094e+00,-1.272257804870605469e+00
-2.877856492996215820e+00,1.305439829826354980e+00
-9.323523640632629395e-01,-1.404053330421447754e+00
-7.542851567268371582e-01,-1.492128610610961914e+00
-2.936246871948242188e+00,1.464146971702575684e+00
-2.504497766494750977e+00,1.133275628089904785e+00
-2.101948976516723633e+00,1.268412768840789795e-01
-6.741835474967956543e-01,-1.505929231643676758e+00
-2.763396739959716797e+00,1.275826573371887207e+00
-1.752844333648681641e+00,-4.802037179470062256e-01
-2.128044843673706055e+00,1.742711961269378662e-01
-1.165430426597595215e+00,-6.027011275291442871e-01
-1.382501482963562012e+00,-1.355641186237335205e-01
-2.340396881103515625e+00,7.824168205261230469e-01
-3.415849432349205017e-02,-2.179718732833862305e+00
-3.391964137554168701e-01,-1.625612974166870117e+00
-1.780645489692687988e+00,1.854228526353836060e-01
1.506877094507217407e-01,-2.580961942672729492e+00
-9.580811262130737305e-01,-1.315291762351989746e+00
-1.401483058929443359e+00,-5.550366044044494629e-01
-2.124192714691162109e+00,3.506283760070800781e-01
-2.579781293869018555e+00,1.113544225692749023e+00
-2.452271223068237305e+00,1.318110227584838867e+00
5.869809389114379883e-01,-2.618048191070556641e+00
-7.897163182497024536e-02,-2.246431589126586914e+00
-2.515073418617248535e-01,-2.393866777420043945e+00
-8.095066547393798828e-01,-1.724734187126159668e+00
-7.503675296902656555e-03,-2.144968509674072266e+00
1.398591399192810059e-01,-2.463023662567138672e+00
-7.332469820976257324e-01,-1.450781583786010742e+00
-2.043697834014892578e+00,4.646266698837280273e-01
-2.911210536956787109e+00,1.817791581153869629e+00
-7.037078142166137695e-01,-1.365676164627075195e+00
-1.508985400199890137e+00,-6.327034235000610352e-01
-9.246644377708435059e-02,-2.252872228622436523e+00
-1.821062117815017700e-01,-1.779620170593261719e+00
-1.215602278709411621e+00,-1.149009346961975098e+00
-1.260000824928283691e+00,-1.125290751457214355e+00
-1.845435023307800293e+00,-2.677059769630432129e-01
-1.261473298072814941e+00,-6.212908625602722168e-01
3.227208554744720459e-01,-2.878338336944580078e+00
-3.805568516254425049e-01,-2.254648685455322266e+00
-2.876021623611450195e+00,1.341808438301086426e+00
-1.382187604904174805e+00,-7.763555645942687988e-01
-9.021807909011840820e-01,-1.278619885444641113e+00
-1.486118882894515991e-01,-2.083509683609008789e+00
-1.959051847457885742e+00,2.255114763975143433e-01
-9.593860059976577759e-02,-2.477917432785034180e+00
-1.412756592035293579e-01,-2.892854690551757812e+00
-2.747889995574951172e+00,1.136007189750671387e+00
-2.009357661008834839e-01,-2.185679674148559570e+00
-1.160706162452697754e+00,-1.033583760261535645e+00
-9.784972667694091797e-01,-1.153921961784362793e+00
-1.072047710418701172e+00,-4.787624776363372803e-01
-1.320669651031494141e+00,-1.103748798370361328e+00
-2.253289699554443359e+00,5.351099967956542969e-01
8.063940405845642090e-01,-2.849162817001342773e+00
-2.973202466964721680e+00,2.095767736434936523e+00
-1.332332134246826172e+00,-1.309084445238113403e-01
-6.465154886245727539e-01,-1.964694857597351074e+00
-2.592581808567047119e-01,-1.885881423950195312e+00
-1.010837793350219727e+00,-7.893521189689636230e-01
-2.159456491470336914e+00,3.135444819927215576e-01
-7.199247926473617554e-02,-2.542155027389526367e+00
-8.002036213874816895e-01,-1.371376395225524902e+00
-1.865148305892944336e+00,3.487591445446014404e-01
-9.751439094543457031e-01,-8.882595896720886230e-01
-2.909669399261474609e+00,8.705553412437438965e-01
-7.451132535934448242e-01,-1.765462517738342285e+00
-1.351117730140686035e+00,-4.200996458530426025e-01
-1.538063168525695801e+00,-3.524742722511291504e-01
-2.819441556930541992e+00,9.876290559768676758e-01
-2.248859882354736328e+00,8.144475817680358887e-01
8.689962327480316162e-02,-2.821067810058593750e+00
-8.605731129646301270e-01,-9.208809733390808105e-01
-2.401932477951049805e+00,1.452425569295883179e-01
-8.262341022491455078e-01,-7.595520019531250000e-01
-2.760370731353759766e+00,1.230132699012756348e+00
-8.847706019878387451e-02,-1.611072182655334473e+00
-2.954358816146850586e+00,9.682818651199340820e-01
-2.848426103591918945e+00,1.419903159141540527e+00
-2.152801513671875000e+00,1.862735897302627563e-01
-2.716474294662475586e+00,1.446211814880371094e+00
-1.344153732061386108e-01,-1.768155217170715332e+00
-3.825095891952514648e-01,-1.902768492698669434e+00
-7.366324067115783691e-01,-1.469087123870849609e+00
-6.881925463676452637e-01,-1.426140308380126953e+00
-2.181225061416625977e+00,3.015090227127075195e-01
-1.904214501380920410e+00,-3.446832001209259033e-01
-2.683727264404296875e+00,1.296166181564331055e+00
-1.549311041831970215e+00,-4.069057106971740723e-01
-2.028666734695434570e+00,-1.756734699010848999e-01
-1.835726857185363770e+00,5.078353285789489746e-01
-1.674281209707260132e-01,-2.245740175247192383e+00
2.827695570886135101e-02,-2.873458862304687500e+00
1.303771734237670898e-01,-2.292028903961181641e+00
-2.380394697189331055e+00,5.098755359649658203e-01
-2.846027910709381104e-01,-1.970647096633911133e+00
-7.767441868782043457e-01,-1.706234455108642578e+00
-3.258269429206848145e-01,-1.728209257125854492e+00
-1.756851077079772949e+00,1.872037947177886963e-01
-1.907112717628479004e+00,-1.795168966054916382e-01
-2.859368085861206055e+00,1.200298547744750977e+00
6.443920731544494629e-01,-2.985309362411499023e+00
1.704995185136795044e-01,-2.672531604766845703e+00
1.766456663608551025e-01,-2.131719350814819336e+00
1.113169789314270020e-01,-2.798849105834960938e+00
-1.288784861564636230e+00,2.071916242130100727e-04
-6.867300271987915039e-01,-1.463907837867736816e+00
-1.123997211456298828e+00,-4.022538065910339355e-01
7.114018201828002930e-01,-2.981379747390747070e+00
-1.101387143135070801e+00,-1.146151185035705566e+00
-1.077307701110839844e+00,-1.027549386024475098e+00
-1.256879568099975586e+00,-5.287517905235290527e-01
-1.351580262184143066e+00,6.755648553371429443e-02
3.212054446339607239e-02,-2.173178672790527344e+00
-2.868840932846069336e+00,1.082610368728637695e+00
4.339122772216796875e-01,-2.919280767440795898e+00
1.243035644292831421e-01,-2.852330923080444336e+00
-2.372930049896240234e+00,2.077686339616775513e-01
-4.435003921389579773e-02,-1.820167064666748047e+00
-2.279346942901611328e+00,4.374592304229736328e-01
-2.671622753143310547e+00,1.149445295333862305e+00
-2.116302013397216797e+00,3.151780962944030762e-01
-2.449655055999755859e+00,7.576161623001098633e-01
7.411442995071411133e-01,-2.855856895446777344e+00
-5.234031081199645996e-01,-1.406950712203979492e+00
-1.433682292699813843e-01,-2.068004131317138672e+00
-2.795339584350585938e+00,9.184181690216064453e-01
-2.066710233688354492e+00,-1.788153797388076782e-01
-2.224085569381713867e+00,4.193583428859710693e-01
-5.365303158760070801e-01,-1.200996160507202148e+00
-2.942305564880371094e+00,1.093190789222717285e+00
-4.104504585266113281e-01,-1.655915141105651855e+00
-1.468564033508300781e+00,-1.170535683631896973e+00
-2.414852857589721680e+00,5.153068900108337402e-01
1.615564972162246704e-01,-2.874486446380615234e+00
-1.595381021499633789e+00,-4.148054718971252441e-01
-2.162867069244384766e+00,3.245028257369995117e-01
-2.119809389114379883e+00,6.140305399894714355e-01
-2.990087985992431641e+00,1.454280138015747070e+00
-2.198143959045410156e+00,6.301280856132507324e-01
-2.937998175621032715e-01,-2.278146982192993164e+00
-9.004233479499816895e-01,-1.347886204719543457e+00
-5.323652029037475586e-01,-2.224279880523681641e+00
-2.181185245513916016e+00,5.058940052986145020e-01
-9.774743318557739258e-01,-8.852551579475402832e-01
-7.016645073890686035e-01,-2.313596248626708984e+00
-1.042342543601989746e+00,-1.908879280090332031e+00
-2.677108764648437500e+00,8.388428092002868652e-01
-2.632653236389160156e+00,1.097429633140563965e+00
1.647842675447463989e-01,-2.963774919509887695e+00
2.487687161192297935e-04,-2.293526411056518555e+00
-9.767189025878906250e-01,-1.571421504020690918e+00
-6.208039522171020508e-01,-9.578682780265808105e-01
-8.333571553230285645e-01,-9.106777906417846680e-01
-8.069432377815246582e-01,-1.412991523742675781e+00
-1.025497436523437500e+00,-1.269531726837158203e+00
-1.130020260810852051e+00,-1.124295353889465332e+00
3.192783519625663757e-02,-2.412812232971191406e+00
-2.094502449035644531e+00,-4.324763268232345581e-02
-2.668042659759521484e+00,8.500781655311584473e-01
2.213593423366546631e-01,-2.831574678421020508e+00
-2.610917806625366211e+00,1.486561179161071777e+00
-1.532814621925354004e+00,-8.530755043029785156e-01
-7.018128037452697754e-01,-1.741370797157287598e+00
-1.237769603729248047e+00,-6.407411098480224609e-01
-2.583067178726196289e+00,1.273633241653442383e+00
-2.086686134338378906e+00,4.534642398357391357e-01
4.824342206120491028e-02,-2.649422168731689453e+00
-2.378863811492919922e+00,1.302424550056457520e+00
-2.973059415817260742e+00,1.535812139511108398e+00
-2.794743299484252930e+00,1.415587544441223145e+00
-9.228880405426025391e-01,-1.123459339141845703e+00
-1.008255124092102051e+00,-1.097868800163269043e+00
-5.400308370590209961e-01,-2.202874898910522461e+00
-8.865231871604919434e-01,-1.273116230964660645e+00
-7.018325328826904297e-01,-1.534856081008911133e+00
-2.836721181869506836e+00,1.603755831718444824e+00
-2.759035587310791016e+00,9.669188857078552246e-01
-2.082545280456542969e+00,2.217567712068557739e-01
-1.698956608772277832e+00,2.500786781311035156e-01
5.518011450767517090e-01,-2.907668352127075195e+00
-4.062901735305786133e-01,-2.451873779296875000e+00
-4.733408987522125244e-01,-1.574212551116943359e+00
-2.487140655517578125e+00,2.343228757381439209e-01
-1.151149511337280273e+00,-1.022133588790893555e+00
-1.097157597541809082e+00,-8.979180455207824707e-01
8.926844596862792969e-02,-1.820639610290527344e+00
-2.032105684280395508e+00,-6.671230494976043701e-02
-9.293522834777832031e-01,-1.359955072402954102e+00
-2.527569532394409180e+00,1.529985904693603516e+00
-2.738548994064331055e+00,1.593029975891113281e+00
-1.743425726890563965e+00,2.379177063703536987e-01
-2.314673662185668945e+00,8.052679300308227539e-01
-1.831170320510864258e+00,3.621348440647125244e-01
-1.220377683639526367e+00,-2.300572544336318970e-01
-2.450694084167480469e+00,1.040986776351928711e+00
-2.813172340393066406e+00,1.229156136512756348e+00
-1.775150179862976074e+00,1.388355940580368042e-01
-2.082432031631469727e+00,-6.305325031280517578e-02
-9.452521800994873047e-01,-1.263404846191406250e+00
-1.671302199363708496e+00,-1.455827951431274414e-01
-2.265841245651245117e+00,3.130059242248535156e-01
-2.435829877853393555e+00,4.118584990501403809e-01
-2.625860929489135742e+00,1.422793149948120117e+00
-1.721289277076721191e+00,-1.242013871669769287e-01
-5.527265667915344238e-01,-1.654647707939147949e+00
-2.588743448257446289e+00,1.018390536308288574e+00
-2.416766405105590820e+00,6.235700249671936035e-01
-2.876266241073608398e+00,1.753836393356323242e+00
-9.264120832085609436e-03,-2.494387865066528320e+00
-2.458098411560058594e+00,1.120445609092712402e+00
-1.110635042190551758e+00,-8.793730735778808594e-01
-1.126802563667297363e+00,-7.420368194580078125e-01
-2.678381502628326416e-01,-1.982170104980468750e+00
5.436121821403503418e-01,-2.556520462036132812e+00
-2.941414117813110352e+00,8.345108628273010254e-01
-1.655742168426513672e+00,-3.308997750282287598e-01
-8.373599648475646973e-01,-1.587732434272766113e+00
-3.502177000045776367e-01,-1.982534170150756836e+00
-1.265997648239135742e+00,-9.109435677528381348e-01
-2.452116727828979492e+00,1.188701629638671875e+00
-1.097351431846618652e+00,-4.033207520842552185e-02
2.758797109127044678e-01,-2.674114704132080078e+00
4.837537705898284912e-01,-2.948859214782714844e+00
-2.066447883844375610e-01,-2.222393274307250977e+00
-8.024554848670959473e-01,-1.525679230690002441e+00
-2.673735380172729492e+00,9.591128826141357422e-01
-1.365526676177978516e+00,-9.977152943611145020e-02
-1.546370029449462891e+00,-1.241410970687866211e+00
-1.615791320800781250e+00,-6.183165311813354492e-01
1.835853420197963715e-02,-1.913756489753723145e+00
-2.293092250823974609e+00,4.005440175533294678e-01
-4.959288239479064941e-02,-2.075436115264892578e+00
-1.117550805211067200e-01,-1.962374925613403320e+00
5.297060608863830566e-01,-2.709785699844360352e+00
1.511802081950008869e-03,-2.519827604293823242e+00
-1.511194705963134766e+00,-9.978430718183517456e-02
4.996619746088981628e-02,-2.678843498229980469e+00
-8.271170258522033691e-01,-1.177187800407409668e+00
-1.966856241226196289e+00,-6.818173825740814209e-02
-1.113978624343872070e+00,-9.613687396049499512e-01
-2.090704917907714844e+00,-1.580007523298263550e-01
-2.019208192825317383e+00,7.283571362495422363e-01
-1.071147680282592773e+00,-9.315918684005737305e-01
-1.697243809700012207e+00,-3.397808074951171875e-01
-4.363156557083129883e-01,-1.834015130996704102e+00
2.112450301647186279e-01,-2.271388530731201172e+00
-1.004788517951965332e+00,-1.042307496070861816e+00
1.388535089790821075e-02,-2.617029666900634766e+00
-1.165098428726196289e+00,-6.064162254333496094e-01
-1.137996390461921692e-01,-1.964412569999694824e+00
-1.376380801200866699e+00,-6.793939471244812012e-01
-3.794198930263519287e-01,-1.803519248962402344e+00
-8.175917267799377441e-01,-1.294468760490417480e+00
-9.097161889076232910e-01,-1.332401156425476074e+00
4.278891980648040771e-01,-2.299588203430175781e+00
-1.436290740966796875e+00,-6.073001623153686523e-01
-1.930096626281738281e+00,-3.253076374530792236e-01
-4.897966086864471436e-01,-1.605921268463134766e+00
-1.334098219871520996e+00,-8.353585004806518555e-01
-7.963688969612121582e-01,-1.781973123550415039e+00
-7.342404127120971680e-02,-2.704860925674438477e+00
-2.422919273376464844e+00,1.472424864768981934e+00
-2.279108762741088867e+00,1.176638126373291016e+00
-1.478576421737670898e+00,-4.270466789603233337e-02
-2.485232830047607422e+00,1.420431733131408691e+00
-3.851852118968963623e-01,-1.461143374443054199e+00
-1.165419101715087891e+00,-4.581358134746551514e-01
-4.842083156108856201e-01,-1.478345394134521484e+00
-1.440024256706237793e+00,-6.527190804481506348e-01
-1.495413780212402344e+00,-1.239153966307640076e-01
-2.069706678390502930e+00,-1.435195058584213257e-01
-4.370197951793670654e-01,-2.017010450363159180e+00
1.536331474781036377e-01,-2.716444492340087891e+00
-2.753907918930053711e+00,1.368362307548522949e+00
-7.233324646949768066e-01,-1.708300113677978516e+00
9.680575132369995117e-02,-2.530420780181884766e+00
-1.157978177070617676e+00,-1.632222175598144531e+00
-9.104795455932617188e-01,-1.167920827865600586e+00
-9.317099452018737793e-01,-1.844698071479797363e+00
-1.504906415939331055e-01,-1.658250451087951660e+00
-4.720797836780548096e-01,-2.312726497650146484e+00
3.292902708053588867e-01,-2.606500864028930664e+00
-2.849216938018798828e+00,1.317946434020996094e+00
5.687227249145507812e-01,-2.845804214477539062e+00
-2.339543819427490234e+00,4.475350379943847656e-01
-1.279442310333251953e+00,-1.022477865219116211e+00
-1.113986253738403320e+00,-1.648019552230834961e+00
-1.630112081766128540e-01,-2.642711400985717773e+00
5.913439765572547913e-02,-2.021388530731201172e+00
9.709022194147109985e-02,-2.019279241561889648e+00
-2.964380979537963867e+00,1.352330684661865234e+00
-2.157580137252807617e+00,4.102728962898254395e-01
-2.013467788696289062e+00,4.049246907234191895e-01
-2.130530595779418945e+00,2.556213140487670898e-01
-2.413882017135620117e+00,9.812193512916564941e-01
-2.871872663497924805e+00,1.559155344963073730e+00
-2.530595779418945312e+00,1.129410982131958008e+00
-1.783184766769409180e+00,-2.662169337272644043e-01
5.212628245353698730e-01,-2.968477010726928711e+00
4.130095243453979492e-01,-2.722567796707153320e+00
2.549866139888763428e-01,-2.091990232467651367e+00
-6.719342619180679321e-02,-2.261777877807617188e+00
-1.572304606437683105e+00,1.644441299140453339e-02
-1.942165017127990723e+00,2.589775025844573975e-01
6.585986614227294922e-01,-2.681717872619628906e+00
-2.874257564544677734e+00,1.002879738807678223e+00
-4.747612774372100830e-02,-2.128276109695434570e+00
-2.764403343200683594e+00,1.575852870941162109e+00
-1.944443434476852417e-01,-1.923358321189880371e+00
-2.500388383865356445e+00,7.854344248771667480e-01
3.335792720317840576e-01,-2.766367673873901367e+00
-6.997292637825012207e-01,-1.559919476509094238e+00
-1.665505409240722656e+00,-5.425570011138916016e-01
-6.135014891624450684e-01,-1.993148446083068848e+00
-2.538827359676361084e-01,-1.714348435401916504e+00
-2.209377527236938477e+00,4.085059762001037598e-01
-7.345652580261230469e-01,-1.574358105659484863e+00
-1.625031948089599609e+00,-3.696435689926147461e-01
-1.635934591293334961e+00,-6.844125390052795410e-01
3.387156724929809570e-01,-2.938558578491210938e+00
-1.881140470504760742e-01,-1.943073034286499023e+00
2.530895471572875977e-01,-2.715357542037963867e+00
-2.273235082626342773e+00,1.239500284194946289e+00
-6.548594236373901367e-01,-2.195305347442626953e+00
-2.845220565795898438e+00,1.561677098274230957e+00
-2.827414989471435547e+00,1.674782991409301758e+00
-2.670308649539947510e-01,-2.521862268447875977e+00
-7.561535835266113281e-01,-1.120918154716491699e+00
-2.084183454513549805e+00,7.232099175453186035e-01
-5.867302417755126953e-01,-1.727142214775085449e+00
-5.546402335166931152e-01,-1.608645081520080566e+00
-1.798737406730651855e+00,7.735548168420791626e-02
-8.667792081832885742e-01,-1.237623214721679688e+00
-1.428538799285888672e+00,-5.980233550071716309e-01
1.427761018276214600e-01,-2.298199653625488281e+00
7.121425867080688477e-01,-2.919646978378295898e+00
1.866889446973800659e-01,-2.316227197647094727e+00
-7.492389678955078125e-01,-1.243086338043212891e+00
-1.746227025985717773e+00,-4.430819153785705566e-01
-8.569802045822143555e-01,-1.557144641876220703e+00
-1.575798988342285156e+00,-2.266651019454002380e-02
-2.350499153137207031e+00,2.987799346446990967e-01
-1.076593756675720215e+00,-9.456320405006408691e-01
-1.104927420616149902e+00,-1.055726766586303711e+00
-5.163455605506896973e-01,-1.413445591926574707e+00
-2.165603399276733398e+00,5.954532623291015625e-01
-2.000643014907836914e+00,-2.091582715511322021e-01
2.427358329296112061e-01,-2.734669208526611328e+00
-2.517399489879608154e-01,-2.570577621459960938e+00
1.454849988222122192e-01,-2.944566011428833008e+00
-1.985835790634155273e+00,3.094961345195770264e-01
-2.807940483093261719e+00,9.722958207130432129e-01
-4.697599709033966064e-01,-1.299529075622558594e+00
-1.711763978004455566e+00,2.846403717994689941e-01
-3.323808312416076660e-02,-2.408858537673950195e+00
-8.786863088607788086e-01,-1.411711454391479492e+00
-2.594956398010253906e+00,8.586529493331909180e-01
1.141509041190147400e-01,-2.559511899948120117e+00
-1.239633321762084961e+00,-9.188847541809082031e-01
3.195726871490478516e-02,-2.302293777465820312e+00
4.631434082984924316e-01,-2.827442169189453125e+00
-5.682624876499176025e-02,-2.528100252151489258e+00
-2.436196804046630859e+00,5.969852805137634277e-01
-1.951985359191894531e+00,2.773060500621795654e-01
-8.648906350135803223e-01,-1.149781584739685059e+00
-1.623319149017333984e+00,-2.367540448904037476e-01
1.742649376392364502e-01,-2.471259593963623047e+00
-2.727037668228149414e+00,1.252972602844238281e+00
4.873167257755994797e-03,-2.109908342361450195e+00
-2.417226076126098633e+00,6.649160385131835938e-01
-2.403888940811157227e+00,8.467636108398437500e-01
-4.660173952579498291e-01,-1.858828783035278320e+00
-2.525804340839385986e-01,-2.172178268432617188e+00
-9.864565730094909668e-01,-7.067754864692687988e-01
1.003830954432487488e-01,-2.674066305160522461e+00
5.154695510864257812e-01,-2.893104076385498047e+00
-2.567909002304077148e+00,1.987814307212829590e-01
-2.156437397003173828e+00,5.443704128265380859e-01
-1.701397776603698730e+00,-7.906234264373779297e-02
-1.853258013725280762e+00,-4.609229564666748047e-01
-1.777142286300659180e+00,-2.122557610273361206e-01
-1.730510354042053223e+00,-8.772014081478118896e-02
-2.130797624588012695e+00,5.139054656028747559e-01
-1.586904287338256836e+00,-5.789889022707939148e-02
-1.823057413101196289e+00,3.632649481296539307e-01
-1.056217789649963379e+00,-8.253485560417175293e-01
-1.626861214637756348e+00,-6.484813243150711060e-02
-2.973382949829101562e+00,1.092312455177307129e+00
-8.279891014099121094e-01,-1.220259547233581543e+00
3.914417028427124023e-01,-2.737415552139282227e+00
-7.348650097846984863e-01,-1.275946855545043945e+00
-2.820947408676147461e+00,1.493304133415222168e+00
4.427947998046875000e-01,-2.503201961517333984e+00
1.581703275442123413e-01,-2.296060085296630859e+00
-1.629317879676818848e+00,-5.868161916732788086e-01
-2.918894767761230469e+00,2.094484806060791016e+00
-2.047524929046630859e+00,3.791717588901519775e-01
-1.295723795890808105e+00,-8.777418732643127441e-01
-5.541393160820007324e-01,-1.575232625007629395e+00
-9.489643573760986328e-01,-7.468162178993225098e-01
2.679603397846221924e-01,-2.404722213745117188e+00
-5.108600854873657227e-01,-1.437541723251342773e+00
-2.109194040298461914e+00,1.290755122900009155e-01
-2.011485815048217773e+00,4.649224579334259033e-01
-8.982498645782470703e-01,-1.126525282859802246e+00
-2.288681030273437500e+00,1.624792665243148804e-01
-1.510609030723571777e+00,-3.832004070281982422e-01
-1.364625811576843262e+00,-1.125208139419555664e+00
-9.153108000755310059e-01,-1.747258305549621582e+00
-2.147246360778808594e+00,6.627388596534729004e-01
4.049576446413993835e-02,-2.186744213104248047e+00
-2.528701305389404297e+00,9.215041399002075195e-01
-1.516390219330787659e-02,-2.331711769104003906e+00
-9.169727563858032227e-01,-1.115671038627624512e+00
-3.247433602809906006e-01,-1.862405776977539062e+00
-1.058087825775146484e+00,-1.073357224464416504e+00
-3.276341827586293221e-03,-2.277944564819335938e+00
3.321206867694854736e-01,-2.606465578079223633e+00
-2.523180007934570312e+00,3.668165504932403564e-01
-3.052891977131366730e-02,-1.708776712417602539e+00
-2.743984162807464600e-01,-2.438776016235351562e+00
-6.926342844963073730e-01,-1.597420573234558105e+00
1.756010651588439941e-01,-2.490498065948486328e+00
-2.775640010833740234e+00,1.668886542320251465e+00
-4.089938104152679443e-01,-1.777032852172851562e+00
-5.762248039245605469e-01,-1.468385338783264160e+00
-1.371418237686157227e+00,-1.007277011871337891e+00
-1.212153285741806030e-01,-2.003415107727050781e+00
-2.130595207214355469e+00,-5.935416743159294128e-02
-6.222428083419799805e-01,-1.468347549438476562e+00
-1.255454421043395996e+00,-6.880263090133666992e-01
-1.230684041976928711e+00,-1.033829569816589355e+00
-2.875175952911376953e+00,1.394248008728027344e+00
-1.920878887176513672e-01,-2.279072999954223633e+00
-7.122541666030883789e-01,-1.263058543205261230e+00
-1.137074679136276245e-01,-1.548417568206787109e+00
-2.393129825592041016e+00,7.429285049438476562e-01
-2.623078584671020508e+00,8.940830826759338379e-01
3.678061068058013916e-02,-2.782565355300903320e+00
-1.193102955818176270e+00,-1.051164269447326660e+00
-3.926948606967926025e-01,-2.555948495864868164e+00
-2.696270704269409180e+00,1.126806616783142090e+00
5.978627204895019531e-01,-2.979432106018066406e+00
-2.295519828796386719e+00,9.274824857711791992e-01
-2.727811574935913086e+00,4.874279499053955078e-01
-2.285624027252197266e+00,-4.375484213232994080e-02
-2.735873699188232422e+00,1.754768848419189453e+00
-2.826924085617065430e+00,8.366208076477050781e-01
-2.475502252578735352e+00,7.192373275756835938e-01
1.777429580688476562e-01,-2.844841480255126953e+00
-2.855573415756225586e+00,1.025824546813964844e+00
2.237539440393447876e-01,-2.496192693710327148e+00
-4.848011210560798645e-02,-2.265529155731201172e+00
1.564588993787765503e-01,-2.927907466888427734e+00
-1.165542483329772949e+00,-9.725859165191650391e-01
-2.763426542282104492e+00,1.558553457260131836e+00
-1.719636470079421997e-02,-2.459006309509277344e+00
-2.016574859619140625e+00,-7.529342174530029297e-02
-8.073982596397399902e-01,-1.666969537734985352e+00
4.563067257404327393e-01,-2.911453247070312500e+00
-1.115220427513122559e+00,-1.567775964736938477e+00
-2.106538534164428711e+00,5.770938992500305176e-01
1.653242260217666626e-01,-2.167208909988403320e+00
-1.107849121093750000e+00,-1.551458001136779785e+00
-2.902448177337646484e+00,1.237951397895812988e+00
-3.910350799560546875e-01,-1.497865557670593262e+00
-4.274371266365051270e-01,-2.067972660064697266e+00
-1.488242030143737793e+00,-4.280532896518707275e-01
-2.342864274978637695e+00,5.366800427436828613e-01
-1.740729212760925293e+00,3.450969755649566650e-01
-2.923200130462646484e+00,1.137502908706665039e+00
-1.375092506408691406e+00,-2.293245494365692139e-01
2.806903123855590820e-01,-2.391575574874877930e+00
-1.085195899009704590e+00,-1.096946716308593750e+00
-5.448532700538635254e-01,-1.857879638671875000e+00
-5.518830418586730957e-01,-1.858004212379455566e+00
-7.439901828765869141e-01,-9.836347699165344238e-01
-7.318774461746215820e-01,-1.658224940299987793e+00
-1.690647840499877930e+00,-5.479115247726440430e-01
-2.459077358245849609e+00,1.379750967025756836e+00
-1.650648117065429688e+00,-1.136912871152162552e-02
-1.673064470291137695e+00,-1.240051239728927612e-01
-2.007626295089721680e+00,-2.417546957731246948e-01
-2.735594987869262695e+00,1.236681699752807617e+00
-2.317779302597045898e+00,2.216473221778869629e-01
-2.467002153396606445e+00,7.755635380744934082e-01
-2.060462951660156250e+00,2.130111306905746460e-01
-2.190398573875427246e-01,-1.994041323661804199e+00
-1.656190276145935059e+00,-8.252980709075927734e-01
-1.158444046974182129e+00,-1.424308061599731445e+00
-2.235822916030883789e+00,3.995772600173950195e-01
-2.990453958511352539e+00,1.267704606056213379e+00
-1.179597020149230957e+00,-5.457120537757873535e-01
3.920639157295227051e-01,-2.898639440536499023e+00
8.192044496536254883e-01,-2.935211658477783203e+00
-2.249617338180541992e+00,1.023278713226318359e+00
-2.807836771011352539e+00,1.442133545875549316e+00
-2.872311353683471680e+00,1.747399806976318359e+00
-6.817514896392822266e-01,-1.750149726867675781e+00
4.615059494972229004e-01,-2.847366094589233398e+00
-5.418419837951660156e-01,-1.670300483703613281e+00
-1.167002558708190918e+00,-5.151996016502380371e-01
-2.429705142974853516e+00,1.578944325447082520e-01
5.497599244117736816e-01,-2.968724489212036133e+00
3.611008226871490479e-01,-2.552371978759765625e+00
-1.717995643615722656e+00,-6.401591300964355469e-01
-2.578355789184570312e+00,1.562289237976074219e+00
-2.103003025054931641e+00,-2.024385929107666016e-01
-8.916904330253601074e-01,-1.296076774597167969e+00
-1.825192332267761230e+00,-9.975700825452804565e-02
-2.144567489624023438e+00,7.891776561737060547e-01
2.888250350952148438e-01,-2.604355812072753906e+00
9.491287171840667725e-03,-2.664998769760131836e+00
8.704606294631958008e-01,-2.894386768341064453e+00
8.887811005115509033e-02,-2.322216749191284180e+00
-1.937348693609237671e-01,-1.885218501091003418e+00
-8.857386112213134766e-01,-1.097730159759521484e+00
-2.002523422241210938e+00,-2.473717331886291504e-01
-1.458219289779663086e+00,-6.818767786026000977e-01
4.679101407527923584e-01,-2.647819995880126953e+00
-1.054343819618225098e+00,-7.831907272338867188e-01
-2.729247808456420898e+00,1.203504204750061035e+00
-2.667199134826660156e+00,1.161005735397338867e+00
-2.584301948547363281e+00,5.548397302627563477e-01
-1.388756752014160156e+00,-1.005587100982666016e+00
-6.217609047889709473e-01,-1.485409259796142578e+00
-1.180676579475402832e+00,-9.849450588226318359e-01
-1.860935211181640625e+00,4.062747955322265625e-01
-1.392289757728576660e+00,-4.005613625049591064e-01
-1.637633800506591797e+00,-2.650102972984313965e-01
-1.264437913894653320e+00,-9.970605373382568359e-01
-9.750558137893676758e-01,-1.115242481231689453e+00
-1.829657673835754395e+00,-1.648146659135818481e-01
-6.899453997611999512e-01,-1.907871961593627930e+00
-9.750386476516723633e-01,-1.018493890762329102e+00
-2.777054071426391602e+00,1.185707211494445801e+00
-1.328365206718444824e+00,-1.065307497978210449e+00
-2.297981023788452148e+00,4.911248981952667236e-01
-1.905666887760162354e-01,-2.381912231445312500e+00
-9.501126408576965332e-01,-9.563069343566894531e-01
8.536765724420547485e-02,-2.318041801452636719e+00
-2.285072326660156250e+00,5.841542482376098633e-01
-2.065900802612304688e+00,5.885883569717407227e-01
-2.944201946258544922e+00,7.735584974288940430e-01
-2.226450204849243164e+00,4.983659386634826660e-01
-1.477757334709167480e+00,-5.209098458290100098e-01
-1.619654536247253418e+00,-2.966536581516265869e-01
-1.180370211601257324e+00,-1.259860277175903320e+00
-4.801958501338958740e-01,-2.298172712326049805e+00
5.088990554213523865e-02,-2.757933378219604492e+00
-1.346311688423156738e+00,-4.086053371429443359e-01
-3.552743494510650635e-01,-2.351344108581542969e+00
-2.073126316070556641e+00,6.122367382049560547e-01
-2.054097890853881836e+00,5.251553375273942947e-03
1.132563501596450806e-01,-2.823833703994750977e+00
-1.076595902442932129e+00,-1.797052741050720215e+00
-1.475137710571289062e+00,-7.225718498229980469e-01
-2.266732931137084961e+00,2.698181271553039551e-01
7.511544823646545410e-01,-2.762929677963256836e+00
-2.655322849750518799e-02,-2.565901279449462891e+00
-1.466589927673339844e+00,-7.066488265991210938e-01
-9.124917984008789062e-01,-1.047926068305969238e+00
-2.360377311706542969e+00,6.214633584022521973e-01
-1.753232955932617188e+00,5.459372401237487793e-01
-1.559790849685668945e+00,-3.814446032047271729e-01
-1.751819133758544922e+00,-4.562607407569885254e-01
-2.084713935852050781e+00,-2.257971018552780151e-01
-1.692884564399719238e-01,-2.151086807250976562e+00
-4.802683889865875244e-01,-1.660186767578125000e+00
-2.074301242828369141e+00,3.077347874641418457e-01
-2.368424892425537109e+00,5.187280774116516113e-01
-1.328631877899169922e+00,-8.111198991537094116e-02
-1.338942289352416992e+00,-1.036870956420898438e+00
-2.910950183868408203e+00,1.731837391853332520e+00
-2.213686227798461914e+00,-1.717216968536376953e-01
2.710115909576416016e-01,-2.575614690780639648e+00
2.050332427024841309e-01,-2.859888553619384766e+00
-2.081302404403686523e+00,1.765030622482299805e-01
-4.516140520572662354e-01,-1.545271754264831543e+00
-2.078388929367065430e+00,1.659533940255641937e-02
4.520100355148315430e-01,-2.512492179870605469e+00
-2.665081322193145752e-01,-2.207610845565795898e+00
-3.727889955043792725e-01,-1.860057830810546875e+00
-1.785838246345520020e+00,3.500552177429199219e-01
-5.999810695648193359e-01,-1.499260425567626953e+00
-8.324960470199584961e-01,-1.489355087280273438e+00
-2.792755603790283203e+00,1.105809450149536133e+00
-1.334427237510681152e+00,-8.258868455886840820e-01
8.308950811624526978e-02,-2.893278598785400391e+00
-1.600935935974121094e+00,-6.182394623756408691e-01
-2.940716266632080078e+00,9.206013083457946777e-01
-1.858819961547851562e+00,3.259295225143432617e-02
-2.308009862899780273e+00,7.626364827156066895e-01
-7.835273742675781250e-01,-1.569335460662841797e+00
-6.053078174591064453e-01,-1.270982503890991211e+00
-2.256215095520019531e+00,2.725296914577484131e-01
-1.743821740150451660e+00,-5.844971537590026855e-01
-1.946604967117309570e+00,-1.046454831957817078e-01
8.034123778343200684e-01,-2.923865795135498047e+00
-1.290189027786254883e+00,4.725819081068038940e-02
-9.254054725170135498e-02,-2.557657718658447266e+00
-1.269069075584411621e+00,-8.947476744651794434e-01
-6.940389275550842285e-01,-1.185184240341186523e+00
-1.033893942832946777e+00,-1.172711730003356934e+00
-2.404504776000976562e+00,8.293908238410949707e-01
-7.309231758117675781e-01,-1.130426883697509766e+00
6.931512355804443359e-01,-2.716536760330200195e+00
-1.282543301582336426e+00,-3.898528814315795898e-01
-2.029835462570190430e+00,9.739431142807006836e-01
-1.634187579154968262e+00,-1.327336579561233521e-01
-6.500964760780334473e-01,-1.468823671340942383e+00
-1.439706683158874512e-01,-2.360108137130737305e+00
-2.577610015869140625e+00,5.463376641273498535e-01
-7.212318778038024902e-01,-1.314296007156372070e+00
-4.524992704391479492e-01,-1.505831360816955566e+00
-9.226036071777343750e-01,-1.357385635375976562e+00
-3.362076580524444580e-01,-2.037512779235839844e+00
-1.736128091812133789e+00,-7.756717801094055176e-01
-1.765641450881958008e+00,-3.923436999320983887e-01
-1.927817463874816895e+00,2.192062288522720337e-01
-2.938769578933715820e+00,2.839344978332519531e+00
-1.951333880424499512e+00,3.821475207805633545e-01
-1.405036449432373047e+00,-6.181210279464721680e-01
-1.640169620513916016e+00,3.230860829353332520e-01
-2.484196424484252930e+00,1.029491662979125977e+00
-4.689166247844696045e-01,-2.116767168045043945e+00
-2.744148015975952148e+00,8.828372359275817871e-01
-1.954345107078552246e+00,-8.182199299335479736e-02
9.258531779050827026e-02,-2.670884370803833008e+00
-9.099124372005462646e-02,-2.189672946929931641e+00
-2.741458177566528320e+00,8.705620765686035156e-01
-5.496448278427124023e-01,-1.912263751029968262e+00
-1.739129773341119289e-03,-1.949809312820434570e+00
-1.898348778486251831e-01,-2.217063426971435547e+00
-2.999413013458251953e+00,1.467051863670349121e+00
-2.095582246780395508e+00,6.114061474800109863e-01
-6.941229701042175293e-01,-1.838335990905761719e+00
-7.207123637199401855e-01,-1.678502440452575684e+00
-1.756387114524841309e+00,2.963161095976829529e-02
-1.239603281021118164e+00,-7.668557763099670410e-01
-4.477541744709014893e-01,-2.156026363372802734e+00
2.463441491127014160e-01,-2.725853919982910156e+00
-2.341609001159667969e-01,-2.796310186386108398e+00
3.024611473083496094e-01,-2.817508697509765625e+00
-1.188543081283569336e+00,-9.225863218307495117e-01
2.520131170749664307e-01,-2.594317674636840820e+00
-3.928083777427673340e-01,-2.130367040634155273e+00
-2.330346107482910156e+00,5.839834213256835938e-01
-1.015733480453491211e+00,-1.165459156036376953e+00
-2.265431880950927734e+00,5.191352684050798416e-03
-6.449843049049377441e-01,-1.924943804740905762e+00
3.026753067970275879e-01,-2.353924274444580078e+00
-6.573641300201416016e-01,-1.368776082992553711e+00
-2.100987911224365234e+00,1.979150027036666870e-01
-2.850783765316009521e-01,-1.963450908660888672e+00
-1.913418412208557129e+00,2.720243036746978760e-01
-1.632317781448364258e+00,-6.416708230972290039e-01
-4.387517869472503662e-01,-1.801593184471130371e+00
-1.018410563468933105e+00,-1.262170910835266113e+00
-1.149719953536987305e-01,-2.094370126724243164e+00
-7.490652799606323242e-01,-1.745867252349853516e+00
-4.879764914512634277e-01,-1.604756474494934082e+00
-1.163761496543884277e+00,-9.009065032005310059e-01
-4.895335137844085693e-01,-1.454172968864440918e+00
-9.932929277420043945e-01,-7.416100502014160156e-01
-1.759678483009338379e+00,-4.802810028195381165e-02
-1.766823172569274902e+00,4.336128234863281250e-01
-1.286583662033081055e+00,-6.464089751243591309e-01
1.420224457979202271e-01,-2.575907230377197266e+00
2.807777822017669678e-01,-2.737944126129150391e+00
-1.718256950378417969e+00,-5.546660423278808594e-01
-1.704694032669067383e+00,-2.366334795951843262e-01
-1.369571328163146973e+00,-7.894371747970581055e-01
-1.174701809883117676e+00,-8.079155087471008301e-01
-1.106776833534240723e+00,-1.047944426536560059e+00
-1.735552191734313965e+00,1.960509568452835083e-01
-1.887486100196838379e+00,4.224455356597900391e-01
-1.677495360374450684e+00,-4.829887449741363525e-01
5.112242698669433594e-01,-2.857674121856689453e+00
-1.681612610816955566e+00,-6.107249259948730469e-01
4.484547674655914307e-01,-2.650761365890502930e+00
-4.472915232181549072e-01,-1.653883934020996094e+00
-2.278751850128173828e+00,-1.551309823989868164e-01
-1.581064939498901367e+00,-1.380505919456481934e+00
-1.493535041809082031e+00,4.420879781246185303e-01
2.622917890548706055e-01,-2.238777399063110352e+00
-2.645861387252807617e+00,1.158419728279113770e+00
-1.416849374771118164e+00,-7.275827527046203613e-01
-5.958094000816345215e-01,-1.863297820091247559e+00
2.056203484535217285e-01,-2.742547988891601562e+00
-2.027755022048950195e+00,4.095612764358520508e-01
-2.826600551605224609e+00,8.091165423393249512e-01
-2.003397703170776367e+00,-2.549931108951568604e-01
-1.344915270805358887e+00,-4.639129042625427246e-01
1.540718674659729004e-01,-2.929044485092163086e+00
-1.097390890121459961e+00,-9.936252236366271973e-01
8.497322350740432739e-02,-2.743324995040893555e+00
-2.414439678192138672e+00,6.533268094062805176e-01
4.607940912246704102e-01,-2.237349033355712891e+00
-1.390688180923461914e+00,-4.495570361614227295e-01
3.082200586795806885e-01,-2.696937322616577148e+00
-1.977485865354537964e-01,-1.775567054748535156e+00
1.258700788021087646e-01,-2.192296504974365234e+00
9.652069211006164551e-02,-2.657714843750000000e+00
-5.482959747314453125e-01,-2.606650829315185547e+00
-2.679391622543334961e+00,1.599330186843872070e+00
-5.436549782752990723e-01,-1.596172451972961426e+00
-2.884343385696411133e+00,1.543266177177429199e+00
-1.699585914611816406e+00,-3.591434657573699951e-01
-1.490020990371704102e+00,-1.087234169244766235e-01
-2.123306035995483398e+00,1.816032528877258301e-01
-1.835085272789001465e+00,-1.488679051399230957e-01
-2.831261873245239258e+00,1.470300674438476562e+00
-2.171580314636230469e+00,7.006163597106933594e-01
-1.087807178497314453e+00,-1.350402951240539551e+00
-1.898996084928512573e-01,-1.615518689155578613e+00
-1.251250505447387695e+00,-4.073092639446258545e-01
-1.147299289703369141e+00,-7.440457940101623535e-01
-6.162133216857910156e-01,-1.421888828277587891e+00
7.270327210426330566e-02,-2.862309217453002930e+00
-2.478987455368041992e+00,6.411093473434448242e-01
-1.237866520881652832e+00,-5.670134425163269043e-01
-1.482846140861511230e+00,-4.588266313076019287e-01
-2.538567781448364258e+00,9.654208421707153320e-01
-7.700757980346679688e-01,-1.771643996238708496e+00
-2.286093235015869141e+00,6.233658194541931152e-01
-1.261087656021118164e+00,-2.081987559795379639e-01
-2.590544700622558594e+00,1.342728018760681152e+00
-6.107339635491371155e-02,-2.086194515228271484e+00
2.336705923080444336e-01,-2.569772481918334961e+00
-7.815861701965332031e-01,-9.921026825904846191e-01
-9.223710894584655762e-01,-5.303443670272827148e-01
-7.913920879364013672e-01,-1.339047670364379883e+00
-7.633630037307739258e-01,-1.421115756034851074e+00
-1.130995512008666992e+00,-7.512441873550415039e-01
6.870517730712890625e-01,-2.897525787353515625e+00
-1.773128271102905273e+00,2.406554669141769409e-01
-2.897950172424316406e+00,1.016528487205505371e+00
-1.818625807762145996e+00,2.387431263923645020e-01
6.558151841163635254e-01,-2.609349250793457031e+00
-2.403099775314331055e+00,1.234460949897766113e+00
-2.508298158645629883e+00,1.001121997833251953e+00
-2.331514835357666016e+00,4.608984589576721191e-01
-1.829028844833374023e+00,1.833669655025005341e-02
-1.157425642013549805e+00,-1.140064001083374023e+00
-2.589427947998046875e+00,1.149708628654479980e+00
8.511120080947875977e-01,-2.626819133758544922e+00
-1.061819791793823242e+00,-1.250732421875000000e+00
-5.124737024307250977e-01,-1.426967978477478027e+00
-1.373041629791259766e+00,-2.384632527828216553e-01
-6.828110814094543457e-01,-1.685247898101806641e+00
-2.308761358261108398e+00,5.531273484230041504e-01
-2.169609308242797852e+00,5.961900949478149414e-01
-1.434400081634521484e+00,-1.139355063438415527e+00
-1.341710209846496582e+00,-6.044383049011230469e-01
-2.571986913681030273e+00,4.188550114631652832e-01
-2.688835382461547852e+00,7.539280652999877930e-01
-1.685577511787414551e+00,2.037967741489410400e-01
4.450414180755615234e-01,-2.809293746948242188e+00
-1.172756195068359375e+00,-1.126693964004516602e+00
-1.689054131507873535e+00,-5.758941769599914551e-01
-2.033017389476299286e-02,-2.238528728485107422e+00
-1.223335623741149902e+00,-1.135371923446655273e+00
-2.141219139099121094e+00,5.769263505935668945e-01
4.017663002014160156e-01,-2.559446334838867188e+00
-5.223916098475456238e-02,-2.090749502182006836e+00
-1.399684667587280273e+00,-1.715543121099472046e-01
-2.153187990188598633e+00,3.214785456657409668e-01
-6.367279291152954102e-01,-2.378870964050292969e+00
4.899841845035552979e-01,-2.717586040496826172e+00
2.838389277458190918e-01,-2.288763999938964844e+00
-2.450491428375244141e+00,1.261862516403198242e+00
4.031944870948791504e-01,-2.757955074310302734e+00
-2.786195993423461914e+00,1.264817118644714355e+00
-1.857097983360290527e+00,-3.528530895709991455e-01
-2.018539428710937500e+00,2.945456504821777344e-01
6.729990839958190918e-01,-2.914573192596435547e+00
6.531472504138946533e-02,-2.034006118774414062e+00
-2.909060478210449219e+00,1.099838972091674805e+00
-2.902474641799926758e+00,1.523906826972961426e+00
-2.640725135803222656e+00,8.044020533561706543e-01
-2.316600799560546875e+00,2.754289209842681885e-01
-4.387951195240020752e-01,-1.887120962142944336e+00
-2.864209003746509552e-02,-2.080425739288330078e+00
-2.058539539575576782e-01,-2.267629146575927734e+00
-7.973115891218185425e-03,-1.714245796203613281e+00
-1.085936307907104492e+00,-2.733558416366577148e-01
-1.961418390274047852e+00,-9.624250978231430054e-02
-1.749871373176574707e+00,8.273778483271598816e-03
-1.185453057289123535e+00,-1.489861488342285156e+00
-2.308192491531372070e+00,5.238758325576782227e-01
-1.751721501350402832e+00,3.976078033447265625e-01
-2.039631366729736328e+00,1.402631849050521851e-01
-2.898089170455932617e+00,1.604525446891784668e+00
-2.062747955322265625e+00,1.851812303066253662e-01
-2.129494428634643555e+00,-7.554854452610015869e-02
-6.990061402320861816e-01,-1.741875410079956055e+00
-6.172571182250976562e-01,-1.639428734779357910e+00
2.222414463758468628e-01,-2.445971965789794922e+00
-5.509547591209411621e-01,-1.438714981079101562e+00
-1.228476166725158691e+00,-6.412938237190246582e-01
-2.032630443572998047e+00,5.730957388877868652e-01
-1.201367735862731934e+00,-6.517391800880432129e-01
3.126409649848937988e-01,-2.678095102310180664e+00
-2.355781793594360352e+00,1.184637397527694702e-01
-2.232996702194213867e+00,9.378492832183837891e-01
-1.734655141830444336e+00,1.100171208381652832e-01
5.407090783119201660e-01,-2.887634992599487305e+00
-2.215166568756103516e+00,1.010687112808227539e+00
-9.673531055450439453e-01,-1.002886652946472168e+00
-2.138659715652465820e+00,5.632888078689575195e-01
-2.115762948989868164e+00,5.129153132438659668e-01
-4.428282380104064941e-01,-1.560057759284973145e+00
-1.823076367378234863e+00,-3.730581402778625488e-01
-1.160563945770263672e+00,-7.979477047920227051e-01
-2.426388025283813477e+00,5.106043815612792969e-01
-2.838101863861083984e+00,1.083828806877136230e+00
-3.615443408489227295e-01,-1.841741800308227539e+00
-1.229289531707763672e+00,-1.187389492988586426e+00
-2.987774133682250977e+00,1.451548933982849121e+00
2.199281156063079834e-01,-2.520832300186157227e+00
-2.205090999603271484e+00,2.571399807929992676e-01
6.803842186927795410e-01,-2.965351343154907227e+00
-2.969846725463867188e+00,1.826586723327636719e+00
3.096903562545776367e-01,-2.443382740020751953e+00
-2.720951080322265625e+00,1.331549525260925293e+00
-1.740756392478942871e+00,-3.367317020893096924e-01
-2.154453754425048828e+00,3.742221295833587646e-01
-7.323139309883117676e-01,-1.420992136001586914e+00
-1.372530460357666016e+00,-4.687890410423278809e-01
-2.616189956665039062e+00,9.854149818420410156e-01
-7.374483942985534668e-01,-8.808872699737548828e-01
2.495562471449375153e-02,-2.382272720336914062e+00
-7.428352236747741699e-01,-1.056372761726379395e+00
-2.806959629058837891e+00,1.763607859611511230e+00
-5.501987179741263390e-04,-2.341475248336791992e+00
3.061864972114562988e-01,-2.912942171096801758e+00
-1.827686667442321777e+00,5.160854458808898926e-01
-2.484968423843383789e+00,6.017531752586364746e-01
-9.481065273284912109e-01,-1.137497067451477051e+00
-1.081462383270263672e+00,-8.997772336006164551e-01
-1.949643135070800781e+00,-1.504110842943191528e-01
-1.289584636688232422e+00,-1.068263888359069824e+00
-5.611059442162513733e-02,-2.143574476242065430e+00
-1.693164944648742676e+00,-2.220839262008666992e-01
-7.127697467803955078e-01,-1.301144599914550781e+00
-1.195578217506408691e+00,-3.712090849876403809e-01
-6.147730946540832520e-01,-1.338888406753540039e+00
-2.612142860889434814e-01,-1.831636190414428711e+00
-1.268513679504394531e+00,-7.010188102722167969e-01
-6.897719502449035645e-01,-1.534834742546081543e+00
-3.917614221572875977e-01,-1.964592933654785156e+00
-2.394906282424926758e+00,4.177053868770599365e-01
-2.330995082855224609e+00,1.000773310661315918e+00
-2.626749038696289062e+00,1.212402820587158203e+00
-2.604633569717407227e+00,6.137994527816772461e-01
-2.100215911865234375e+00,7.449765205383300781e-01
1.849948763847351074e-01,-2.686912536621093750e+00
-1.578906059265136719e+00,5.424623377621173859e-03
-4.568585455417633057e-01,-2.111996412277221680e+00
-7.480463385581970215e-01,-1.530219078063964844e+00
-1.760938048362731934e+00,-1.966908574104309082e-01
-1.909898996353149414e+00,4.512892961502075195e-01
-2.426929950714111328e+00,8.453628420829772949e-01
-6.514581441879272461e-01,-2.056033372879028320e+00
-1.635860562324523926e+00,-8.630054593086242676e-01
-2.343860626220703125e+00,8.101759552955627441e-01
-1.883967399597167969e+00,7.610136270523071289e-01
-9.248504638671875000e-01,-1.272536873817443848e+00
-2.449379920959472656e+00,3.796939253807067871e-01
-9.814402461051940918e-01,-1.339295744895935059e+00
-2.456550836563110352e+00,7.607166767120361328e-01
8.909773826599121094e-02,-2.203573465347290039e+00
-1.720616459846496582e+00,-1.997217983007431030e-01
-2.243260383605957031e+00,4.683294594287872314e-01
9.254207462072372437e-02,-2.426207542419433594e+00
-2.260951280593872070e+00,5.621700286865234375e-01
-2.582946062088012695e+00,5.527934432029724121e-01
-1.228884980082511902e-01,-2.084707975387573242e+00
-2.982493638992309570e+00,1.289348363876342773e+00
-5.154042840003967285e-01,-1.475054740905761719e+00
-2.668869495391845703e+00,9.081565141677856445e-01
-2.799970149993896484e+00,1.055305361747741699e+00
-1.679626941680908203e+00,1.925930529832839966e-01
-1.113975882530212402e+00,-1.648181438446044922e+00
-1.595940113067626953e+00,5.271968618035316467e-02
4.535242915153503418e-01,-2.040287971496582031e+00
-1.495845913887023926e+00,-3.226258754730224609e-01
-2.107537984848022461e+00,2.896314561367034912e-01
-1.883363127708435059e+00,3.656639158725738525e-01
-1.748064756393432617e+00,-2.318218201398849487e-01
-2.761066675186157227e+00,9.698097109794616699e-01
-2.650127410888671875e+00,1.419743537902832031e+00
-1.341344833374023438e+00,-8.967731595039367676e-01
-2.875921010971069336e+00,5.438972115516662598e-01
8.119767308235168457e-01,-2.892075538635253906e+00
-1.797748565673828125e+00,-2.275685817003250122e-01
-1.771766781806945801e+00,-4.908606112003326416e-01
-2.154682874679565430e+00,7.546225190162658691e-01
-1.329049587249755859e+00,-5.752956271171569824e-01
-1.528532147407531738e+00,-1.664195060729980469e-01
-1.333496451377868652e+00,2.965836226940155029e-01
-3.707665801048278809e-01,-2.100009441375732422e+00
-1.049523472785949707e+00,-1.440535187721252441e+00
-5.749136954545974731e-02,-2.103943824768066406e+00
-5.254020690917968750e-01,-1.207002401351928711e+00
1.607524603605270386e-01,-2.466141939163208008e+00
9.062064886093139648e-01,-2.726775407791137695e+00
-1.797525882720947266e+00,2.579014003276824951e-01
-1.137429252266883850e-01,-1.918841242790222168e+00
-2.985165596008300781e+00,1.229125380516052246e+00
-1.133378744125366211e+00,-8.684418201446533203e-01
-1.095612168312072754e+00,-1.674126744270324707e+00
-2.309847921133041382e-01,-2.340959072113037109e+00
-2.447157144546508789e+00,8.921951651573181152e-01
3.186287581920623779e-01,-2.762512445449829102e+00
1.087494343519210815e-01,-2.598566532135009766e+00
1.952715218067169189e-01,-2.589081048965454102e+00
7.168990373611450195e-01,-2.702686071395874023e+00
-1.356120586395263672e+00,-7.004773616790771484e-01
-1.274556159973144531e+00,-8.337642550468444824e-01
-2.047728776931762695e+00,1.541072130203247070e-01
-8.196238428354263306e-02,-2.505146503448486328e+00
-6.337620019912719727e-01,-1.407062292098999023e+00
-7.114214897155761719e-01,-1.381730198860168457e+00
-2.376466512680053711e+00,8.453231453895568848e-01
-1.665926575660705566e+00,-3.572445809841156006e-01
-2.006448030471801758e+00,2.911384999752044678e-01
-9.948414564132690430e-01,-6.706046462059020996e-01
-6.334788799285888672e-01,-1.521911144256591797e+00
-1.273368716239929199e+00,-1.280405998229980469e+00
-3.256863057613372803e-01,-1.734759807586669922e+00
-2.862435579299926758e+00,1.466702699661254883e+00
-3.766665160655975342e-01,-2.318003654479980469e+00
-2.272645711898803711e+00,3.906820714473724365e-01
-7.270649671554565430e-01,-1.029413461685180664e+00
-2.408918380737304688e+00,8.117346167564392090e-01
-5.664141774177551270e-01,-1.584268093109130859e+00
4.940127730369567871e-01,-2.734735012054443359e+00
-5.917380005121231079e-02,-1.976286411285400391e+00
-2.933973073959350586e+00,1.154389500617980957e+00
-1.435733556747436523e+00,-6.183006167411804199e-01
-1.240339994430541992e+00,-8.372882604598999023e-01
-1.636378884315490723e+00,-8.601263910531997681e-02
-2.741528749465942383e+00,4.712557196617126465e-01
-1.280032098293304443e-01,-2.720849752426147461e+00
3.109439611434936523e-01,-2.531352043151855469e+00
-1.857251048088073730e+00,3.962730467319488525e-01
-8.798468708992004395e-01,-9.256997108459472656e-01
-2.570701949298381805e-02,-2.528084516525268555e+00
-2.964335381984710693e-01,-2.208687067031860352e+00
-2.901471853256225586e+00,1.389378786087036133e+00
-2.378626585006713867e+00,7.091072201728820801e-01
-1.262442350387573242e+00,-7.710136175155639648e-01
-1.170927643775939941e+00,-8.385926485061645508e-01
-1.751922518014907837e-01,-2.123304367065429688e+00
-9.905197620391845703e-01,-6.437899470329284668e-01
-1.351081728935241699e+00,-1.154354214668273926e+00
-2.371824502944946289e+00,5.183830261230468750e-01
7.976528257131576538e-03,-1.958920240402221680e+00
-1.034625411033630371e+00,-5.032518506050109863e-01
6.664215028285980225e-02,-2.579185724258422852e+00
