-1.056450247764587402e+00,-2.732230424880981445e+00,2.879570960998535156e+00,-1.779467105865478516e+00,-2.602502346038818359e+00
-8.261229991912841797e-01,-1.503608226776123047e+00,-2.769998311996459961e+00,1.739844322204589844e+00,-2.530419111251831055e+00
-1.582075834274291992e+00,-2.396354436874389648e+00,-2.864781618118286133e+00,1.656996488571166992e+00,-1.361347436904907227e+00
-1.975138306617736816e+00,-1.719432353973388672e+00,-2.431007146835327148e+00,-1.304844498634338379e+00,-2.593575477600097656e+00
-1.736836910247802734e+00,-2.090161323547363281e+00,-2.382347106933593750e+00,1.274515628814697266e+00,-2.750967741012573242e+00
-4.411188364028930664e-01,-1.320453524589538574e+00,-2.989029169082641602e+00,-1.267192959785461426e+00,-9.714051485061645508e-01
-4.476719796657562256e-01,-1.249421119689941406e+00,2.889478921890258789e+00,1.391673922538757324e+00,-4.440582990646362305e-01
-2.040641784667968750e+00,-6.336238980293273926e-01,-2.340361595153808594e+00,-1.475663185119628906e+00,-1.898674368858337402e+00
-5.336066484451293945e-01,-1.192425727844238281e+00,-2.802557468414306641e+00,-1.255808949470520020e+00,-5.194516777992248535e-01
-1.965824961662292480e+00,-2.443029403686523438e+00,2.893625974655151367e+00,-2.386422634124755859e+00,-1.937803268432617188e+00
6.525321602821350098e-01,-2.411956787109375000e-01,2.925080776214599609e+00,-1.878859758377075195e+00,-1.133118152618408203e+00
1.059951633214950562e-01,-2.766733646392822266e+00,2.945401430130004883e+00,-1.304571628570556641e+00,-8.097296357154846191e-01
-1.117348074913024902e+00,-9.448083639144897461e-01,-2.716279268264770508e+00,2.179773330688476562e+00,-2.291350364685058594e+00
8.871331214904785156e-01,-2.771726846694946289e+00,2.293811559677124023e+00,-1.672605752944946289e+00,-2.254064083099365234e+00
2.105268090963363647e-01,1.899833232164382935e-01,2.948814868927001953e+00,1.521387338638305664e+00,-4.210028648376464844e-01
-1.662539958953857422e+00,3.962789773941040039e-01,2.796800136566162109e+00,-1.603130340576171875e+00,-2.090574979782104492e+00
1.648698806762695312e+00,-1.207382827997207642e-01,-2.755274772644042969e+00,1.984472632408142090e+00,-3.177498281002044678e-01
8.035278320312500000e-01,-1.848666667938232422e+00,-2.455740451812744141e+00,1.762320041656494141e+00,-1.951526999473571777e-01
7.640001773834228516e-01,-2.113816738128662109e+00,2.516376018524169922e+00,1.311066508293151855e+00,-4.345133602619171143e-01
-1.704422235488891602e+00,-2.080586194992065430e+00,-2.049667596817016602e+00,1.540570616722106934e+00,-2.195481300354003906e+00
-1.016122221946716309e+00,-1.713784635066986084e-01,-2.992734432220458984e+00,2.599614143371582031e+00,-1.225286722183227539e+00
2.549832105636596680e+00,-2.742357015609741211e+00,-2.506741762161254883e+00,1.778041243553161621e+00,-1.314423918724060059e+00
-1.386079490184783936e-01,9.828464984893798828e-01,-2.789565563201904297e+00,2.081039905548095703e+00,-1.131066799163818359e+00
-2.455774068832397461e+00,-2.710260391235351562e+00,2.243925333023071289e+00,-2.103982925415039062e+00,-1.742849230766296387e+00
-1.620649695396423340e-01,9.090180993080139160e-01,-2.475521326065063477e+00,2.033202648162841797e+00,-5.769680738449096680e-01
6.861433386802673340e-01,-1.121278762817382812e+00,2.827233076095581055e+00,2.912601947784423828e+00,-9.897928833961486816e-01
-1.879999518394470215e+00,-4.081043899059295654e-01,2.522835493087768555e+00,1.722561478614807129e+00,1.532809585332870483e-01
-2.880805492401123047e+00,1.640135765075683594e+00,2.095056533813476562e+00,1.859304666519165039e+00,9.853269159793853760e-02
-1.568207383155822754e+00,2.230660676956176758e+00,2.478364944458007812e+00,1.948083400726318359e+00,-1.336159944534301758e+00
-2.669993877410888672e+00,-1.344666481018066406e+00,1.543954849243164062e+00,-4.988219439983367920e-01,4.504694789648056030e-02
-8.538304567337036133e-01,-1.087338924407958984e+00,-2.705105066299438477e+00,-6.001526117324829102e-01,-1.125940799713134766e+00
1.050321578979492188e+00,7.607521414756774902e-01,-2.711357355117797852e+00,-2.199441790580749512e-01,-3.133479952812194824e-01
1.004137277603149414e+00,9.449837803840637207e-01,2.826423168182373047e+00,-7.257562875747680664e-01,-1.837512969970703125e+00
-2.665564060211181641e+00,-2.937824130058288574e-01,-2.293089389801025391e+00,-2.284742355346679688e+00,-1.666340470314025879e+00
-9.700577259063720703e-01,7.540562748908996582e-01,-2.461566925048828125e+00,2.392263412475585938e-01,-2.585010290145874023e+00
-3.068394422531127930e+00,7.565866112709045410e-01,-2.725344657897949219e+00,1.333700418472290039e-01,-7.635107040405273438e-01
2.792922973632812500e+00,3.580647706985473633e+00,2.620263814926147461e+00,8.587794899940490723e-01,5.404163599014282227e-01
-2.049432039260864258e+00,3.118157982826232910e-01,1.986831903457641602e+00,7.141893506050109863e-01,-3.343536853790283203e+00
-7.166228294372558594e-01,1.140128016471862793e+00,-2.965800285339355469e+00,-2.721873760223388672e+00,-1.930038690567016602e+00
-6.355634927749633789e-01,2.202180385589599609e+00,3.181756258010864258e+00,-3.271727561950683594e+00,-5.007213354110717773e-01
-2.473136186599731445e+00,2.973794043064117432e-01,3.793098449707031250e+00,2.798370361328125000e+00,-3.095009565353393555e+00
-3.226447105407714844e+00,2.402899742126464844e+00,-3.168730735778808594e+00,1.750715613365173340e+00,-1.912243366241455078e-01
-1.682494640350341797e+00,-1.369886100292205811e-01,-3.092873334884643555e+00,-2.366063356399536133e+00,-7.477409839630126953e-01
-1.924313664436340332e+00,-1.593864113092422485e-01,3.017393112182617188e+00,1.807756423950195312e+00,-8.207842111587524414e-01
-1.636812567710876465e+00,-2.473694801330566406e+00,-3.238095760345458984e+00,2.309992313385009766e+00,-6.347099542617797852e-01
-1.764096736907958984e+00,8.871801495552062988e-01,-1.828618526458740234e+00,-1.050294280052185059e+00,-1.674355387687683105e+00
-1.608182072639465332e+00,1.906850814819335938e+00,3.160971164703369141e+00,8.112788796424865723e-01,1.429203748703002930e-01
-1.353803873062133789e+00,1.916488170623779297e+00,2.322894096374511719e+00,1.279248952865600586e+00,-1.770201444625854492e+00
-1.632714986801147461e+00,-2.680089473724365234e-01,3.124550819396972656e+00,-2.906225442886352539e+00,1.451095938682556152e-02
-3.850261688232421875e+00,-9.541651010513305664e-01,2.926250934600830078e+00,-1.559579491615295410e+00,-9.154273271560668945e-01
