-2.110023498535156250e+00,1.963017582893371582e-01,1.792740702629089355e+00,2.187242746353149414e+00,2.123086929321289062e+00
-6.456522345542907715e-01,1.919139504432678223e+00,1.822483062744140625e+00,2.489272594451904297e+00,2.530502319335937500e+00
-1.336276888847351074e+00,6.446349024772644043e-01,1.442839264869689941e+00,-2.343598127365112305e+00,2.245747327804565430e+00
-1.902920484542846680e+00,1.696180462837219238e+00,2.242571830749511719e+00,2.297028064727783203e+00,1.662098526954650879e+00
-1.614191293716430664e+00,-1.601235985755920410e+00,2.429802656173706055e+00,-2.211946964263916016e+00,4.858462214469909668e-01
-7.710494995117187500e-01,-7.018699049949645996e-01,2.506623268127441406e+00,-2.148236513137817383e+00,7.389314174652099609e-01
-7.942961454391479492e-01,1.627202033996582031e+00,2.136406183242797852e+00,2.904307842254638672e+00,2.069254636764526367e+00
-9.878615736961364746e-01,-1.463102698326110840e-01,2.017253637313842773e+00,2.394849061965942383e+00,2.648822784423828125e+00
-1.539027333259582520e+00,1.692963361740112305e+00,-1.657016634941101074e+00,-2.212816715240478516e+00,2.434477329254150391e+00
-1.670298457145690918e+00,-9.135198593139648438e-01,-1.566951990127563477e+00,1.981598258018493652e+00,2.488463401794433594e+00
-1.340703010559082031e+00,1.123877882957458496e+00,-1.905839681625366211e+00,-2.445342779159545898e+00,2.632652044296264648e+00
-1.133852481842041016e+00,7.983059883117675781e-01,2.194646358489990234e+00,-2.512096643447875977e+00,2.298793315887451172e+00
-1.698518514633178711e+00,2.113045454025268555e-01,-1.816240906715393066e+00,2.435190677642822266e+00,2.861845254898071289e+00
-2.247780799865722656e+00,-8.412842750549316406e-01,-1.787676692008972168e+00,2.492185354232788086e+00,1.866760015487670898e+00
-1.654169678688049316e+00,-6.348040103912353516e-01,-2.502105474472045898e+00,2.867842674255371094e+00,2.357794523239135742e+00
-1.819449663162231445e+00,1.107589621096849442e-02,-1.801784634590148926e+00,2.651395082473754883e+00,1.748135447502136230e+00
-8.795985579490661621e-02,1.110216617584228516e+00,2.262009859085083008e+00,2.457262039184570312e+00,2.426691770553588867e+00
-2.039699077606201172e+00,1.078312516212463379e+00,-1.733687877655029297e+00,2.370656013488769531e+00,1.677098631858825684e+00
-1.269496917724609375e+00,1.046387314796447754e+00,1.760612726211547852e+00,2.319845676422119141e+00,2.677486181259155273e+00
-1.300435781478881836e+00,2.012947946786880493e-01,1.923838615417480469e+00,2.471943378448486328e+00,2.990519285202026367e+00
-1.541992783546447754e+00,9.868135452270507812e-01,-2.057238578796386719e+00,-2.820558071136474609e+00,2.201993227005004883e+00
-2.509118556976318359e+00,-1.579139113426208496e+00,1.748828291893005371e+00,-2.548370361328125000e+00,2.369309186935424805e+00
-2.421909809112548828e+00,4.256838560104370117e-02,1.941406846046447754e+00,2.670751571655273438e+00,2.622958421707153320e+00
-1.517843723297119141e+00,1.551976352930068970e-01,1.510818958282470703e+00,1.915397167205810547e+00,1.653444290161132812e+00
-1.611033201217651367e+00,1.432691514492034912e-01,-1.834316492080688477e+00,-2.286650896072387695e+00,2.063774108886718750e+00
-1.504825711250305176e+00,-4.166732132434844971e-01,-2.143070459365844727e+00,2.247231483459472656e+00,1.748374223709106445e+00
-1.792562961578369141e+00,-8.024156093597412109e-01,-1.905685186386108398e+00,-2.277640819549560547e+00,2.700217008590698242e+00
-1.132947802543640137e+00,4.786393344402313232e-01,1.746868610382080078e+00,-2.390919685363769531e+00,2.938532829284667969e+00
-1.725603818893432617e+00,9.727841615676879883e-01,2.047720432281494141e+00,2.138475894927978516e+00,1.030491352081298828e+00
-1.944083690643310547e+00,1.298932313919067383e+00,-2.194167137145996094e+00,2.459546804428100586e+00,7.766355872154235840e-01
-1.729553818702697754e+00,9.845121502876281738e-01,1.939381122589111328e+00,2.711453437805175781e+00,2.888468265533447266e+00
-2.008590221405029297e+00,-1.587077021598815918e+00,-1.712561607360839844e+00,-2.108645200729370117e+00,2.824708223342895508e+00
-1.143133878707885742e+00,2.772924005985260010e-01,2.353412389755249023e+00,2.536047697067260742e+00,1.724758863449096680e+00
-1.275910377502441406e+00,-8.547197580337524414e-01,-1.928913354873657227e+00,2.682762622833251953e+00,8.760707974433898926e-01
-2.144757032394409180e+00,-7.238618284463882446e-02,-1.898473858833312988e+00,-2.351139783859252930e+00,1.995573043823242188e+00
-1.735988974571228027e+00,4.451758265495300293e-01,-1.980596423149108887e+00,2.816335201263427734e+00,2.740100145339965820e+00
-9.024866819381713867e-01,-3.626766204833984375e-01,2.034377098083496094e+00,1.781226992607116699e+00,1.196973919868469238e+00
-1.214351296424865723e+00,9.964865446090698242e-01,-1.944064736366271973e+00,-2.534588575363159180e+00,1.960422396659851074e+00
-1.914614558219909668e+00,7.927916049957275391e-01,2.014065504074096680e+00,2.501738071441650391e+00,1.599367618560791016e+00
-1.488136053085327148e+00,5.379445552825927734e-01,-2.273324966430664062e+00,-2.772535085678100586e+00,2.656058073043823242e+00
-2.242107868194580078e+00,-1.213514685630798340e+00,1.758890271186828613e+00,2.353135585784912109e+00,1.933575987815856934e+00
-2.646497726440429688e+00,-3.150249123573303223e-01,1.650272846221923828e+00,2.522862195968627930e+00,2.822101354598999023e+00
-1.744289398193359375e+00,2.456903457641601562e-01,2.086346626281738281e+00,1.786659836769104004e+00,6.442075967788696289e-01
-2.747311830520629883e+00,-5.885412693023681641e-01,-2.511121511459350586e+00,2.599403142929077148e+00,2.470974206924438477e+00
-1.180996656417846680e+00,6.824921369552612305e-01,-1.582820415496826172e+00,-1.927738904953002930e+00,2.417615413665771484e+00
-2.820342540740966797e+00,-8.120124936103820801e-01,1.930062294006347656e+00,-2.702304601669311523e+00,2.840268850326538086e+00
-1.843781709671020508e+00,-3.073099255561828613e-01,1.903285980224609375e+00,-2.564278841018676758e+00,2.749478101730346680e+00
-1.867254257202148438e+00,1.763529300689697266e+00,2.178014993667602539e+00,2.393630027770996094e+00,7.725894451141357422e-01
-2.010734081268310547e+00,1.753043651580810547e+00,1.746723175048828125e+00,-2.509267568588256836e+00,1.633654117584228516e+00
-9.729402065277099609e-01,6.655885577201843262e-01,-2.303667545318603516e+00,2.234668970108032227e+00,1.149412870407104492e+00
-2.598065137863159180e+00,-1.056127429008483887e+00,1.632473349571228027e+00,-1.873072504997253418e+00,1.670818090438842773e+00
-1.813952207565307617e+00,-3.552542030811309814e-01,-1.812125205993652344e+00,-1.950317740440368652e+00,1.467319488525390625e+00
-1.556779146194458008e+00,1.452471375465393066e+00,1.848953843116760254e+00,-2.347247838973999023e+00,1.295480489730834961e+00
-1.766834020614624023e+00,2.093911468982696533e-01,-1.952843666076660156e+00,-2.398424625396728516e+00,1.938856840133666992e+00
-1.560300469398498535e+00,1.894035339355468750e-01,-1.741063952445983887e+00,2.161880254745483398e+00,1.681581020355224609e+00
-1.997574567794799805e+00,2.620040476322174072e-01,2.571614980697631836e+00,-2.875652790069580078e+00,1.003422141075134277e+00
-4.569069147109985352e-01,-6.503076553344726562e-01,-2.579285621643066406e+00,2.364617586135864258e+00,1.627443313598632812e+00
-2.915199518203735352e+00,-6.769490242004394531e-01,1.520823478698730469e+00,2.225363731384277344e+00,2.471693515777587891e+00
-2.410828828811645508e+00,-9.267889261245727539e-01,1.745074629783630371e+00,1.968414545059204102e+00,2.361814737319946289e+00
-2.775389432907104492e+00,-1.144519686698913574e+00,1.619070649147033691e+00,2.296782732009887695e+00,2.556814670562744141e+00
-1.787544488906860352e+00,5.924199223518371582e-01,1.314549684524536133e+00,-2.026158809661865234e+00,1.758892655372619629e+00
-1.832628846168518066e+00,1.497206538915634155e-01,1.572450518608093262e+00,2.028424978256225586e+00,2.886973142623901367e+00
-1.728099346160888672e+00,1.055297493934631348e+00,-1.470401525497436523e+00,-1.981462001800537109e+00,2.042093276977539062e+00
-1.277398705482482910e+00,1.931339621543884277e+00,2.095635414123535156e+00,-2.449697732925415039e+00,1.777615904808044434e+00
-1.836513280868530273e+00,1.693320870399475098e+00,1.910830497741699219e+00,-2.261959552764892578e+00,2.714374303817749023e+00
-2.189864635467529297e+00,-2.389427900314331055e+00,1.795485138893127441e+00,-1.968424439430236816e+00,2.803229987621307373e-01
-1.856272339820861816e+00,9.507513046264648438e-02,-1.733418822288513184e+00,-2.671064376831054688e+00,2.066676378250122070e+00
-2.012883186340332031e+00,-8.073934316635131836e-01,1.327050685882568359e+00,1.595187067985534668e+00,2.829622030258178711e+00
-1.693788886070251465e+00,-1.258580088615417480e-01,-2.020614147186279297e+00,-2.095180273056030273e+00,4.886611998081207275e-01
-7.187914252281188965e-01,1.762789964675903320e+00,-2.148365259170532227e+00,2.500098705291748047e+00,1.164068102836608887e+00
-2.928291559219360352e+00,-5.689439773559570312e-01,-1.485536694526672363e+00,1.897274374961853027e+00,1.926792383193969727e+00
-2.344138860702514648e+00,6.174898147583007812e-02,-1.615066885948181152e+00,2.151707887649536133e+00,1.659256935119628906e+00
-2.147854089736938477e+00,-2.960000038146972656e-01,-1.751394867897033691e+00,2.688253641128540039e+00,1.964844226837158203e+00
-2.543308019638061523e+00,6.459732055664062500e-01,1.697747588157653809e+00,2.671792984008789062e+00,2.284779548645019531e+00
-2.216793775558471680e+00,-4.218445122241973877e-01,-1.718913435935974121e+00,2.402190923690795898e+00,2.333738565444946289e+00
-1.720255374908447266e+00,1.240626126527786255e-01,-2.042474031448364258e+00,2.406305074691772461e+00,1.477676153182983398e+00
-2.980875492095947266e+00,-2.245398759841918945e+00,2.050697326660156250e+00,-2.597792387008666992e+00,2.374383449554443359e+00
-1.377064704895019531e+00,5.838688015937805176e-01,1.808253049850463867e+00,2.584206819534301758e+00,6.324700713157653809e-01
-1.361028552055358887e+00,1.570508122444152832e+00,-1.565263867378234863e+00,-2.382885217666625977e+00,2.407961606979370117e+00
-1.892698764801025391e+00,-1.296913862228393555e+00,-1.436534523963928223e+00,2.526097297668457031e+00,5.263154506683349609e-01
-1.191911816596984863e+00,9.911260604858398438e-01,-1.709306001663208008e+00,-2.185070037841796875e+00,1.176671147346496582e+00
-2.387928009033203125e+00,-7.167279720306396484e-01,-1.584622144699096680e+00,2.187331438064575195e+00,2.158339262008666992e+00
-1.243511199951171875e+00,1.711724519729614258e+00,2.285071849822998047e+00,2.755196809768676758e+00,1.795427918434143066e+00
-2.010828971862792969e+00,2.127787470817565918e-01,1.979624271392822266e+00,2.618269205093383789e+00,2.550067901611328125e+00
-5.288317799568176270e-01,2.022965192794799805e+00,2.332052230834960938e+00,-2.767163276672363281e+00,2.543437480926513672e+00
-2.400893449783325195e+00,-1.211415648460388184e+00,1.644136190414428711e+00,2.377544879913330078e+00,1.232869505882263184e+00
-4.383351802825927734e-01,3.384543657302856445e-01,2.410368442535400391e+00,2.754579544067382812e+00,2.071754217147827148e+00
-1.068685054779052734e+00,2.587093710899353027e-01,-2.441737890243530273e+00,-2.657970666885375977e+00,1.804295063018798828e+00
-1.668231964111328125e+00,4.707244634628295898e-01,1.921631097793579102e+00,2.472891569137573242e+00,1.687468528747558594e+00
-1.073580265045166016e+00,4.053991436958312988e-01,2.417416334152221680e+00,2.488063097000122070e+00,2.190457582473754883e+00
-1.784954428672790527e+00,-8.869621157646179199e-01,-2.185378551483154297e+00,1.952018141746520996e+00,1.361629247665405273e+00
-2.461863756179809570e+00,-1.642469167709350586e+00,-1.576506137847900391e+00,1.816883087158203125e+00,2.670570135116577148e+00
-2.279681921005249023e+00,-6.270982325077056885e-02,1.493260860443115234e+00,1.966622948646545410e+00,2.447150707244873047e+00
-1.910704135894775391e+00,1.083066344261169434e+00,2.065629243850708008e+00,2.884153604507446289e+00,2.327067852020263672e+00
-2.386922359466552734e+00,5.548640340566635132e-02,-1.485828757286071777e+00,2.304950475692749023e+00,2.175802469253540039e+00
-1.763381361961364746e-01,1.496479272842407227e+00,2.646888017654418945e+00,-2.732362985610961914e+00,1.429751276969909668e+00
-2.436847686767578125e+00,6.135109066963195801e-02,-1.235327363014221191e+00,1.951032519340515137e+00,2.170861482620239258e+00
-2.039920806884765625e+00,5.481890439987182617e-01,1.855951428413391113e+00,-2.710036516189575195e+00,9.919001460075378418e-01
-1.713739633560180664e+00,-8.278070688247680664e-01,-1.804190278053283691e+00,-1.892883300781250000e+00,1.183535456657409668e+00
-1.300508737564086914e+00,4.359128475189208984e-01,1.915620326995849609e+00,1.739066004753112793e+00,6.873273849487304688e-01
-1.117230534553527832e+00,2.071832895278930664e+00,1.482638120651245117e+00,2.331043720245361328e+00,1.605586886405944824e+00
-2.274218797683715820e+00,6.313387751579284668e-01,1.589713811874389648e+00,2.571001529693603516e+00,1.761989593505859375e+00
-2.555546998977661133e+00,-5.477182567119598389e-02,-1.947357058525085449e+00,-2.941280603408813477e+00,2.657727956771850586e+00
-8.233046531677246094e-01,2.264403104782104492e+00,-2.622530460357666016e+00,-2.423661947250366211e+00,1.787170171737670898e+00
-1.303934812545776367e+00,2.706137180328369141e+00,2.156895160675048828e+00,-2.444774627685546875e+00,1.472292900085449219e+00
-2.750730514526367188e+00,9.541402757167816162e-02,1.728240966796875000e+00,2.908392429351806641e+00,2.444404602050781250e+00
-1.002794861793518066e+00,1.376366257667541504e+00,1.462956905364990234e+00,2.637247323989868164e+00,1.762754917144775391e+00
-1.991816997528076172e+00,-1.222609162330627441e+00,-1.871699333190917969e+00,1.580589652061462402e+00,6.094799041748046875e-01
-3.762336075305938721e-01,1.892810463905334473e+00,-1.339895844459533691e+00,-1.781681180000305176e+00,1.906700372695922852e+00
-1.521824121475219727e+00,2.462052583694458008e+00,2.462228298187255859e+00,2.917997598648071289e+00,2.780694723129272461e+00
-8.347592353820800781e-01,1.908900260925292969e+00,1.584358930587768555e+00,1.814729332923889160e+00,1.023969531059265137e+00
-1.858142971992492676e+00,-9.343974292278289795e-02,-1.892508268356323242e+00,2.031874656677246094e+00,6.521493792533874512e-01
-1.802937150001525879e+00,-5.119701027870178223e-01,-1.656642317771911621e+00,-1.740181565284729004e+00,1.246426820755004883e+00
-1.439187884330749512e+00,1.560655832290649414e-01,-1.399209976196289062e+00,2.723130702972412109e+00,1.834442853927612305e+00
-1.096158981323242188e+00,-9.552527070045471191e-01,2.237650156021118164e+00,2.130962610244750977e+00,6.364791393280029297e-01
-2.425700664520263672e+00,-8.089826703071594238e-01,1.705207586288452148e+00,-2.499792814254760742e+00,2.739635467529296875e+00
-2.781220674514770508e+00,-1.368924498558044434e+00,1.836721897125244141e+00,2.741216421127319336e+00,2.657060861587524414e+00
-6.923955678939819336e-01,4.391092061996459961e-02,2.485771417617797852e+00,-2.423106670379638672e+00,1.195535898208618164e+00
-7.779639959335327148e-01,1.039105772972106934e+00,-1.752385973930358887e+00,2.587268114089965820e+00,1.200017213821411133e+00
-1.396726250648498535e+00,-3.564615845680236816e-01,1.412087082862854004e+00,1.609819173812866211e+00,1.620635271072387695e+00
-1.367071151733398438e+00,8.063064813613891602e-01,-2.253984689712524414e+00,-2.559801340103149414e+00,1.145481228828430176e+00
-1.742642283439636230e+00,-2.052655816078186035e-01,-1.141767621040344238e+00,-1.942771196365356445e+00,2.406133651733398438e+00
-2.781615018844604492e+00,-6.823830604553222656e-01,-1.493106842041015625e+00,-2.180326223373413086e+00,2.303776979446411133e+00
-2.852310419082641602e+00,1.018329635262489319e-01,1.564947009086608887e+00,-2.318288803100585938e+00,2.302696466445922852e+00
-4.800822734832763672e-01,1.582935452461242676e-01,-2.271270751953125000e+00,-2.363636493682861328e+00,2.178414106369018555e+00
-1.235654354095458984e+00,-2.365217506885528564e-01,2.414741039276123047e+00,-2.610478162765502930e+00,2.966698884963989258e+00
-2.213805913925170898e+00,9.328821301460266113e-01,1.933401107788085938e+00,2.096858263015747070e+00,8.870713114738464355e-01
-1.681006789207458496e+00,8.970493674278259277e-01,1.727475523948669434e+00,2.485966682434082031e+00,1.300415396690368652e+00
-1.215717315673828125e+00,2.908841133117675781e+00,-1.876580476760864258e+00,-2.661534547805786133e+00,1.660626888275146484e+00
-2.279014110565185547e+00,1.320439577102661133e-02,-1.689641714096069336e+00,-2.465211153030395508e+00,1.900702953338623047e+00
-6.459956765174865723e-01,2.048938512802124023e+00,1.612483739852905273e+00,2.124177217483520508e+00,8.423976302146911621e-01
-2.087060689926147461e+00,-1.064661383628845215e+00,1.635005831718444824e+00,2.170204639434814453e+00,2.622582674026489258e+00
-6.351214647293090820e-01,-7.578599452972412109e-02,2.376914262771606445e+00,2.190834283828735352e+00,1.950685143470764160e+00
-3.881789743900299072e-01,6.407141685485839844e-01,2.521714210510253906e+00,-2.465597152709960938e+00,2.683059215545654297e+00
-1.438905596733093262e+00,-5.062394738197326660e-01,1.819422125816345215e+00,-2.569088220596313477e+00,1.045889616012573242e+00
-7.578520178794860840e-01,2.730231761932373047e+00,1.021008253097534180e+00,1.743196010589599609e+00,1.844221472740173340e+00
-1.220098495483398438e+00,7.576780319213867188e-01,-2.125575065612792969e+00,-1.917366147041320801e+00,6.654939055442810059e-01
-2.281954050064086914e+00,8.007878065109252930e-01,2.433862209320068359e+00,-2.736873149871826172e+00,2.197971820831298828e+00
-2.262869596481323242e+00,1.148229479789733887e+00,-1.424132704734802246e+00,2.051522254943847656e+00,2.513844251632690430e+00
-6.918307542800903320e-01,2.153615951538085938e+00,1.736087679862976074e+00,2.475537776947021484e+00,7.578965425491333008e-01
-1.517523765563964844e+00,2.045078575611114502e-01,-2.524051666259765625e+00,2.085218667984008789e+00,4.884810447692871094e-01
-2.211049795150756836e+00,-1.880426764488220215e+00,1.675420641899108887e+00,2.274028301239013672e+00,1.898221135139465332e+00
-2.426747083663940430e+00,1.473169922828674316e-01,1.984362125396728516e+00,-2.960747718811035156e+00,2.037938833236694336e+00
-1.638949275016784668e+00,5.138645693659782410e-02,2.285188674926757812e+00,-2.540917158126831055e+00,6.426996588706970215e-01
-8.320069313049316406e-01,-1.524347513914108276e-01,2.528740644454956055e+00,2.812484025955200195e+00,1.273920178413391113e+00
2.371318340301513672e-01,8.928352594375610352e-01,1.928209543228149414e+00,1.783914327621459961e+00,7.411745190620422363e-01
-4.306005537509918213e-01,8.242646455764770508e-01,-2.598569393157958984e+00,-2.747108459472656250e+00,1.785090684890747070e+00
-6.997163891792297363e-01,7.886838912963867188e-01,2.375370264053344727e+00,-2.929642677307128906e+00,1.719045162200927734e+00
-1.759932398796081543e+00,-1.208954811096191406e+00,-1.848058462142944336e+00,2.082248687744140625e+00,2.098065614700317383e+00
-1.767065286636352539e+00,-6.828920841217041016e-01,-1.898471951484680176e+00,-2.047786951065063477e+00,2.111488103866577148e+00
-1.286477923393249512e+00,1.126560091972351074e+00,1.428363919258117676e+00,-2.250419139862060547e+00,8.727258443832397461e-01
-2.891618013381958008e+00,-1.987556934356689453e+00,-1.460956931114196777e+00,1.928037405014038086e+00,2.440669536590576172e+00
-6.350105404853820801e-01,6.004933714866638184e-01,1.693295478820800781e+00,-2.809035062789916992e+00,1.448582649230957031e+00
-1.897076725959777832e+00,-1.680883407592773438e+00,1.990348577499389648e+00,-2.412920475006103516e+00,2.229440689086914062e+00
-8.486871719360351562e-01,2.224639415740966797e+00,-1.050761222839355469e+00,1.605923771858215332e+00,1.583325505256652832e+00
-8.680047392845153809e-01,2.186532735824584961e+00,-1.069718837738037109e+00,1.584064483642578125e+00,2.790591716766357422e+00
-2.510943889617919922e+00,8.652734756469726562e-01,-1.585621595382690430e+00,-2.700748205184936523e+00,2.468002796173095703e+00
-1.297840118408203125e+00,-1.198368072509765625e+00,1.938150048255920410e+00,-2.430060863494873047e+00,2.764664173126220703e+00
-2.044628858566284180e+00,-1.711536571383476257e-02,-2.384557723999023438e+00,-2.790414333343505859e+00,1.989227294921875000e+00
-2.455838680267333984e+00,1.280139446258544922e+00,1.924156904220581055e+00,-2.350594758987426758e+00,8.280540108680725098e-01
-4.611178040504455566e-01,1.939982295036315918e+00,2.256337165832519531e+00,-2.752805948257446289e+00,2.372606992721557617e+00
-1.315723061561584473e-01,1.343704223632812500e+00,-2.603136062622070312e+00,-2.807741403579711914e+00,1.807504892349243164e+00
-2.088697671890258789e+00,-3.662916123867034912e-01,-1.406643271446228027e+00,-1.798319339752197266e+00,1.846168637275695801e+00
-6.852877736091613770e-01,1.553729176521301270e+00,-1.567219138145446777e+00,-2.159137725830078125e+00,9.516249895095825195e-01
-1.734692931175231934e+00,6.218749284744262695e-01,-2.066040277481079102e+00,-2.027059078216552734e+00,9.156726598739624023e-01
-1.141406416893005371e+00,-3.606635928153991699e-01,1.898193240165710449e+00,2.143573522567749023e+00,9.566126465797424316e-01
-1.907762050628662109e+00,-1.046219348907470703e+00,1.493799328804016113e+00,1.614983439445495605e+00,2.173122644424438477e+00
-1.751497030258178711e+00,9.142411947250366211e-01,2.500014781951904297e+00,-1.949863553047180176e+00,3.765061497688293457e-02
-1.189178824424743652e-01,9.726766347885131836e-01,2.154195070266723633e+00,-2.311269760131835938e+00,2.333792686462402344e+00
-7.443904280662536621e-01,2.393182277679443359e+00,-2.241442918777465820e+00,-2.828646421432495117e+00,2.092082977294921875e+00
-1.332635164260864258e+00,4.573656320571899414e-01,-2.132922649383544922e+00,-2.014545679092407227e+00,6.331422924995422363e-01
-7.914933562278747559e-01,1.074308276176452637e+00,2.379808425903320312e+00,-2.751281261444091797e+00,1.354786396026611328e+00
-2.288752317428588867e+00,-6.913793087005615234e-01,-1.888366937637329102e+00,-2.407505512237548828e+00,1.156168580055236816e+00
-2.325732231140136719e+00,-2.351537942886352539e-01,2.425774097442626953e+00,-2.490900754928588867e+00,2.072813272476196289e+00
-2.206579208374023438e+00,1.783350586891174316e+00,2.190149545669555664e+00,-2.308421611785888672e+00,4.915233254432678223e-01
-2.739983081817626953e+00,-1.565336108207702637e+00,1.985392093658447266e+00,2.626303195953369141e+00,2.846990585327148438e+00
1.770031809806823730e+00,1.502645254135131836e+00,2.545415163040161133e+00,1.766548037528991699e+00,1.958382129669189453e-01
-2.983332633972167969e+00,-1.095608353614807129e+00,1.708310365676879883e+00,1.909281849861145020e+00,1.779401183128356934e+00
-1.609386801719665527e+00,6.755090951919555664e-01,2.934023380279541016e+00,2.466343641281127930e+00,4.864654242992401123e-01
-2.786091566085815430e+00,-1.097446084022521973e+00,-1.532169818878173828e+00,-1.846924424171447754e+00,2.291106224060058594e+00
-1.688604235649108887e+00,-1.132327467203140259e-01,-1.541262626647949219e+00,1.542011022567749023e+00,1.635165691375732422e+00
-8.506720066070556641e-01,2.011892795562744141e+00,2.016661167144775391e+00,-2.100840568542480469e+00,1.562996268272399902e+00
-8.997399210929870605e-01,1.308861136436462402e+00,2.452966451644897461e+00,-2.824657440185546875e+00,1.332849264144897461e+00
-2.750177383422851562e+00,7.148031592369079590e-01,1.626182794570922852e+00,2.350394487380981445e+00,8.117491006851196289e-01
-1.462344288825988770e+00,-6.839993000030517578e-01,-2.097441673278808594e+00,-2.471938848495483398e+00,2.509488582611083984e+00
-2.854208469390869141e+00,-1.606974244117736816e+00,1.666637182235717773e+00,-2.112441301345825195e+00,2.193891286849975586e+00
-2.107141256332397461e+00,-2.758448600769042969e+00,1.854761600494384766e+00,2.644111394882202148e+00,1.667417168617248535e+00
-1.568323493003845215e+00,-1.369261503219604492e+00,2.101742506027221680e+00,-2.407462120056152344e+00,1.517325758934020996e+00
-1.708661437034606934e+00,-1.102011799812316895e+00,-1.855308651924133301e+00,-2.109076738357543945e+00,1.011355519294738770e+00
-2.096000194549560547e+00,-1.355352044105529785e+00,1.626779675483703613e+00,1.915532588958740234e+00,2.467997550964355469e+00
-2.309660911560058594e+00,-9.515253305435180664e-01,2.213369369506835938e+00,-2.179441928863525391e+00,1.622069478034973145e+00
-2.124996781349182129e-01,2.724104881286621094e+00,1.631395816802978516e+00,-2.697971820831298828e+00,1.399835348129272461e+00
-2.867143630981445312e+00,-9.794306755065917969e-02,1.941263198852539062e+00,-2.196045398712158203e+00,5.810348987579345703e-01
-2.389248609542846680e+00,-1.645736932754516602e+00,-1.953207731246948242e+00,-2.540055751800537109e+00,2.720637321472167969e+00
-3.574973642826080322e-01,1.850693345069885254e+00,2.005765676498413086e+00,2.327458620071411133e+00,2.647248506546020508e-01
-2.369451761245727539e+00,1.665193557739257812e+00,1.791660666465759277e+00,2.805586099624633789e+00,2.490144729614257812e+00
1.251786947250366211e-03,2.236135005950927734e+00,2.327373981475830078e+00,-2.284938573837280273e+00,7.935528755187988281e-01
-2.094386100769042969e+00,-1.883086323738098145e+00,1.784411668777465820e+00,2.463289737701416016e+00,9.906646609306335449e-01
-3.296271562576293945e-01,2.530884265899658203e+00,-1.313868880271911621e+00,2.028568267822265625e+00,2.860201120376586914e+00
-1.170191526412963867e+00,6.685041189193725586e-01,2.649940013885498047e+00,2.665203809738159180e+00,2.181267738342285156e-01
