-1.002980113029479980e+00,6.285218000411987305e-01
-6.010833755135536194e-02,1.527054429054260254e+00
5.651024356484413147e-02,2.317550420761108398e+00
-4.483342543244361877e-02,2.038020610809326172e+00
-1.661756485700607300e-01,1.913657784461975098e-01
3.393569290637969971e-01,1.322369217872619629e+00
-1.198382139205932617e+00,1.271085999906063080e-02
6.771905422210693359e-01,1.834807276725769043e+00
-5.725318789482116699e-01,1.143834590911865234e+00
-1.511269509792327881e-01,6.840597987174987793e-01
1.161387443542480469e+00,2.141759872436523438e+00
-1.915417432785034180e+00,6.129750609397888184e-01
7.159339189529418945e-01,1.258128523826599121e+00
-4.028787910938262939e-01,1.298355579376220703e+00
1.133717894554138184e+00,2.049360513687133789e+00
2.691540122032165527e-01,2.722679615020751953e+00
2.876553535461425781e+00,2.660984039306640625e+00
3.667967021465301514e-01,2.228395700454711914e+00
-2.361895442008972168e-01,9.786292910575866699e-02
-1.323280453681945801e+00,1.690877556800842285e+00
1.305130004882812500e+00,2.049341201782226562e+00
-1.697190761566162109e+00,-6.419781446456909180e-01
-2.055650234222412109e+00,-1.315224021673202515e-01
4.064207375049591064e-01,5.912038683891296387e-01
-2.342939376831054688e+00,7.883062958717346191e-01
-8.508411049842834473e-01,4.927179515361785889e-01
-1.174094915390014648e+00,-9.779575467109680176e-01
-1.386236548423767090e-01,1.607208609580993652e+00
-1.955831944942474365e-01,1.409694552421569824e+00
5.026236772537231445e-01,1.927741169929504395e+00
-2.992825806140899658e-01,2.250160932540893555e+00
-9.673547744750976562e-01,7.678351998329162598e-01
1.376714229583740234e+00,2.446187257766723633e+00
2.144760042428970337e-01,6.555710434913635254e-01
1.059329733252525330e-01,2.131041288375854492e+00
2.646436452865600586e+00,2.460579395294189453e+00
-7.777783870697021484e-01,1.371481537818908691e+00
-1.598114728927612305e+00,-9.968852996826171875e-01
-1.601415753364562988e+00,7.789450287818908691e-01
7.131483554840087891e-01,1.490458011627197266e+00
8.403189778327941895e-01,2.424046516418457031e+00
3.383041322231292725e-01,7.032781243324279785e-01
-2.695776754990220070e-03,3.586281836032867432e-01
-3.139030337333679199e-01,9.618274569511413574e-01
2.082234472036361694e-01,7.145788669586181641e-01
6.207979917526245117e-01,1.652605533599853516e+00
-2.428482770919799805e+00,-2.217816591262817383e+00
-1.987452983856201172e+00,2.420243471860885620e-01
1.391044855117797852e+00,2.102654695510864258e+00
-2.023961782455444336e+00,8.331911563873291016e-01
1.540342450141906738e+00,1.722922801971435547e+00
8.289050459861755371e-01,2.005291461944580078e+00
-2.554758548736572266e+00,-1.200915694236755371e+00
8.030682802200317383e-02,7.269403934478759766e-01
-6.397293806076049805e-01,-5.239122509956359863e-01
4.135200083255767822e-01,9.981312751770019531e-01
-1.843969702720642090e+00,7.550800442695617676e-01
4.220028519630432129e-01,1.765856504440307617e+00
-7.107291817665100098e-01,1.436158895492553711e+00
1.027101993560791016e+00,2.364145278930664062e+00
2.149226814508438110e-01,-2.930523082613945007e-02
1.126907110214233398e+00,2.013737916946411133e+00
5.784457921981811523e-01,2.672261714935302734e+00
-1.317687511444091797e+00,-2.284283161163330078e+00
-1.837955355644226074e+00,1.856256604194641113e+00
2.675068616867065430e+00,2.396166086196899414e+00
-1.846099019050598145e+00,9.917655587196350098e-01
3.841331005096435547e-01,1.686833262443542480e+00
-3.012882769107818604e-01,1.238168358802795410e+00
8.937825262546539307e-02,2.135718584060668945e+00
-1.929967880249023438e+00,2.102497100830078125e+00
-1.693172216415405273e+00,-2.101294398307800293e-01
6.462021470069885254e-01,1.577940344810485840e+00
-1.361660242080688477e+00,-5.956286787986755371e-01
-2.565281391143798828e+00,4.406032860279083252e-01
5.496353507041931152e-01,1.604024529457092285e+00
-1.702982485294342041e-01,6.487230658531188965e-01
-4.294018149375915527e-01,1.978721022605895996e+00
-1.529853105545043945e+00,1.593140721321105957e+00
-1.388721466064453125e-01,-5.663549900054931641e-01
4.946960508823394775e-01,1.478241205215454102e+00
-1.571835756301879883e+00,5.275766253471374512e-01
5.769446492195129395e-01,1.973661780357360840e+00
7.089105248451232910e-01,1.692067623138427734e+00
-1.530138373374938965e+00,1.512984037399291992e+00
-1.194371104240417480e+00,-8.865944147109985352e-01
-1.768891215324401855e+00,-1.715495109558105469e+00
-1.483462810516357422e+00,1.576657176017761230e+00
-8.316125273704528809e-01,9.116882830858230591e-02
-6.829475760459899902e-01,7.901978492736816406e-01
-1.311672568321228027e+00,1.269761800765991211e+00
4.197297990322113037e-01,1.687280416488647461e+00
-1.606708765029907227e+00,6.683122515678405762e-01
-7.828204631805419922e-01,5.739339590072631836e-01
1.111974477767944336e+00,2.402263641357421875e+00
-9.627218544483184814e-02,1.728421568870544434e+00
-5.918442606925964355e-01,7.183243632316589355e-01
-4.733808338642120361e-01,6.653658151626586914e-01
-6.742342710494995117e-01,5.307372808456420898e-01
-5.164371132850646973e-01,1.129402875900268555e+00
1.010942339897155762e+00,1.791303634643554688e+00
-2.366039037704467773e+00,-4.043527543544769287e-01
-2.590570151805877686e-01,7.475920915603637695e-01
-1.590542674064636230e+00,-8.370766043663024902e-01
-5.409656167030334473e-01,1.398406982421875000e+00
-1.706187486648559570e+00,1.140329092741012573e-01
5.162079930305480957e-01,2.752670288085937500e+00
2.889731526374816895e-01,1.793609738349914551e+00
7.108111977577209473e-01,2.806461572647094727e+00
-5.052991509437561035e-01,1.278815150260925293e+00
-1.758226037025451660e+00,1.749604105949401855e+00
-2.378136634826660156e+00,-6.440123319625854492e-01
-1.273932814598083496e+00,6.162806153297424316e-01
1.808884501457214355e+00,1.945547819137573242e+00
-2.075244426727294922e+00,7.378567457199096680e-01
-1.039823889732360840e+00,-4.168966710567474365e-01
-3.002074062824249268e-01,1.618070483207702637e+00
4.719977080821990967e-01,2.376534223556518555e+00
-1.762511372566223145e+00,6.542379260063171387e-01
-7.248673439025878906e-01,-5.715485215187072754e-01
5.638411045074462891e-01,1.934746980667114258e+00
-1.393108516931533813e-01,2.182322263717651367e+00
-4.053316712379455566e-01,6.042571067810058594e-01
-2.453741384670138359e-03,2.034742593765258789e+00
3.626340925693511963e-01,1.317957520484924316e+00
1.414143562316894531e+00,2.491391181945800781e+00
-1.450398206710815430e+00,8.927404880523681641e-02
7.648090720176696777e-01,2.457370519638061523e+00
-6.468695998191833496e-01,9.065992236137390137e-01
1.424812316894531250e+00,1.696569085121154785e+00
-8.049706816673278809e-01,4.618352055549621582e-01
-1.638082861900329590e+00,7.460396885871887207e-01
6.622608304023742676e-01,1.728924512863159180e+00
4.638003930449485779e-02,2.343635320663452148e+00
1.097975969314575195e+00,2.047413349151611328e+00
-1.941378235816955566e+00,-1.959383010864257812e+00
-1.035420298576354980e+00,-5.242018699645996094e-01
-1.576646089553833008e+00,-5.407708287239074707e-01
-5.666742920875549316e-01,2.978275418281555176e-01
-4.625802040100097656e-01,1.556469053030014038e-01
7.841866612434387207e-01,2.175031661987304688e+00
-9.894031882286071777e-01,-2.803294360637664795e-01
7.399415969848632812e-01,1.668951630592346191e+00
3.005108535289764404e-01,1.593342423439025879e+00
-1.173923850059509277e+00,-1.413003951311111450e-01
-1.857571959495544434e+00,7.074999213218688965e-01
2.033042192459106445e+00,2.672559738159179688e+00
-6.250337958335876465e-01,1.757256269454956055e+00
-4.984411299228668213e-01,9.379413127899169922e-01
-4.759120047092437744e-01,1.194693922996520996e+00
-4.308947622776031494e-01,1.952214837074279785e+00
3.931366801261901855e-01,1.296943306922912598e+00
-2.487189769744873047e+00,-1.720384478569030762e+00
8.064909577369689941e-01,1.992026209831237793e+00
1.761785000562667847e-01,1.052225112915039062e+00
-7.756171822547912598e-01,-7.734545469284057617e-01
-1.973096966743469238e+00,1.853815466165542603e-01
5.677368640899658203e-01,4.728280901908874512e-01
-1.621688485145568848e+00,3.090545833110809326e-01
-1.612705737352371216e-01,2.016523599624633789e+00
-1.897495865821838379e+00,-4.265126213431358337e-02
6.055714488029479980e-01,1.836927413940429688e+00
-1.499558329582214355e+00,7.012362480163574219e-01
-4.249976575374603271e-01,6.150860190391540527e-01
9.497830271720886230e-01,1.937124967575073242e+00
-3.969281911849975586e-01,2.575690507888793945e+00
2.787081301212310791e-01,1.003499269485473633e+00
3.339894711971282959e-01,1.502695918083190918e+00
-1.075098276138305664e+00,2.989995293319225311e-02
-4.909707307815551758e-01,5.432310104370117188e-01
-8.845043182373046875e-01,2.216714769601821899e-01
-1.382841467857360840e+00,-4.439990222454071045e-01
5.270579457283020020e-01,1.223346114158630371e+00
-1.642190098762512207e+00,1.590217277407646179e-02
-1.526960372924804688e+00,1.393994212150573730e+00
-1.030403971672058105e+00,7.865072488784790039e-01
-9.137035012245178223e-01,1.153764605522155762e+00
2.465610206127166748e-02,1.594319939613342285e+00
-2.855127811431884766e+00,-1.463587731122970581e-01
-1.002776384353637695e+00,1.567170023918151855e+00
-2.120275259017944336e+00,3.189376592636108398e-01
-3.903370797634124756e-01,1.325299024581909180e+00
-1.219664692878723145e+00,6.440583467483520508e-01
-5.943883061408996582e-01,8.515979647636413574e-01
1.980519771575927734e+00,1.764402985572814941e+00
-4.436588287353515625e-02,7.666949033737182617e-01
-7.871876955032348633e-01,3.137431442737579346e-01
-2.698577165603637695e+00,-8.330847322940826416e-02
1.665241241455078125e+00,2.688090085983276367e+00
-3.455604612827301025e-01,-7.532055974006652832e-01
-5.988567471504211426e-01,1.280740141868591309e+00
-1.897502690553665161e-01,2.079128026962280273e+00
-4.168029129505157471e-01,5.294165611267089844e-01
3.850188255310058594e-01,1.720810532569885254e+00
-2.134603261947631836e+00,-2.388500928878784180e+00
3.521843254566192627e-01,2.631138324737548828e+00
-4.092682898044586182e-01,1.330000638961791992e+00
8.720436692237854004e-01,-3.719450235366821289e-01
-3.195012733340263367e-02,1.517182707786560059e+00
1.075913429260253906e+00,1.494183659553527832e+00
-2.886597253382205963e-02,1.122847676277160645e+00
-1.534111261367797852e+00,-1.968646526336669922e+00
-1.350484848022460938e+00,-5.986129641532897949e-01
-2.829202115535736084e-01,1.453246831893920898e+00
-1.035540848970413208e-01,3.423561751842498779e-01
-7.850747704505920410e-01,1.146109774708747864e-01
1.420251131057739258e+00,2.134257793426513672e+00
-1.302279591560363770e+00,5.093059539794921875e-01
-2.693748474121093750e-01,-1.476765424013137817e-01
-1.259657859802246094e+00,4.593529999256134033e-01
6.917726397514343262e-01,2.608598470687866211e+00
-2.573896408081054688e+00,1.324348807334899902e+00
-1.434055417776107788e-01,2.299713939428329468e-01
8.150761127471923828e-01,2.667924880981445312e+00
-9.808082580566406250e-01,4.502063393592834473e-01
-1.896866917610168457e+00,-9.097629189491271973e-01
-1.574871093034744263e-01,2.205162286758422852e+00
1.900909662246704102e+00,2.697656869888305664e+00
2.687386572360992432e-01,8.886509537696838379e-01
2.223988175392150879e-01,1.681389510631561279e-01
-2.092130780220031738e-01,1.369171738624572754e+00
9.376902580261230469e-01,2.151412010192871094e+00
-9.484991431236267090e-01,1.712996125221252441e+00
-9.564121961593627930e-01,2.459541261196136475e-01
-2.405494153499603271e-01,2.127737522125244141e+00
-2.196595191955566406e+00,-1.341151595115661621e-01
1.101790547370910645e+00,1.987867832183837891e+00
-1.480468869209289551e+00,9.765572547912597656e-01
-7.378408908843994141e-01,3.879546225070953369e-01
-2.547374069690704346e-01,1.956358790397644043e+00
-1.637091398239135742e+00,6.444502472877502441e-01
-1.523072719573974609e+00,-5.905497819185256958e-02
-2.471371412277221680e+00,5.849426239728927612e-02
1.335566878318786621e+00,1.709184408187866211e+00
-1.282876610755920410e+00,-7.026431560516357422e-01
1.376159489154815674e-01,1.831677794456481934e+00
-7.375852465629577637e-01,-2.341431565582752228e-02
-1.452207207679748535e+00,7.816385626792907715e-01
1.523813366889953613e+00,2.680784940719604492e+00
-4.019750058650970459e-01,1.633090734481811523e+00
6.418192386627197266e-01,1.763930559158325195e+00
7.649586796760559082e-01,8.369174599647521973e-01
-8.807744383811950684e-01,3.224432468414306641e-01
3.386838138103485107e-01,1.561523795127868652e+00
-2.387303590774536133e+00,1.456288695335388184e-01
-4.894645214080810547e-01,6.293768286705017090e-01
1.666949510574340820e+00,1.439225792884826660e+00
-7.567639350891113281e-01,5.076645016670227051e-01
-1.065432071685791016e+00,3.654242455959320068e-01
5.777053236961364746e-01,1.121461629867553711e+00
1.428141117095947266e+00,2.629122734069824219e+00
-2.871412634849548340e-01,2.493585348129272461e-01
7.668013572692871094e-01,1.203432798385620117e+00
-2.811704277992248535e-01,9.518277049064636230e-01
-1.412955045700073242e+00,1.196596100926399231e-01
-3.983984589576721191e-01,1.924063801765441895e+00
6.431291699409484863e-01,2.197362184524536133e+00
-1.757303833961486816e+00,4.737035632133483887e-01
-7.365990281105041504e-01,4.850421249866485596e-01
-2.015458494424819946e-01,1.840543627738952637e+00
-1.319404602050781250e+00,1.167252898216247559e+00
-2.578987777233123779e-01,1.401385307312011719e+00
4.503527879714965820e-01,2.690447807312011719e+00
-3.197782039642333984e-01,9.510248303413391113e-01
5.379604101181030273e-01,2.136897563934326172e+00
-7.648735642433166504e-01,-2.889643907546997070e-01
-1.401043981313705444e-01,1.052188158035278320e+00
-1.212648525834083557e-01,4.805724620819091797e-01
6.794863343238830566e-01,1.812519192695617676e+00
-6.943511217832565308e-02,1.840813875198364258e+00
9.715367555618286133e-01,1.766460418701171875e+00
-3.947206735610961914e-01,1.000203132629394531e+00
-3.480802774429321289e-01,9.081017971038818359e-01
-1.732935309410095215e+00,3.581532835960388184e-01
5.109589099884033203e-01,1.080236434936523438e+00
-8.864236474037170410e-01,6.262708306312561035e-01
-1.706418037414550781e+00,4.385882019996643066e-01
-2.220117807388305664e+00,-1.389187932014465332e+00
7.474408745765686035e-01,1.785990357398986816e+00
1.617744207382202148e+00,2.780003786087036133e+00
7.839133143424987793e-01,1.350329518318176270e+00
-2.367214441299438477e+00,7.405275106430053711e-02
-2.769390940666198730e-01,2.346637248992919922e+00
1.624516725540161133e+00,2.597752332687377930e+00
1.716517508029937744e-01,1.832240581512451172e+00
-6.374045014381408691e-01,2.836191654205322266e-01
-8.507941961288452148e-01,1.222505569458007812e+00
1.503173708915710449e+00,2.308217048645019531e+00
-1.811481237411499023e+00,-1.950031638145446777e+00
-4.224388897418975830e-01,1.004659891128540039e+00
1.628168225288391113e+00,2.101375102996826172e+00
5.111778974533081055e-01,1.825481176376342773e+00
5.313304662704467773e-01,2.026606321334838867e+00
-1.218266189098358154e-01,1.667992830276489258e+00
1.036554455757141113e+00,2.417911052703857422e+00
-8.121969103813171387e-01,7.808365821838378906e-01
1.105933785438537598e+00,2.409467220306396484e+00
2.860238850116729736e-01,2.153735637664794922e+00
5.194031596183776855e-01,1.724407076835632324e+00
8.654866814613342285e-01,1.924199819564819336e+00
1.127825260162353516e+00,5.943185687065124512e-01
-1.342351675033569336e+00,3.550009131431579590e-01
-1.682240702211856842e-02,1.467223882675170898e+00
-3.788375854492187500e-01,-3.216342628002166748e-01
4.066652655601501465e-01,6.372226476669311523e-01
-2.216309785842895508e+00,-1.349116325378417969e+00
6.787416338920593262e-02,2.173486232757568359e+00
-9.254325032234191895e-01,8.373520374298095703e-01
-6.125862002372741699e-01,3.784670233726501465e-01
-6.837958097457885742e-01,1.007614850997924805e+00
-5.954604148864746094e-01,2.385402917861938477e+00
6.114784479141235352e-01,1.416200160980224609e+00
3.555015474557876587e-02,1.554898142814636230e+00
1.657473683357238770e+00,8.127193450927734375e-01
4.569225013256072998e-02,2.403106451034545898e+00
-3.357827290892601013e-02,9.324477314949035645e-01
1.514401435852050781e+00,2.649874925613403320e+00
-1.108161091804504395e+00,5.316611528396606445e-01
1.107266545295715332e+00,2.663128137588500977e+00
9.839590787887573242e-01,2.613344669342041016e+00
-6.820524334907531738e-01,8.891562223434448242e-01
6.784545183181762695e-01,2.702718019485473633e+00
7.552931904792785645e-01,6.847667098045349121e-01
-6.726596355438232422e-01,8.042495846748352051e-01
-1.093083262443542480e+00,1.537914633750915527e+00
-2.088764905929565430e+00,-6.551688313484191895e-01
8.870210647583007812e-01,1.905788183212280273e+00
-4.208198785781860352e-01,9.268623590469360352e-01
6.680732369422912598e-01,1.426298499107360840e+00
-3.813710510730743408e-01,9.555671215057373047e-01
-2.615680396556854248e-01,7.553200721740722656e-01
-5.747129321098327637e-01,1.468888521194458008e+00
-9.785113334655761719e-01,1.253288030624389648e+00
-2.330179452896118164e+00,1.972671300172805786e-01
-1.954610228538513184e+00,-2.397613763809204102e+00
4.726031422615051270e-01,1.173674225807189941e+00
-7.840895652770996094e-01,1.855258345603942871e-01
-1.081922888755798340e+00,-1.178911849856376648e-01
6.898403763771057129e-01,1.227159500122070312e+00
8.187927007675170898e-01,1.087483644485473633e+00
9.630267322063446045e-02,1.448781132698059082e+00
1.960628032684326172e-01,6.549521684646606445e-01
-2.086834669113159180e+00,-1.209521293640136719e-01
-7.473767269402742386e-03,3.553592562675476074e-01
1.155916690826416016e+00,1.945797443389892578e+00
4.044856876134872437e-02,2.233629465103149414e+00
-1.396380305290222168e+00,5.988442897796630859e-01
7.666385732591152191e-03,9.530602097511291504e-01
1.720384001731872559e+00,2.049127340316772461e+00
-1.286181449890136719e+00,-1.419460177421569824e+00
-5.130156874656677246e-01,6.725131273269653320e-01
8.011714816093444824e-01,1.451066017150878906e+00
-1.471403360366821289e+00,6.235441565513610840e-01
-1.518574357032775879e+00,-1.835908591747283936e-01
-8.166508376598358154e-02,7.605363130569458008e-01
1.329592168331146240e-01,1.718667149543762207e+00
1.766955733299255371e+00,2.279549598693847656e+00
4.878334701061248779e-01,2.305807113647460938e+00
1.155559897422790527e+00,2.555465936660766602e+00
-4.039519727230072021e-01,1.559376239776611328e+00
-5.993887782096862793e-01,8.959819674491882324e-01
2.149440526962280273e+00,1.190324783325195312e+00
8.392665386199951172e-01,2.481778621673583984e+00
-1.779732704162597656e+00,-1.419293045997619629e+00
-5.191411375999450684e-01,1.010454893112182617e+00
-2.030707597732543945e+00,-6.534121036529541016e-01
1.741691827774047852e+00,2.538801908493041992e+00
8.419238924980163574e-01,2.375583648681640625e+00
2.679695367813110352e+00,2.972732782363891602e+00
-2.223978757858276367e+00,-9.141111969947814941e-01
-2.570397615432739258e+00,4.066488444805145264e-01
-2.176895439624786377e-01,1.613547444343566895e+00
-3.601244091987609863e-01,5.362347960472106934e-01
1.633487105369567871e+00,2.698141098022460938e+00
-1.839677989482879639e-01,2.570071935653686523e+00
4.862869679927825928e-01,1.877109885215759277e+00
-6.744615435600280762e-01,1.568388938903808594e-01
6.061351299285888672e-01,1.494791984558105469e+00
3.627097904682159424e-01,2.675810337066650391e+00
-9.671971946954727173e-02,8.736252188682556152e-01
-4.160561561584472656e-01,8.138442039489746094e-01
-1.500307679176330566e+00,4.081652760505676270e-01
7.543971538543701172e-01,8.169320225715637207e-01
3.371827602386474609e-01,1.025569081306457520e+00
6.301991939544677734e-01,2.182931423187255859e+00
1.296018362045288086e+00,2.459642171859741211e+00
-3.495000898838043213e-01,4.593061804771423340e-01
-2.481314182281494141e+00,-6.241087317466735840e-01
-5.489466190338134766e-01,-1.057042255997657776e-01
-2.121393442153930664e+00,3.947364389896392822e-01
-8.555382490158081055e-01,8.162344694137573242e-01
-1.082553267478942871e+00,4.832794964313507080e-01
-7.226270437240600586e-01,-4.937309324741363525e-01
1.087987899780273438e+00,2.744805812835693359e+00
9.960151314735412598e-01,2.527777433395385742e+00
3.704990446567535400e-01,2.613822698593139648e+00
-4.435141682624816895e-01,7.378599047660827637e-01
1.617234349250793457e+00,2.079939126968383789e+00
-1.408347010612487793e+00,1.418962836265563965e+00
-2.150815248489379883e+00,-2.832412958145141602e+00
1.693360686302185059e+00,2.598995685577392578e+00
2.649773657321929932e-02,1.885996341705322266e+00
3.786081373691558838e-01,1.752194166183471680e+00
-1.217238545417785645e+00,-2.675944566726684570e-01
-1.626953244209289551e+00,8.925315141677856445e-01
-2.233732640743255615e-01,1.279629588127136230e+00
1.199652910232543945e+00,2.648571014404296875e+00
-3.320811390876770020e-01,1.501395344734191895e+00
-1.641921520233154297e+00,4.559435844421386719e-01
3.615815192461013794e-02,1.001978635787963867e+00
1.186273217201232910e+00,2.266530036926269531e+00
1.051089525222778320e+00,2.510191202163696289e+00
-8.043073415756225586e-01,-1.775727570056915283e-01
-3.392610549926757812e-01,8.195526003837585449e-01
1.504730343818664551e+00,1.808500528335571289e+00
-1.354067564010620117e+00,-7.859309911727905273e-01
-1.562955379486083984e+00,8.012300729751586914e-01
8.439838886260986328e-01,1.687139987945556641e+00
1.346294999122619629e+00,2.309345245361328125e+00
4.608030617237091064e-01,2.736154079437255859e+00
3.670234233140945435e-02,5.769164562225341797e-01
-1.571206927299499512e+00,7.669512629508972168e-01
1.578839182853698730e+00,2.730245828628540039e+00
-8.959068655967712402e-01,6.412549018859863281e-01
-6.542861461639404297e-01,1.265014886856079102e+00
-1.175750255584716797e+00,2.110008895397186279e-01
-1.630432844161987305e+00,4.197674393653869629e-01
2.525281906127929688e-01,1.602770090103149414e+00
-2.135022640228271484e+00,-4.176625981926918030e-02
-7.125854492187500000e-01,3.358806073665618896e-01
-7.918621897697448730e-01,-1.811070591211318970e-01
5.208022594451904297e-01,1.994943976402282715e+00
5.076140761375427246e-01,9.366309642791748047e-01
1.088220596313476562e+00,2.617264270782470703e+00
8.140482306480407715e-01,2.456536054611206055e+00
4.986739754676818848e-01,1.832402944564819336e+00
4.223355352878570557e-01,2.324215412139892578e+00
-3.758549094200134277e-01,-2.048896402120590210e-01
-5.674744248390197754e-01,1.953735828399658203e+00
-8.696615099906921387e-01,1.650148510932922363e+00
-4.633709490299224854e-01,-1.956294476985931396e-01
-6.772546768188476562e-01,4.307758808135986328e-01
-5.549027323722839355e-01,2.254339456558227539e+00
6.033185720443725586e-01,2.384087324142456055e+00
-1.643280744552612305e+00,6.610773801803588867e-01
-2.473311126232147217e-01,2.660644769668579102e+00
-4.700006544589996338e-01,2.092453241348266602e+00
-3.512018918991088867e-01,-4.574590921401977539e-01
-1.430194616317749023e+00,-2.269679307937622070e+00
-1.701129823923110962e-01,1.863604187965393066e+00
1.450509428977966309e-01,1.180411338806152344e+00
6.533033251762390137e-01,1.117662072181701660e+00
-4.327792525291442871e-01,2.301792383193969727e+00
-2.818492889404296875e+00,3.012121319770812988e-01
-1.608542323112487793e+00,2.086577862501144409e-01
-2.746003627777099609e+00,8.099366426467895508e-01
5.137328505516052246e-01,1.626128196716308594e+00
-8.296600580215454102e-01,-3.540192246437072754e-01
9.656219482421875000e-01,2.566374301910400391e+00
-1.894394159317016602e+00,1.299040019512176514e-01
1.528654813766479492e+00,2.864877223968505859e+00
-5.412745475769042969e-01,9.279219508171081543e-01
-1.346753239631652832e-01,1.947747707366943359e+00
6.394472122192382812e-01,9.555947184562683105e-01
-5.192727446556091309e-01,2.425153732299804688e+00
5.928270816802978516e-01,2.678663730621337891e+00
-7.855545878410339355e-01,1.204991459846496582e+00
7.784912586212158203e-01,1.936006188392639160e+00
2.154114544391632080e-01,1.421611547470092773e+00
4.985541403293609619e-01,1.733237743377685547e+00
-1.572488665580749512e+00,7.539258599281311035e-01
4.600058197975158691e-01,1.133922576904296875e+00
-1.084031462669372559e+00,1.558934807777404785e+00
6.245059370994567871e-01,-8.795226365327835083e-02
9.196068048477172852e-01,1.922594666481018066e+00
6.360855698585510254e-01,1.510941028594970703e+00
-1.213840484619140625e+00,-3.543808162212371826e-01
9.273684620857238770e-01,2.905792951583862305e+00
-1.478164076805114746e+00,-8.174991607666015625e-01
-3.645723760128021240e-01,1.268604278564453125e+00
-1.326378226280212402e+00,1.749035269021987915e-01
-1.224556565284729004e+00,1.044236898422241211e+00
-3.431963026523590088e-01,1.358242750167846680e+00
-1.010860919952392578e+00,1.401621997356414795e-01
-1.529771447181701660e+00,1.193266630172729492e+00
1.564131855964660645e+00,2.776339530944824219e+00
-7.797201871871948242e-01,7.555513381958007812e-01
-1.729532003402709961e+00,3.642337024211883545e-01
7.323746085166931152e-01,7.001318335533142090e-01
8.967475295066833496e-01,1.527317166328430176e+00
-1.201021790504455566e+00,-9.797383844852447510e-02
2.514696598052978516e+00,1.792174220085144043e+00
-8.592823743820190430e-01,-1.286315679550170898e+00
6.971822381019592285e-01,1.125198125839233398e+00
1.739605903625488281e+00,2.873463869094848633e+00
-1.292576909065246582e+00,5.818014144897460938e-01
-8.965830504894256592e-02,1.643813729286193848e+00
-5.231055244803428650e-02,4.790733009576797485e-02
1.253916501998901367e+00,1.610821247100830078e+00
-1.913494229316711426e+00,1.979671239852905273e+00
-5.941712856292724609e-01,1.703095793724060059e+00
-1.433139741420745850e-01,2.534388065338134766e+00
6.374800801277160645e-01,1.879501938819885254e+00
-1.875602006912231445e+00,-6.451753973960876465e-01
2.826217114925384521e-01,2.426210165023803711e+00
-3.900257050991058350e-01,-3.528497815132141113e-01
-2.765877962112426758e+00,-4.480988383293151855e-01
1.211636304855346680e+00,2.568009138107299805e+00
-7.010672092437744141e-01,1.306735634803771973e+00
7.020269632339477539e-01,1.694889783859252930e+00
1.798908710479736328e+00,2.910199403762817383e+00
1.024881958961486816e+00,1.740041136741638184e+00
-1.358231008052825928e-01,2.569610118865966797e+00
1.694917559623718262e+00,2.580111503601074219e+00
-1.509855151176452637e+00,2.424791097640991211e+00
-1.422248840332031250e+00,1.141539216041564941e+00
8.982964158058166504e-01,2.177035093307495117e+00
3.994224071502685547e-01,-5.281015112996101379e-02
8.937231898307800293e-01,2.803451776504516602e+00
-1.513254404067993164e+00,1.097784876823425293e+00
6.561084091663360596e-02,1.106252431869506836e+00
-9.851824641227722168e-01,-5.778098106384277344e-01
-5.717965364456176758e-01,3.106649219989776611e-01
-3.093912005424499512e-01,1.338623404502868652e+00
-2.881783246994018555e-02,1.653504073619842529e-01
1.778743982315063477e+00,1.812940955162048340e+00
-1.256242036819458008e+00,1.005663275718688965e+00
9.048966765403747559e-01,1.698484063148498535e+00
-1.267951846122741699e+00,-2.216897308826446533e-01
-1.502533316612243652e+00,1.234992504119873047e+00
-1.134930327534675598e-01,2.259106159210205078e+00
6.055999398231506348e-01,2.457341909408569336e+00
-6.330451369285583496e-01,-5.355798602104187012e-01
1.622978299856185913e-01,7.629208564758300781e-01
-1.969670414924621582e+00,6.785382032394409180e-01
-9.010745882987976074e-01,3.126783072948455811e-01
-3.868768513202667236e-01,6.002482771873474121e-01
1.138888835906982422e+00,2.088602066040039062e+00
-2.680189311504364014e-01,2.457735061645507812e+00
1.907726287841796875e+00,2.018569707870483398e+00
2.241840124130249023e+00,2.740918397903442383e+00
8.823526501655578613e-01,1.596082925796508789e+00
-2.233897894620895386e-01,1.447230100631713867e+00
2.269655913114547729e-01,8.734803795814514160e-01
-1.655452728271484375e+00,-1.555771350860595703e+00
-2.322087883949279785e-01,1.227188348770141602e+00
1.116701811552047729e-01,1.023349523544311523e+00
-1.070536136627197266e+00,2.919936478137969971e-01
-1.543097138404846191e+00,7.867991328239440918e-01
-6.887693405151367188e-01,1.796561360359191895e+00
-1.727640777826309204e-01,1.249073624610900879e+00
2.345935553312301636e-01,1.537270188331604004e+00
-1.331315636634826660e+00,7.053109407424926758e-01
6.654301881790161133e-01,2.798869132995605469e+00
4.900404214859008789e-01,1.758285522460937500e+00
-5.583009719848632812e-01,2.436794519424438477e+00
-1.378024578094482422e+00,-8.472502231597900391e-01
-6.524752378463745117e-01,7.483577132225036621e-01
2.516869068145751953e+00,1.427546262741088867e+00
8.712042570114135742e-01,2.418397188186645508e+00
6.969003081321716309e-01,2.427803754806518555e+00
-2.496507883071899414e+00,-5.144624710083007812e-01
-6.700875759124755859e-01,5.781968235969543457e-01
6.513855457305908203e-01,2.226059675216674805e+00
6.751522421836853027e-02,1.770500063896179199e+00
-1.914605498313903809e+00,2.372209131717681885e-01
-2.176635026931762695e+00,2.051600962877273560e-01
1.037337064743041992e+00,2.039954662322998047e+00
-8.006013631820678711e-01,6.272534728050231934e-01
-1.484598755836486816e+00,-5.577067136764526367e-01
1.388054370880126953e+00,2.811945438385009766e+00
-6.738029718399047852e-01,9.391990303993225098e-02
-1.484299063682556152e+00,6.777831315994262695e-01
-3.106724619865417480e-01,7.416805624961853027e-01
-3.171148896217346191e-01,5.965977311134338379e-01
2.253606468439102173e-01,1.711942434310913086e+00
-3.850246369838714600e-01,8.902558684349060059e-01
3.124950826168060303e-01,2.692487716674804688e+00
9.338079690933227539e-01,1.733777880668640137e+00
1.356858372688293457e+00,2.801226377487182617e+00
1.460090637207031250e+00,2.037218093872070312e+00
-5.149201750755310059e-01,-5.015505477786064148e-02
-2.057834148406982422e+00,-2.782478928565979004e-01
-3.019273281097412109e-01,1.977671027183532715e+00
3.140835464000701904e-02,-3.352518379688262939e-01
-9.834139794111251831e-02,8.879446983337402344e-01
-1.330314040184020996e+00,1.402762055397033691e+00
-4.808163940906524658e-01,1.143887281417846680e+00
7.169318199157714844e-01,1.288557410240173340e+00
4.890510439872741699e-01,1.059638619422912598e+00
-2.253084182739257812e+00,6.200153231620788574e-01
-1.487565159797668457e+00,3.898432254791259766e-01
3.471203744411468506e-01,1.612864494323730469e+00
4.212694764137268066e-01,1.135937571525573730e+00
1.404466748237609863e+00,2.576385974884033203e+00
-1.322622418403625488e+00,1.256045818328857422e+00
-6.192534416913986206e-02,1.331749081611633301e+00
-1.415520429611206055e+00,1.454585194587707520e+00
-2.506819248199462891e+00,2.013422697782516479e-01
-1.364528059959411621e+00,7.314574718475341797e-01
6.023261547088623047e-01,1.915282130241394043e+00
-7.981383204460144043e-01,-1.193165779113769531e+00
-7.232173681259155273e-01,1.165455222129821777e+00
-1.175396084785461426e+00,-7.317203283309936523e-01
2.413030564785003662e-01,1.442235350608825684e+00
7.112362980842590332e-01,1.952089071273803711e+00
-5.055001378059387207e-01,8.442535996437072754e-01
-2.420552492141723633e+00,-1.205866932868957520e+00
-1.631370186805725098e-02,1.058726072311401367e+00
3.880229964852333069e-02,4.385188221931457520e-01
-1.040616750717163086e+00,-4.687034785747528076e-01
-3.820784389972686768e-01,8.311600685119628906e-01
4.126229286193847656e-01,1.785845398902893066e+00
-1.602342009544372559e+00,1.725342869758605957e-01
1.161992907524108887e+00,1.530110120773315430e+00
-6.101498007774353027e-01,1.539188385009765625e+00
1.092615365982055664e+00,1.613149166107177734e+00
2.760190486907958984e+00,2.182623863220214844e+00
1.403862953186035156e+00,2.039096355438232422e+00
-1.475646972656250000e+00,1.215061068534851074e+00
1.214469894766807556e-01,1.380184412002563477e+00
1.577219009399414062e+00,1.054122447967529297e+00
1.199413657188415527e+00,1.950884699821472168e+00
-5.929169058799743652e-01,5.635702610015869141e-01
-1.916656643152236938e-01,-4.655580818653106689e-01
2.789823412895202637e-01,2.490191459655761719e+00
-2.179849863052368164e+00,9.080000966787338257e-02
-8.279390335083007812e-01,1.544216990470886230e+00
-2.111128807067871094e+00,-9.397202134132385254e-01
2.017545700073242188e-01,8.735221028327941895e-01
6.438508629798889160e-01,1.919295549392700195e+00
1.293882075697183609e-02,2.186226606369018555e+00
-1.030660867691040039e+00,1.408837914466857910e+00
-1.009467482566833496e+00,-3.418025001883506775e-02
-2.125905990600585938e+00,-1.489731818437576294e-01
-6.752069592475891113e-01,5.968120098114013672e-01
1.231045484542846680e+00,2.465207576751708984e+00
-3.441012501716613770e-01,1.377124190330505371e+00
1.433231353759765625e+00,2.829863786697387695e+00
1.059778213500976562e+00,7.430701255798339844e-01
-2.228780031204223633e+00,6.369637250900268555e-01
3.057125806808471680e-01,1.519223809242248535e+00
-6.299110502004623413e-02,1.927005290985107422e+00
-2.521473169326782227e+00,-7.599166035652160645e-01
-1.725734949111938477e+00,7.542985677719116211e-01
-1.903136372566223145e+00,1.793866395950317383e+00
1.608155369758605957e+00,2.346580266952514648e+00
-1.832581758499145508e+00,-1.534218907356262207e+00
-4.352974891662597656e-01,-3.013337589800357819e-02
-3.923442065715789795e-01,5.723495483398437500e-01
-9.124511480331420898e-01,1.898949891328811646e-01
5.038126707077026367e-01,1.992358446121215820e+00
-1.554684042930603027e-01,2.170354366302490234e+00
-1.184307932853698730e+00,-7.648517191410064697e-02
-1.819087982177734375e+00,1.040852189064025879e+00
2.491565465927124023e+00,2.512045860290527344e+00
2.936263084411621094e-01,1.080706834793090820e+00
2.773138135671615601e-02,1.576889395713806152e+00
6.613205671310424805e-01,1.927893757820129395e+00
-2.904284894466400146e-01,1.118478059768676758e+00
1.345310509204864502e-01,1.664909243583679199e+00
7.312586903572082520e-01,2.034578561782836914e+00
9.984541535377502441e-01,1.390613794326782227e+00
-2.765211760997772217e-01,1.261933326721191406e+00
-1.411964416503906250e+00,9.808443784713745117e-01
2.045653820037841797e+00,1.836579322814941406e+00
-1.882991790771484375e+00,3.519030511379241943e-01
-2.067082881927490234e+00,9.303255677223205566e-01
3.488572239875793457e-01,1.525953292846679688e+00
-3.242228925228118896e-01,6.564384698867797852e-01
7.494865655899047852e-01,2.848998785018920898e+00
-9.945561289787292480e-01,5.147022008895874023e-01
8.155906200408935547e-01,1.255338668823242188e+00
1.084548592567443848e+00,2.130967617034912109e+00
1.125324331223964691e-02,2.511907339096069336e+00
-3.007440865039825439e-01,6.614556908607482910e-01
1.322685480117797852e+00,2.580540180206298828e+00
-9.533873796463012695e-01,3.931335210800170898e-01
4.646706581115722656e-01,2.458738088607788086e+00
-1.817401289939880371e+00,1.270090579986572266e+00
-9.795531630516052246e-01,1.334064602851867676e+00
-5.300553441047668457e-01,-3.588329553604125977e-01
8.788871765136718750e-01,1.591508269309997559e+00
-3.110063672065734863e-01,1.071105241775512695e+00
2.498609125614166260e-01,1.655043482780456543e+00
2.534426212310791016e+00,2.590170860290527344e+00
8.637531995773315430e-01,6.411190032958984375e-01
1.594431400299072266e+00,2.205956697463989258e+00
1.721900939941406250e+00,1.668670892715454102e+00
3.602530434727668762e-02,1.671523094177246094e+00
1.206977605819702148e+00,2.126090526580810547e+00
-1.616657376289367676e+00,1.181060299277305603e-01
6.733021736145019531e-01,1.413912653923034668e+00
8.953173756599426270e-01,1.901056170463562012e+00
-3.498663306236267090e-01,2.601017236709594727e+00
8.459373116493225098e-01,1.136909723281860352e+00
-3.534020185470581055e-01,2.102703571319580078e+00
1.627715677022933960e-01,1.818390846252441406e+00
-5.050165653228759766e-01,9.803261160850524902e-01
-2.225297838449478149e-01,7.353090047836303711e-01
-6.603664159774780273e-01,1.144742608070373535e+00
6.570565700531005859e-01,1.456681251525878906e+00
5.780730247497558594e-01,1.791168689727783203e+00
2.083916902542114258e+00,2.692722797393798828e+00
1.394568800926208496e+00,2.529184341430664062e+00
-1.516365855932235718e-01,1.152744412422180176e+00
1.711093664169311523e+00,2.357379913330078125e+00
-6.420655250549316406e-01,1.395661354064941406e+00
-2.326436936855316162e-01,1.262756109237670898e+00
3.749738335609436035e-01,1.422884941101074219e+00
-5.082036182284355164e-02,2.060982942581176758e+00
-6.780043244361877441e-01,-7.713232040405273438e-01
-6.080464720726013184e-01,6.360719203948974609e-01
-1.309606790542602539e+00,8.341892957687377930e-01
1.782014846801757812e+00,1.761702775955200195e+00
6.432015895843505859e-01,2.242231369018554688e+00
-1.631451487541198730e+00,1.165388464927673340e+00
1.144173979759216309e+00,2.786560297012329102e+00
5.549278259277343750e-01,1.433446884155273438e+00
-1.047293305397033691e+00,3.927557766437530518e-01
-1.371784806251525879e+00,1.539993286132812500e+00
1.213106513023376465e+00,2.696063995361328125e+00
1.650472521781921387e+00,1.819865345954895020e+00
3.088976442813873291e-01,1.600171089172363281e+00
1.031682610511779785e+00,2.864805221557617188e+00
-2.397973835468292236e-01,1.045632719993591309e+00
6.123079061508178711e-01,2.831356048583984375e+00
-4.922152459621429443e-01,7.217766046524047852e-01
-1.543806552886962891e+00,5.776826739311218262e-01
3.675942420959472656e-01,2.524879217147827148e+00
6.541217565536499023e-01,1.308161377906799316e+00
1.655556678771972656e+00,2.364712238311767578e+00
4.381405711174011230e-01,6.472051739692687988e-01
4.673982560634613037e-01,2.305670261383056641e+00
9.221199750900268555e-01,2.251461505889892578e+00
6.558431982994079590e-01,1.390005230903625488e+00
6.082122921943664551e-01,1.903572678565979004e+00
-1.894613623619079590e+00,-4.694883525371551514e-02
-1.760061979293823242e-01,1.601119279861450195e+00
-1.567192912101745605e+00,4.952824115753173828e-01
-2.096879005432128906e+00,-6.415186524391174316e-01
-1.519399285316467285e+00,-8.271780014038085938e-01
-1.562744736671447754e+00,5.815989971160888672e-01
-6.488217711448669434e-01,-4.092301726341247559e-01
1.233432531356811523e+00,2.846070528030395508e+00
-3.908685445785522461e-01,8.868681788444519043e-01
-1.651972055435180664e+00,-1.051051259040832520e+00
9.079999923706054688e-01,2.252250432968139648e+00
-9.598385691642761230e-01,1.086299300193786621e+00
-2.100203990936279297e+00,-5.582164525985717773e-01
3.389293551445007324e-01,-1.059913262724876404e-01
2.083218097686767578e+00,2.482859611511230469e+00
7.219066470861434937e-02,1.285321712493896484e+00
-8.496528267860412598e-01,4.581657052040100098e-01
-1.217905953526496887e-01,9.127374291419982910e-01
3.027316033840179443e-01,8.610686659812927246e-01
-7.771152853965759277e-01,5.383461713790893555e-03
2.370209097862243652e-01,2.294249773025512695e+00
-6.955456733703613281e-01,4.937559962272644043e-01
7.793207764625549316e-01,1.199384808540344238e+00
2.591858863830566406e+00,2.057899713516235352e+00
-2.977722883224487305e-01,1.884071469306945801e+00
-1.747520685195922852e+00,-7.336236238479614258e-01
-1.568149924278259277e+00,-1.906741410493850708e-01
3.184067010879516602e-01,1.709097504615783691e+00
-6.073799729347229004e-01,4.003462493419647217e-01
1.118917822837829590e+00,1.450477480888366699e+00
1.301510214805603027e+00,2.027756214141845703e+00
5.096540227532386780e-02,2.687797844409942627e-01
-2.554959774017333984e+00,1.044510677456855774e-01
-3.895686566829681396e-01,1.257486224174499512e+00
-3.085054457187652588e-01,9.657880067825317383e-01
-5.391553640365600586e-01,1.391026020050048828e+00
4.090396165847778320e-01,8.463540673255920410e-01
1.491582512855529785e+00,2.828486442565917969e+00
-1.402306407690048218e-01,8.902211189270019531e-01
8.768875002861022949e-01,2.239035129547119141e+00
1.089163541793823242e+00,2.774251937866210938e+00
7.339116930961608887e-01,1.705486178398132324e+00
-1.756213784217834473e+00,2.445847243070602417e-01
8.442884087562561035e-01,2.920502662658691406e+00
3.621746897697448730e-01,1.615078210830688477e+00
7.874263525009155273e-01,1.697808504104614258e+00
-2.519915401935577393e-01,1.465518116950988770e+00
-7.864395976066589355e-01,6.318550705909729004e-01
-2.167048454284667969e+00,1.595209598541259766e+00
-2.428842037916183472e-01,1.183036804199218750e+00
-6.984555721282958984e-01,8.618378043174743652e-01
-6.602075099945068359e-01,5.134541392326354980e-01
-7.866028547286987305e-01,3.733764588832855225e-02
7.881674766540527344e-01,2.371837377548217773e+00
2.752773165702819824e-01,7.066839337348937988e-01
-2.435455322265625000e+00,2.455586045980453491e-01
-5.950753092765808105e-01,-6.524168848991394043e-01
5.546411499381065369e-02,1.088820338249206543e+00
4.375942647457122803e-01,1.905582547187805176e+00
7.444851398468017578e-01,8.321348428726196289e-01
2.461743652820587158e-01,6.778954267501831055e-01
-2.432564496994018555e-01,2.646517753601074219e+00
-5.945004820823669434e-01,1.472873330116271973e+00
1.048999428749084473e+00,2.697513580322265625e+00
1.018447160720825195e+00,1.612395048141479492e+00
1.316169857978820801e+00,1.859178304672241211e+00
-7.180827260017395020e-01,1.327288597822189331e-01
1.162395238876342773e+00,2.270943164825439453e+00
1.114401578903198242e+00,2.510125637054443359e+00
1.586945950984954834e-01,6.051394939422607422e-01
2.342995405197143555e+00,2.526186943054199219e+00
-2.004891782999038696e-01,2.477442264556884766e+00
-9.746297001838684082e-01,2.677166163921356201e-01
2.193912863731384277e-01,2.226073026657104492e+00
7.877688407897949219e-01,1.753818035125732422e+00
-1.510205984115600586e+00,-1.319416612386703491e-01
-1.711275577545166016e+00,6.691288948059082031e-01
5.766583681106567383e-01,1.452661395072937012e+00
2.042115032672882080e-01,6.363325119018554688e-01
5.763771533966064453e-01,2.409707307815551758e+00
1.712231874465942383e+00,2.082614660263061523e+00
9.655708074569702148e-01,2.557227611541748047e+00
8.501926809549331665e-02,2.437961339950561523e+00
2.829768061637878418e-01,2.423919439315795898e+00
-2.374127507209777832e-01,9.214292764663696289e-01
-1.250969529151916504e+00,4.868777394294738770e-01
-5.416500568389892578e-01,-4.868712723255157471e-01
-5.902619957923889160e-01,3.005122840404510498e-01
-1.418906211853027344e+00,2.667553722858428955e-01
7.766451239585876465e-01,2.371152162551879883e+00
1.478864192962646484e+00,2.526785612106323242e+00
-9.667528867721557617e-01,1.868364214897155762e+00
-2.380163192749023438e+00,1.291904449462890625e+00
-1.455313086509704590e+00,5.837020874023437500e-01
-1.603417515754699707e+00,9.057217836380004883e-01
6.670128107070922852e-01,2.804887294769287109e+00
1.476407051086425781e-03,5.394147634506225586e-01
1.072278544306755066e-01,2.465063333511352539e+00
-2.139452248811721802e-01,1.949769854545593262e+00
8.386882543563842773e-01,2.555315732955932617e+00
5.378333926200866699e-01,1.522667527198791504e+00
9.984157085418701172e-01,2.314699888229370117e+00
5.128240585327148438e-02,6.554955244064331055e-01
1.137802124023437500e+00,2.092478036880493164e+00
-9.048519730567932129e-01,-4.937534928321838379e-01
-7.007541060447692871e-01,2.162804126739501953e+00
-1.383191943168640137e+00,1.580827951431274414e+00
1.888227462768554688e+00,2.686760663986206055e+00
-3.258252739906311035e-01,2.336013764142990112e-01
-4.560887515544891357e-01,9.464812874794006348e-01
3.753784894943237305e-01,1.471146464347839355e+00
4.514720756560564041e-03,6.635190844535827637e-01
-1.674477458000183105e+00,3.333799839019775391e-01
1.763653635978698730e+00,2.533491611480712891e+00
-7.230721116065979004e-01,9.179618954658508301e-01
1.011958241462707520e+00,2.458270788192749023e+00
-1.550143122673034668e+00,-4.489716291427612305e-01
-1.480673206970095634e-03,1.704140543937683105e+00
-1.094546675682067871e+00,-1.714754551649093628e-01
-2.778940796852111816e-01,9.200339913368225098e-01
2.034215182065963745e-01,1.336544632911682129e+00
-5.204766988754272461e-01,-5.628870129585266113e-01
-4.169444441795349121e-01,1.830496191978454590e+00
5.663516521453857422e-01,2.215095520019531250e+00
2.893038094043731689e-01,1.409744024276733398e+00
-1.278295397758483887e+00,7.608175873756408691e-01
5.998227596282958984e-01,2.528938293457031250e+00
-5.286579132080078125e-01,7.793921232223510742e-01
-1.706832289695739746e+00,1.494218409061431885e-01
2.444193601608276367e+00,2.493335008621215820e+00
-1.150928258895874023e+00,1.312341332435607910e+00
1.802635312080383301e+00,2.197410583496093750e+00
-1.591450929641723633e+00,-6.071418523788452148e-01
2.383728623390197754e-01,2.308262109756469727e+00
-6.034336686134338379e-01,7.195124626159667969e-01
-9.814815521240234375e-01,2.473648309707641602e+00
7.255930900573730469e-01,1.828054308891296387e+00
-1.332115411758422852e+00,2.656728327274322510e-01
-9.142548441886901855e-01,-1.004955887794494629e+00
-1.486553668975830078e+00,1.120355725288391113e+00
5.878165960311889648e-01,9.722265601158142090e-01
6.975076794624328613e-01,9.452900886535644531e-01
2.046360015869140625e+00,2.670302629470825195e+00
-7.737139463424682617e-01,3.212173581123352051e-01
1.734186857938766479e-01,1.882112026214599609e+00
1.348760008811950684e+00,2.881520032882690430e+00
-8.518138527870178223e-01,-6.883727908134460449e-01
2.569573223590850830e-01,3.050771653652191162e-01
1.456449747085571289e+00,2.845494747161865234e+00
5.330677628517150879e-01,1.379801511764526367e+00
2.004158020019531250e+00,2.827301263809204102e+00
-1.106299996376037598e+00,4.690076410770416260e-02
7.273127436637878418e-01,1.160311102867126465e+00
4.803198873996734619e-01,1.364574283361434937e-01
-3.590520322322845459e-01,1.281894087791442871e+00
-6.735405325889587402e-01,7.750269770622253418e-01
-4.290612637996673584e-01,9.545260667800903320e-01
-1.552123546600341797e+00,5.085325241088867188e-01
3.126921355724334717e-01,8.988036513328552246e-01
-1.834699273109436035e+00,7.629966139793395996e-01
4.865304529666900635e-01,2.011774778366088867e+00
-1.121576875448226929e-02,2.562776088714599609e+00
2.694567143917083740e-01,1.825575947761535645e+00
1.392669200897216797e+00,2.502794981002807617e+00
1.693953514099121094e+00,2.487679719924926758e+00
6.115903854370117188e-01,2.317095994949340820e+00
-1.598198056221008301e+00,-8.947079181671142578e-01
5.250553488731384277e-01,1.617273330688476562e+00
-2.420647144317626953e+00,-1.745490193367004395e+00
3.024699687957763672e-01,2.696261167526245117e+00
-2.593480825424194336e+00,-5.994312763214111328e-01
-5.019447803497314453e-01,5.735437273979187012e-01
3.950727581977844238e-01,2.364398956298828125e+00
5.785604119300842285e-01,1.011019229888916016e+00
-1.329509377479553223e+00,-9.246041774749755859e-01
-1.355826020240783691e+00,-3.965281546115875244e-01
-1.831539273262023926e+00,-2.586702346801757812e+00
5.793371796607971191e-01,9.857758879661560059e-01
-6.801757216453552246e-01,-1.115610823035240173e-01
2.179512381553649902e-01,7.391985058784484863e-01
-1.402079701423645020e+00,-4.642599727958440781e-03
4.733034968376159668e-01,2.195343494415283203e+00
9.081243276596069336e-01,2.334206104278564453e+00
-1.777227163314819336e+00,-1.368962049484252930e+00
-1.610873579978942871e+00,1.519365787506103516e+00
6.926047801971435547e-01,9.693304300308227539e-01
-1.784466624259948730e+00,1.888876199722290039e+00
-6.167505979537963867e-01,5.617222189903259277e-01
-1.644009232521057129e+00,4.857105612754821777e-01
-1.618438363075256348e+00,-7.167203724384307861e-02
6.114559769630432129e-01,1.640661239624023438e+00
-3.161063417792320251e-03,2.079144239425659180e+00
-7.221096158027648926e-01,-4.162421822547912598e-01
-3.433140218257904053e-01,5.301220417022705078e-01
-1.181228876113891602e+00,1.269909739494323730e+00
7.245719432830810547e-01,2.903830051422119141e+00
-4.381878972053527832e-01,1.761188983917236328e+00
-7.175963521003723145e-01,3.407089710235595703e-01
-1.265411019325256348e+00,-3.544034659862518311e-01
-2.616836309432983398e+00,-1.531162261962890625e+00
6.555598378181457520e-01,1.407200336456298828e+00
8.598355948925018311e-02,1.032352566719055176e+00
4.742508530616760254e-01,2.544508218765258789e+00
-1.603569865226745605e+00,-2.067237854003906250e+00
-6.981722116470336914e-01,4.835495948791503906e-01
-2.890133857727050781e-01,1.357733130455017090e+00
3.819791674613952637e-01,1.638980984687805176e+00
-2.669931411743164062e+00,-3.916087448596954346e-01
4.905014336109161377e-01,2.343884229660034180e+00
-4.177429676055908203e-01,1.607537388801574707e+00
2.788683414459228516e+00,2.216177940368652344e+00
1.214573502540588379e+00,2.595680236816406250e+00
2.099308490753173828e+00,2.843867778778076172e+00
1.853521466255187988e+00,2.073890924453735352e+00
6.830846518278121948e-02,1.567382097244262695e+00
2.787732519209384918e-02,7.108849287033081055e-01
-5.564106106758117676e-01,1.646091222763061523e+00
-4.800731539726257324e-01,2.298074007034301758e+00
-3.213427960872650146e-01,2.411134958267211914e+00
3.216486871242523193e-01,1.514880895614624023e+00
-4.428125917911529541e-01,-7.414284348487854004e-02
-6.386849284172058105e-01,1.149966001510620117e+00
1.131216049194335938e+00,2.330557107925415039e+00
7.194168567657470703e-01,2.069136857986450195e+00
2.890733957290649414e+00,2.330543756484985352e+00
5.861986279487609863e-01,1.442534089088439941e+00
-7.291147112846374512e-02,1.853429079055786133e+00
-2.183083444833755493e-02,-1.287339687347412109e+00
-5.786853432655334473e-01,1.136840224266052246e+00
-4.428362548351287842e-01,8.980626463890075684e-01
-2.073429584503173828e+00,1.249029278755187988e+00
-1.763990163803100586e+00,-1.902646183967590332e+00
1.122191786766052246e+00,2.819653034210205078e+00
1.029250919818878174e-01,2.796395063400268555e+00
9.863793849945068359e-01,2.555409193038940430e+00
-7.071124315261840820e-01,5.140368938446044922e-01
1.387054204940795898e+00,1.766682386398315430e+00
-1.532078683376312256e-01,5.110259652137756348e-01
-5.963486433029174805e-01,1.520229578018188477e+00
-4.098512530326843262e-01,-5.672754645347595215e-01
-1.888853497803211212e-02,7.925768494606018066e-01
-9.026187658309936523e-01,1.209841609001159668e+00
-7.361028194427490234e-01,1.986668825149536133e+00
7.280755788087844849e-02,6.606699824333190918e-01
5.282745957374572754e-01,9.773957133293151855e-01
-1.683247923851013184e+00,6.625569462776184082e-01
-1.742197275161743164e+00,6.502658724784851074e-01
-1.911193370819091797e+00,-9.230765700340270996e-01
-5.296569466590881348e-01,9.124079942703247070e-01
-5.421803593635559082e-01,5.337768197059631348e-01
1.694887280464172363e+00,1.859805822372436523e+00
5.616365075111389160e-01,1.607218503952026367e+00
2.086788043379783630e-02,1.479523301124572754e+00
-1.435461640357971191e+00,1.043822169303894043e+00
-1.181458473205566406e+00,1.038171648979187012e+00
-1.817176699638366699e+00,3.477585315704345703e-01
1.365872859954833984e+00,1.761689305305480957e+00
3.685692250728607178e-01,7.198412418365478516e-01
-3.823506534099578857e-01,8.616947531700134277e-01
1.609406113624572754e+00,1.680699586868286133e+00
3.918790519237518311e-01,7.415036559104919434e-01
4.573103189468383789e-01,1.343717217445373535e+00
-2.039965867996215820e+00,-6.654211282730102539e-01
