2.007464885711669922e+00,1.505368351936340332e+00
-1.593116879463195801e+00,-1.081581711769104004e+00
-1.672244191169738770e+00,-1.048597455024719238e+00
2.982832118868827820e-02,1.052357554435729980e+00
1.908527970314025879e+00,1.680458903312683105e+00
1.518443465232849121e+00,1.411538481712341309e+00
9.786893725395202637e-01,5.810258984565734863e-01
-1.043705701828002930e+00,-1.678644537925720215e+00
8.678103685379028320e-01,5.615274906158447266e-01
6.641752719879150391e-01,9.673849344253540039e-01
1.474195122718811035e+00,1.208777904510498047e+00
-1.254714250564575195e+00,-2.460113763809204102e+00
1.108774900436401367e+00,1.494590878486633301e+00
2.100782394409179688e+00,1.665720462799072266e+00
1.963490009307861328e+00,9.883885383605957031e-01
-1.087792515754699707e+00,-1.486422181129455566e+00
1.566281467676162720e-01,9.874489903450012207e-01
-8.697687983512878418e-01,-3.762719035148620605e-01
-9.499699473381042480e-01,-1.037015438079833984e+00
-1.649048566818237305e+00,-1.051500558853149414e+00
-1.570530533790588379e+00,-1.619358658790588379e+00
-2.374652624130249023e+00,-1.256020307540893555e+00
-7.685684561729431152e-01,-1.232046127319335938e+00
1.134913682937622070e+00,1.115992903709411621e+00
1.759621739387512207e+00,1.404924154281616211e+00
-1.362489223480224609e+00,-6.468528509140014648e-01
-1.098018884658813477e+00,-6.415594816207885742e-01
-1.599477052688598633e+00,-2.346782207489013672e+00
1.277959227561950684e+00,9.508510231971740723e-01
-1.477112531661987305e+00,-8.903167247772216797e-01
-1.239835500717163086e+00,-1.109404444694519043e+00
2.435843467712402344e+00,1.319621682167053223e+00
1.557488203048706055e+00,1.073325276374816895e+00
-3.762933909893035889e-01,-3.891340494155883789e-01
-1.572304129600524902e+00,-1.495304465293884277e+00
1.237063333392143250e-01,-4.374413490295410156e-01
-2.377503395080566406e+00,-1.170599222183227539e+00
6.058451533317565918e-01,4.430987834930419922e-01
1.289863228797912598e+00,9.034913182258605957e-01
-9.954174160957336426e-01,-6.442795395851135254e-01
-1.290666580200195312e+00,-9.936169385910034180e-01
-2.296149015426635742e+00,-1.728755831718444824e+00
-1.312954425811767578e+00,-1.602144837379455566e+00
-1.540349721908569336e+00,-1.078536033630371094e+00
-1.287758708000183105e+00,-1.563962697982788086e+00
8.943542838096618652e-01,5.324007272720336914e-01
1.022168397903442383e+00,9.924081563949584961e-01
-7.645513415336608887e-01,-1.665254950523376465e+00
1.069693446159362793e+00,1.078704714775085449e+00
-9.646320939064025879e-01,-9.088612794876098633e-01
1.619744896888732910e+00,1.112612485885620117e+00
-1.219046950340270996e+00,-7.738919854164123535e-01
-8.789042830467224121e-01,-1.415360689163208008e+00
7.603427767753601074e-01,5.811469554901123047e-01
-1.372105360031127930e+00,-6.263179183006286621e-01
1.340170383453369141e+00,1.773543953895568848e+00
9.430157542228698730e-01,7.761570811271667480e-01
-1.592183470726013184e+00,-1.545556664466857910e+00
5.554099753499031067e-02,5.927285552024841309e-01
-1.878626942634582520e+00,-1.697992086410522461e+00
5.273862481117248535e-01,9.406846165657043457e-01
1.446936368942260742e+00,1.032870411872863770e+00
-1.137247204780578613e+00,-9.028310775756835938e-01
-9.988843798637390137e-01,-1.254658341407775879e+00
1.833128809928894043e+00,1.031411767005920410e+00
-1.601884126663208008e+00,-1.713670611381530762e+00
1.690240740776062012e+00,1.627516508102416992e+00
1.042237997055053711e+00,7.335338592529296875e-01
1.894678473472595215e+00,1.372873544692993164e+00
-1.753846168518066406e+00,-1.217903017997741699e+00
-2.403427839279174805e+00,-7.650581598281860352e-01
1.576767444610595703e+00,1.030573248863220215e+00
9.308910965919494629e-01,1.291871428489685059e+00
-6.047794222831726074e-01,-7.908831238746643066e-01
-1.480860471725463867e+00,-1.756863117218017578e+00
-1.531838536262512207e+00,-1.194237232208251953e+00
-1.585123419761657715e+00,-1.219183325767517090e+00
7.709388732910156250e-01,1.111900925636291504e+00
-1.269168019294738770e+00,-1.038858652114868164e+00
7.854359745979309082e-01,9.319680929183959961e-01
5.937770009040832520e-01,1.031491637229919434e+00
8.649027943611145020e-01,1.463546514511108398e+00
1.798044562339782715e+00,1.536948919296264648e+00
-6.423256546258926392e-02,-2.350736260414123535e-01
1.584910511970520020e+00,1.120795011520385742e+00
-1.477357387542724609e+00,-6.629105210304260254e-01
1.467371344566345215e+00,8.690192103385925293e-01
6.482317298650741577e-02,2.824491560459136963e-01
-1.557692050933837891e+00,-8.999087214469909668e-01
-8.776166439056396484e-01,-1.137955546379089355e+00
1.945716977119445801e+00,1.252053976058959961e+00
1.201993584632873535e+00,1.440131545066833496e+00
6.989220976829528809e-01,1.545061707496643066e+00
2.016813993453979492e+00,2.384505271911621094e+00
1.721471309661865234e+00,1.286620497703552246e+00
-1.589211463928222656e+00,-1.065829753875732422e+00
5.283625721931457520e-01,1.117065429687500000e+00
1.992241740226745605e+00,1.185643076896667480e+00
9.156944155693054199e-01,9.987391829490661621e-01
1.203413367271423340e+00,1.737154483795166016e+00
-1.252996206283569336e+00,-1.067047119140625000e+00
-1.516981720924377441e+00,-9.768648743629455566e-01
1.785475611686706543e+00,1.621124267578125000e+00
-1.124745249748229980e+00,-5.100432038307189941e-01
2.834688663482666016e+00,1.326559185981750488e+00
-1.664151310920715332e+00,-1.475298047065734863e+00
-9.050014615058898926e-01,-9.011549353599548340e-01
3.207518160343170166e-01,3.514084517955780029e-01
1.916906595230102539e+00,1.558202624320983887e+00
-1.089954614639282227e+00,-9.535110592842102051e-01
2.191307783126831055e+00,1.701240301132202148e+00
1.060399055480957031e+00,7.642999887466430664e-01
2.051200866699218750e+00,1.115909457206726074e+00
-1.567127466201782227e+00,-1.658820390701293945e+00
9.411327242851257324e-01,5.185049772262573242e-01
1.124568879604339600e-01,8.013645410537719727e-01
-1.449124455451965332e+00,-8.073125481605529785e-01
-1.560967683792114258e+00,-1.634791016578674316e+00
1.225012540817260742e+00,1.284664392471313477e+00
-1.013893723487854004e+00,-1.080048441886901855e+00
1.748774170875549316e+00,1.496115088462829590e+00
-2.317945480346679688e+00,-1.895424127578735352e+00
1.981245279312133789e-01,3.426280990242958069e-02
-1.494000792503356934e+00,-1.460595846176147461e+00
5.703165531158447266e-01,2.424396723508834839e-01
7.083316445350646973e-01,6.531339883804321289e-01
-1.672525286674499512e+00,-1.090567708015441895e+00
1.234992623329162598e+00,1.301755785942077637e+00
1.001251220703125000e+00,1.154686093330383301e+00
1.560019612312316895e+00,9.136249423027038574e-01
-1.987402439117431641e+00,-1.531619071960449219e+00
1.057601213455200195e+00,1.015081167221069336e+00
-2.013755321502685547e+00,-1.933482885360717773e+00
3.946033120155334473e-01,5.517277717590332031e-01
-2.762874960899353027e-01,1.513308882713317871e-01
9.294824004173278809e-01,1.246721029281616211e+00
5.406108498573303223e-01,8.573054075241088867e-01
1.007474541664123535e+00,1.560543298721313477e+00
-1.529212713241577148e+00,-1.286876440048217773e+00
-1.714720606803894043e+00,-1.152305245399475098e+00
1.499423027038574219e+00,9.463483691215515137e-01
-2.069871425628662109e+00,-1.609569549560546875e+00
-4.453734457492828369e-01,-4.288678169250488281e-01
1.848055958747863770e+00,1.949942708015441895e+00
-1.404500246047973633e+00,-1.726823329925537109e+00
-1.478467226028442383e+00,-1.316740274429321289e+00
1.599835157394409180e+00,8.580985069274902344e-01
-2.419438064098358154e-01,-2.497890591621398926e-01
8.592976331710815430e-01,7.473756074905395508e-01
-2.079323291778564453e+00,-1.434423327445983887e+00
-1.969434738159179688e+00,-1.767512559890747070e+00
-2.056194782257080078e+00,-1.472434043884277344e+00
-1.695493817329406738e+00,-1.507085084915161133e+00
-6.909585595130920410e-01,-9.389879107475280762e-01
-1.211894631385803223e+00,-9.828332662582397461e-01
1.707105636596679688e+00,1.083322763442993164e+00
-1.751674890518188477e+00,-1.084965586662292480e+00
-1.654739141464233398e+00,-1.774389863014221191e+00
-1.658706426620483398e+00,-1.532503843307495117e+00
-7.374839782714843750e-01,-6.615200638771057129e-01
1.204716682434082031e+00,1.213794589042663574e+00
1.313247680664062500e+00,1.371003508567810059e+00
1.036150217056274414e+00,1.140439152717590332e+00
-1.078977942466735840e+00,-1.554147481918334961e+00
-2.556380748748779297e+00,-1.785066604614257812e+00
1.191491127014160156e+00,1.492074966430664062e+00
2.835231125354766846e-01,9.131188988685607910e-01
-1.674747824668884277e+00,-2.083640813827514648e+00
1.294746279716491699e+00,1.062286972999572754e+00
1.309106230735778809e+00,9.166798591613769531e-01
-9.837445616722106934e-01,-1.597631692886352539e+00
1.033705830574035645e+00,9.386538267135620117e-01
1.117243885993957520e+00,7.588025927543640137e-01
4.349152147769927979e-01,7.906802892684936523e-01
-1.101015210151672363e+00,-1.001144289970397949e+00
-1.519213438034057617e+00,-1.215009331703186035e+00
-1.586225271224975586e+00,-1.737933516502380371e+00
-1.527884006500244141e+00,-1.553312182426452637e+00
-1.455785989761352539e+00,-5.480486154556274414e-01
6.668073534965515137e-01,9.108298420906066895e-01
1.375361084938049316e+00,1.663668632507324219e+00
1.147585630416870117e+00,9.173263907432556152e-01
-7.415779829025268555e-01,-8.032492995262145996e-01
-1.225616931915283203e+00,-8.531328439712524414e-01
-1.456996798515319824e+00,-9.609198570251464844e-01
-9.761176109313964844e-01,-1.115984201431274414e+00
2.008415460586547852e+00,1.576228260993957520e+00
-1.518907785415649414e+00,-1.279999613761901855e+00
1.982469201087951660e+00,1.071711421012878418e+00
-1.203294992446899414e+00,-9.073079228401184082e-01
1.893322229385375977e+00,7.458357214927673340e-01
1.405376195907592773e+00,2.344702482223510742e+00
1.019827127456665039e+00,1.533445835113525391e+00
-1.250772118568420410e+00,-1.118831515312194824e+00
1.068045973777770996e+00,9.819887876510620117e-01
2.492237985134124756e-01,7.885500788688659668e-01
9.714446663856506348e-01,9.040492177009582520e-01
-1.533572912216186523e+00,-1.087724208831787109e+00
-1.552490711212158203e+00,-1.206272244453430176e+00
5.949611067771911621e-01,8.831814527511596680e-01
1.705015778541564941e+00,1.208561301231384277e+00
1.776869773864746094e+00,8.296213746070861816e-01
1.001161694526672363e+00,1.195869445800781250e+00
1.592941403388977051e+00,1.329285621643066406e+00
4.533221945166587830e-02,2.085686624050140381e-01
2.024053335189819336e+00,9.518770575523376465e-01
6.258177161216735840e-01,1.037205696105957031e+00
1.594537138938903809e+00,9.928134083747863770e-01
1.001507043838500977e+00,1.538219690322875977e+00
-8.976374864578247070e-01,-9.588047862052917480e-01
5.708966851234436035e-01,7.846869826316833496e-01
1.676699042320251465e+00,1.242097854614257812e+00
-1.037937521934509277e+00,-1.339877009391784668e+00
1.188578128814697266e+00,2.376687973737716675e-01
-1.797645092010498047e+00,-9.684450626373291016e-01
1.597145199775695801e+00,1.204250335693359375e+00
8.148876428604125977e-01,1.036983132362365723e+00
1.599729537963867188e+00,8.753869533538818359e-01
-2.473913669586181641e+00,-1.228345990180969238e+00
2.403315782546997070e+00,1.124939203262329102e+00
-1.058890581130981445e+00,-6.493891477584838867e-01
-9.666957259178161621e-01,-9.089052081108093262e-01
-6.146299839019775391e-01,-3.617280721664428711e-01
-1.696738362312316895e+00,-1.916113495826721191e+00
-1.137566924095153809e+00,-1.533694148063659668e+00
1.059242844581604004e+00,9.110717177391052246e-01
-2.428987264633178711e+00,-1.308098554611206055e+00
-2.096963167190551758e+00,-9.133940935134887695e-01
1.994062781333923340e+00,1.144635438919067383e+00
1.146496772766113281e+00,1.559783816337585449e+00
-1.463171005249023438e+00,-4.701161980628967285e-01
-7.011170983314514160e-01,-5.561393499374389648e-01
-1.112243890762329102e+00,-1.037376642227172852e+00
1.557591915130615234e+00,1.500078082084655762e+00
7.839109301567077637e-01,1.100916862487792969e+00
1.133942842483520508e+00,9.856228232383728027e-01
1.073684334754943848e+00,8.755680918693542480e-01
1.356983065605163574e+00,9.415102005004882812e-01
2.066213130950927734e+00,1.127533316612243652e+00
-1.563135623931884766e+00,-2.174190759658813477e+00
-1.111468076705932617e+00,-1.276594758033752441e+00
1.262897253036499023e+00,1.067265629768371582e+00
-8.620346188545227051e-01,-5.845778584480285645e-01
8.565694093704223633e-01,9.999672770500183105e-01
6.778866648674011230e-01,1.125244617462158203e+00
-1.388278245925903320e+00,-1.337409853935241699e+00
1.023462414741516113e+00,9.538315534591674805e-01
1.522738933563232422e+00,8.590832352638244629e-01
-1.456450700759887695e+00,-9.481157660484313965e-01
-1.590971827507019043e+00,-1.045641541481018066e+00
2.229028701782226562e+00,2.754025936126708984e+00
1.086764335632324219e+00,1.510030627250671387e+00
-1.551977157592773438e+00,-1.713270783424377441e+00
-1.482449650764465332e+00,-9.915925264358520508e-01
-1.610334753990173340e+00,-1.792739510536193848e+00
6.747186183929443359e-01,9.986067414283752441e-01
2.194686651229858398e+00,1.881728291511535645e+00
2.260379791259765625e+00,9.415100812911987305e-01
-8.933052420616149902e-01,-5.259234309196472168e-01
1.725151777267456055e+00,1.524619579315185547e+00
-1.612605452537536621e+00,-1.044827222824096680e+00
-1.511503338813781738e+00,-2.345715284347534180e+00
-5.669739842414855957e-01,-5.269795060157775879e-01
-6.055399775505065918e-01,-4.734606146812438965e-01
7.735466957092285156e-01,8.671982884407043457e-01
5.294016599655151367e-01,1.014233231544494629e+00
1.510218262672424316e+00,9.345830678939819336e-01
-1.254145622253417969e+00,-1.437166571617126465e+00
1.491177916526794434e+00,1.001166939735412598e+00
2.110723972320556641e+00,1.522234082221984863e+00
-2.210068464279174805e+00,-9.575489163398742676e-01
1.164088129997253418e+00,1.399017572402954102e+00
-1.794654369354248047e+00,-1.411307573318481445e+00
1.224491357803344727e+00,1.228653311729431152e+00
1.713129520416259766e+00,1.183854103088378906e+00
-8.904953002929687500e-01,-4.999015927314758301e-01
1.907811909914016724e-01,1.017504334449768066e+00
6.120458841323852539e-01,1.160653471946716309e+00
2.804234266281127930e+00,9.061268568038940430e-01
6.468143463134765625e-01,9.810159206390380859e-01
-1.436267256736755371e+00,-1.045722246170043945e+00
-1.644045591354370117e+00,-1.222625970840454102e+00
-1.550583004951477051e+00,-6.907554268836975098e-01
-1.023609042167663574e+00,-1.143383502960205078e+00
-5.172635912895202637e-01,-1.238488674163818359e+00
1.103123545646667480e+00,1.335204124450683594e+00
-2.300176858901977539e+00,-1.816505670547485352e+00
7.211993336677551270e-01,3.663012087345123291e-01
-8.849682211875915527e-01,-1.095132827758789062e+00
-6.408106088638305664e-01,-9.095727205276489258e-01
6.207440495491027832e-01,1.151530742645263672e+00
-1.443927526473999023e+00,-1.192479372024536133e+00
1.809024572372436523e+00,1.129964232444763184e+00
-1.879352927207946777e+00,-8.120270371437072754e-01
-1.364480853080749512e+00,-1.562559366226196289e+00
1.114121794700622559e+00,8.189281225204467773e-01
2.235899209976196289e+00,1.467323780059814453e+00
-7.159851789474487305e-01,-1.276208162307739258e+00
1.161841034889221191e+00,1.166386365890502930e+00
1.626433730125427246e+00,1.307539701461791992e+00
1.675727963447570801e+00,1.312405109405517578e+00
-1.177183270454406738e+00,-1.596852779388427734e+00
1.631687760353088379e+00,1.119687795639038086e+00
-1.671852588653564453e+00,-8.869078755378723145e-01
1.180667161941528320e+00,1.355114221572875977e+00
1.055555224418640137e+00,1.063018679618835449e+00
-9.811407923698425293e-01,-1.510629057884216309e+00
-1.585850596427917480e+00,-1.710844635963439941e+00
1.679470896720886230e+00,1.066113233566284180e+00
-1.708054065704345703e+00,-1.233368396759033203e+00
1.046465635299682617e+00,1.093527674674987793e+00
4.363078474998474121e-01,6.463254690170288086e-01
-1.383796334266662598e+00,-7.903249859809875488e-01
-1.283568143844604492e+00,-1.055652856826782227e+00
1.518897294998168945e+00,1.168432354927062988e+00
-1.900646686553955078e-01,-8.623356223106384277e-01
-8.752586245536804199e-01,-1.043910145759582520e+00
9.804611802101135254e-01,9.826965928077697754e-01
-1.654275417327880859e+00,-1.659897446632385254e+00
-2.284355878829956055e+00,-2.844914674758911133e+00
-1.598232865333557129e+00,-9.456359148025512695e-01
-1.727774739265441895e+00,-9.980579018592834473e-01
4.050639867782592773e-01,1.046211719512939453e+00
-2.688881397247314453e+00,-1.240346550941467285e+00
-9.059659838676452637e-01,-4.030117392539978027e-01
-9.457117915153503418e-01,-1.486038923263549805e+00
4.149352908134460449e-01,6.385865211486816406e-01
-9.915840029716491699e-01,-1.510362863540649414e+00
-1.573505640029907227e+00,-1.081498861312866211e+00
1.097282767295837402e+00,1.181078076362609863e+00
-1.755495429039001465e+00,-1.658374905586242676e+00
-1.450992345809936523e+00,-9.304249286651611328e-01
-4.422361552715301514e-01,-7.087914943695068359e-01
1.530456423759460449e+00,1.087328076362609863e+00
8.585677742958068848e-01,8.641228079795837402e-01
-1.187279701232910156e+00,-1.381958961486816406e+00
-2.232001066207885742e+00,-1.025793194770812988e+00
-1.571082830429077148e+00,-1.084083795547485352e+00
-1.461676597595214844e+00,-1.652464270591735840e+00
-8.630620837211608887e-01,-7.695698142051696777e-01
1.674754619598388672e+00,1.397952079772949219e+00
1.213931083679199219e+00,1.501511573791503906e+00
-1.814996242523193359e+00,-1.536406993865966797e+00
1.029060721397399902e+00,1.706007480621337891e+00
-2.365374326705932617e+00,-2.060937643051147461e+00
1.112805962562561035e+00,8.933421969413757324e-01
1.961376309394836426e+00,2.405291557312011719e+00
2.652289867401123047e+00,1.248783826828002930e+00
-8.710684776306152344e-01,-9.299857616424560547e-01
-1.371592044830322266e+00,-1.160670876502990723e+00
-1.603054761886596680e+00,-8.399371504783630371e-01
-2.006570577621459961e+00,-1.944172143936157227e+00
-1.443857789039611816e+00,-1.096070170402526855e+00
-7.110131382942199707e-01,-4.579167366027832031e-01
-7.427190989255905151e-02,2.958542406558990479e-01
-3.920001983642578125e-01,-1.237841844558715820e+00
-9.935097694396972656e-01,-4.456749260425567627e-01
3.713326752185821533e-01,2.544918060302734375e-01
1.083733558654785156e+00,1.603364825248718262e+00
9.766425490379333496e-01,1.181790351867675781e+00
-1.294485449790954590e+00,-1.078366160392761230e+00
-1.027598619461059570e+00,-9.858956336975097656e-01
1.088086724281311035e+00,1.500756144523620605e+00
-1.408303380012512207e+00,-1.339309215545654297e+00
7.998721599578857422e-01,1.511515855789184570e+00
9.507653117179870605e-01,7.369508743286132812e-01
1.524935841560363770e+00,1.145106792449951172e+00
1.631048321723937988e-01,1.424475669860839844e+00
1.155912041664123535e+00,1.561856865882873535e+00
-1.732011556625366211e+00,-1.799608707427978516e+00
-2.133589029312133789e+00,-8.503851890563964844e-01
-1.490890502929687500e+00,-1.268050312995910645e+00
7.922523617744445801e-01,3.881906270980834961e-01
-1.302946925163269043e+00,-1.296542406082153320e+00
-1.366516828536987305e+00,-3.711116313934326172e-01
1.908218741416931152e+00,2.250151872634887695e+00
-1.028088808059692383e+00,-7.491493821144104004e-01
-9.338678121566772461e-01,-1.122412204742431641e+00
-4.947286248207092285e-01,-5.714051723480224609e-01
1.141505002975463867e+00,1.311106920242309570e+00
1.050583124160766602e+00,1.079546332359313965e+00
9.049819111824035645e-01,1.533452868461608887e+00
-1.328436374664306641e+00,-1.135729789733886719e+00
5.981559753417968750e-01,1.039472460746765137e+00
-1.074512720108032227e+00,-1.292032241821289062e+00
-1.335460543632507324e+00,-8.420422673225402832e-01
-1.026326298713684082e+00,-8.446471691131591797e-01
-1.431061387062072754e+00,-1.519402146339416504e+00
-1.105804324150085449e+00,-9.602110385894775391e-01
-8.642781376838684082e-01,-1.460086703300476074e+00
1.442565798759460449e+00,1.005007266998291016e+00
-2.165499687194824219e+00,-1.081865191459655762e+00
2.034990787506103516e+00,1.633962869644165039e+00
4.043028950691223145e-01,5.343292951583862305e-01
3.743582963943481445e-01,7.144244313240051270e-01
1.548390150070190430e+00,1.756064295768737793e+00
5.781459212303161621e-01,9.511960148811340332e-01
1.167202711105346680e+00,7.003661394119262695e-01
-2.778784990310668945e+00,-1.117758631706237793e+00
-1.237643480300903320e+00,-1.614507436752319336e+00
1.167938470840454102e+00,1.247263193130493164e+00
6.821997165679931641e-01,1.536610484123229980e+00
6.824348568916320801e-01,5.177384018898010254e-01
-9.753286838531494141e-01,-1.145870327949523926e+00
-1.049037814140319824e+00,-1.274885296821594238e+00
1.163149595260620117e+00,2.063600301742553711e+00
-2.185143947601318359e+00,-1.228992104530334473e+00
-1.273275136947631836e+00,-1.068765044212341309e+00
-1.635851025581359863e+00,-9.534544944763183594e-01
-1.598183512687683105e+00,-1.122034072875976562e+00
8.137026429176330566e-01,1.231593251228332520e+00
7.943404316902160645e-01,5.474938154220581055e-01
-1.844389915466308594e+00,-1.273569107055664062e+00
1.526638984680175781e+00,1.330160021781921387e+00
-1.240707755088806152e+00,-1.029596209526062012e+00
-8.738796710968017578e-01,-4.367612004280090332e-01
1.495253086090087891e+00,1.550583839416503906e+00
-1.582334160804748535e+00,-1.813644051551818848e+00
-1.695238232612609863e+00,-1.075737595558166504e+00
-1.091856718063354492e+00,-9.938755631446838379e-01
-1.933647036552429199e+00,-1.647488832473754883e+00
-1.636020064353942871e+00,-1.089332938194274902e+00
-1.076650857925415039e+00,-9.597240686416625977e-01
-2.286672592163085938e+00,-7.055552601814270020e-01
1.619903326034545898e+00,1.875115394592285156e+00
-1.507306098937988281e+00,-8.606123328208923340e-01
-1.614901304244995117e+00,-8.766613602638244629e-01
1.854305744171142578e+00,2.265009641647338867e+00
-7.511135339736938477e-01,-6.681352853775024414e-01
1.291883587837219238e+00,9.766289591789245605e-01
-1.549990177154541016e+00,-9.609680175781250000e-01
1.789866089820861816e+00,2.181163549423217773e+00
-1.861577272415161133e+00,-1.430763721466064453e+00
-8.269519805908203125e-01,-1.027829170227050781e+00
-2.612729549407958984e+00,-1.089075565338134766e+00
-1.155900239944458008e+00,-1.243077158927917480e+00
-2.273185968399047852e+00,-1.149396419525146484e+00
-1.288036704063415527e+00,-1.058103442192077637e+00
1.932739257812500000e+00,1.103545427322387695e+00
8.234070539474487305e-01,4.972518980503082275e-01
1.120952129364013672e+00,8.072826266288757324e-01
-2.054559707641601562e+00,-1.049846410751342773e+00
1.292771100997924805e+00,1.411273837089538574e+00
-1.835597634315490723e+00,-1.085837841033935547e+00
-2.327923297882080078e+00,-1.164583086967468262e+00
-9.811444282531738281e-01,-1.097908139228820801e+00
-1.735758066177368164e+00,-1.586168169975280762e+00
-5.133666396141052246e-01,-5.859994888305664062e-01
1.488962173461914062e+00,1.261407852172851562e+00
-1.322524070739746094e+00,-1.088038086891174316e+00
-1.393992662429809570e+00,-8.581736087799072266e-01
8.920107483863830566e-01,8.761112689971923828e-01
2.228450536727905273e+00,2.666221857070922852e+00
1.897597789764404297e+00,2.419088840484619141e+00
8.414180278778076172e-01,8.664100170135498047e-01
1.016946554183959961e+00,9.969447851181030273e-01
-5.671494603157043457e-01,-1.314124703407287598e+00
1.738680243492126465e+00,1.139276504516601562e+00
-8.491804599761962891e-01,2.783048339188098907e-02
-1.705368638038635254e+00,-1.636569857597351074e+00
-1.023435592651367188e+00,-1.589991927146911621e+00
-1.581793665885925293e+00,-8.742491602897644043e-01
-1.279538512229919434e+00,-1.592658042907714844e+00
6.152977943420410156e-01,1.362356305122375488e+00
8.716172575950622559e-01,1.560801386833190918e+00
-1.773385047912597656e+00,-1.223918080329895020e+00
1.070546627044677734e+00,9.639785885810852051e-01
-1.323832273483276367e+00,-1.909313917160034180e+00
4.191504120826721191e-01,1.082348823547363281e+00
6.077696084976196289e-01,1.410399198532104492e+00
-3.852632343769073486e-01,-1.014972329139709473e+00
1.428482413291931152e+00,9.898313283920288086e-01
-1.087882816791534424e-01,-3.207088708877563477e-01
-1.890651822090148926e+00,-2.251643419265747070e+00
-6.520564556121826172e-01,-4.488311707973480225e-01
1.420219540596008301e+00,1.628030657768249512e+00
-1.511492967605590820e+00,-1.109960794448852539e+00
-1.455700993537902832e+00,-8.403455018997192383e-01
6.266937851905822754e-01,4.062972664833068848e-01
-1.338763713836669922e+00,-9.914497733116149902e-01
-1.518651723861694336e+00,-1.207107186317443848e+00
-3.077670633792877197e-01,-2.131752111017704010e-02
2.103592395782470703e+00,1.108728647232055664e+00
-1.187570095062255859e+00,-8.039690256118774414e-01
1.241708397865295410e+00,1.541315555572509766e+00
1.195550084114074707e+00,1.223560571670532227e+00
-5.811756849288940430e-01,-2.994948327541351318e-01
2.202142715454101562e+00,1.833414912223815918e+00
8.635023236274719238e-01,5.181995034217834473e-01
-2.667768001556396484e+00,-1.585580110549926758e+00
-2.172453880310058594e+00,-1.138277292251586914e+00
-2.578530550003051758e+00,-1.692019701004028320e+00
2.231383800506591797e+00,1.039251089096069336e+00
-1.683715701103210449e+00,-1.387808084487915039e+00
1.511582970619201660e+00,1.008348107337951660e+00
-1.706835269927978516e+00,-2.214406490325927734e+00
-1.765349030494689941e+00,-1.084622025489807129e+00
1.377026438713073730e+00,1.804678201675415039e+00
-1.682059645652770996e+00,-1.303717136383056641e+00
-1.604357481002807617e+00,-1.511346340179443359e+00
1.515649676322937012e+00,1.116997122764587402e+00
1.620149135589599609e+00,1.671670794486999512e+00
1.609802722930908203e+00,1.307036757469177246e+00
-4.088730514049530029e-01,-1.077262878417968750e+00
2.602069139480590820e+00,2.848128795623779297e+00
-1.008031010627746582e+00,-6.674066781997680664e-01
2.317617654800415039e+00,1.577511429786682129e+00
1.623055100440979004e+00,1.363156080245971680e+00
1.285520434379577637e+00,1.503686666488647461e+00
-1.174542784690856934e+00,-1.797584056854248047e+00
-1.523989796638488770e+00,-6.377167701721191406e-01
-1.840507507324218750e+00,-1.665862083435058594e+00
-1.864914298057556152e+00,-1.636170148849487305e+00
7.805634140968322754e-01,7.330103516578674316e-01
3.044271767139434814e-01,7.383491396903991699e-01
-2.729827642440795898e+00,-1.241660356521606445e+00
1.728972792625427246e+00,1.461805462837219238e+00
-1.946907281875610352e+00,-1.641049265861511230e+00
8.736351728439331055e-01,8.770827651023864746e-01
9.223355650901794434e-01,6.013632416725158691e-01
1.021186590194702148e+00,1.118113160133361816e+00
-1.809526801109313965e+00,-1.928929448127746582e+00
6.835146546363830566e-01,1.028073906898498535e+00
5.412378907203674316e-01,8.406033515930175781e-01
1.038884997367858887e+00,8.090580105781555176e-01
3.235445916652679443e-01,1.788730025291442871e-01
-1.559304594993591309e+00,-2.227176666259765625e+00
5.471166372299194336e-01,8.028252720832824707e-01
9.872249960899353027e-01,1.146876335144042969e+00
-2.883858978748321533e-01,-1.618063896894454956e-01
1.431425452232360840e+00,1.169363617897033691e+00
6.867660880088806152e-01,3.561787605285644531e-01
-2.453835487365722656e+00,-7.239790558815002441e-01
1.652747750282287598e+00,1.054827690124511719e+00
1.123916864395141602e+00,1.622262120246887207e+00
-1.644223570823669434e+00,-1.645563125610351562e+00
-1.855115294456481934e+00,-1.051560163497924805e+00
1.057017922401428223e+00,8.760333657264709473e-01
-6.060804799199104309e-02,5.367405414581298828e-01
-2.366791725158691406e+00,-1.070571541786193848e+00
1.771121978759765625e+00,1.134467959403991699e+00
1.708021998405456543e+00,1.201697349548339844e+00
-8.318923115730285645e-01,-4.544237852096557617e-01
-4.285337328910827637e-01,6.691092997789382935e-02
1.292232155799865723e+00,9.301698803901672363e-01
-1.625013113021850586e+00,-1.164438962936401367e+00
2.170814573764801025e-01,1.367206722497940063e-01
-2.050126314163208008e+00,-8.468752503395080566e-01
8.475827574729919434e-01,7.222059965133666992e-01
9.933312535285949707e-01,8.775541782379150391e-01
-5.519210100173950195e-01,-8.723337054252624512e-01
1.466536045074462891e+00,8.675577640533447266e-01
1.351013541221618652e+00,1.678014755249023438e+00
-9.814454317092895508e-01,-1.453356385231018066e+00
2.150794744491577148e+00,1.617104291915893555e+00
1.927443742752075195e+00,1.631864666938781738e+00
1.326612949371337891e+00,1.168608546257019043e+00
-1.548110127449035645e+00,-1.647776007652282715e+00
-1.564674854278564453e+00,-9.777046442031860352e-01
-1.967811584472656250e+00,-2.739716053009033203e+00
1.259608507156372070e+00,1.496488928794860840e+00
-1.302508711814880371e+00,-9.963378906250000000e-01
1.592174887657165527e+00,1.491470098495483398e+00
5.016005039215087891e-01,8.396303057670593262e-01
-7.598740458488464355e-01,-4.107136428356170654e-01
9.680980443954467773e-01,9.876034259796142578e-01
1.419726014137268066e+00,1.701764583587646484e+00
3.332525193691253662e-01,1.026123762130737305e+00
-1.093158125877380371e+00,-9.094238281250000000e-01
-2.273686170578002930e+00,-1.730979561805725098e+00
-1.632537245750427246e+00,-1.646777868270874023e+00
-2.405417680740356445e+00,-1.134735107421875000e+00
-1.803702116012573242e+00,-1.762622475624084473e+00
-1.077846765518188477e+00,-5.827955007553100586e-01
1.744761347770690918e+00,1.530417442321777344e+00
-2.547734882682561874e-03,6.704443097114562988e-01
1.618237853050231934e+00,1.144253134727478027e+00
-1.460103034973144531e+00,-1.120187044143676758e+00
1.591114401817321777e+00,1.040241360664367676e+00
-8.208048939704895020e-01,-8.680540323257446289e-01
-8.974847197532653809e-01,-1.641676068305969238e+00
1.900418162345886230e+00,1.875105977058410645e+00
-1.916321039199829102e+00,-7.140409350395202637e-01
-9.318483471870422363e-01,-6.566146612167358398e-01
-1.545682549476623535e+00,-9.672134518623352051e-01
-9.403676986694335938e-01,-1.075556635856628418e+00
1.036355018615722656e+00,1.134059548377990723e+00
-1.733986973762512207e+00,-2.105535268783569336e+00
7.614270597696304321e-02,7.451797723770141602e-01
1.727223992347717285e+00,1.836736798286437988e+00
-8.418493866920471191e-01,-4.705185592174530029e-01
1.112318992614746094e+00,6.780675053596496582e-01
2.212514400482177734e+00,1.684123158454895020e+00
1.213489890098571777e+00,9.369125366210937500e-01
1.115697264671325684e+00,1.114916086196899414e+00
-1.232939839363098145e+00,-8.867138624191284180e-01
-1.678523540496826172e+00,-1.572865128517150879e+00
1.407818078994750977e+00,1.044520497322082520e+00
1.679783225059509277e+00,1.526313066482543945e+00
1.517341881990432739e-01,2.993830144405364990e-01
2.451128959655761719e+00,2.886863231658935547e+00
-4.186050593852996826e-01,7.204518318176269531e-01
1.594370484352111816e+00,9.529644250869750977e-01
-1.994280815124511719e+00,-1.926006078720092773e+00
1.112321496009826660e+00,1.153954625129699707e+00
-1.354573369026184082e+00,-1.018572688102722168e+00
7.678793072700500488e-01,4.876628220081329346e-01
7.716582417488098145e-01,8.002558946609497070e-01
-1.324334740638732910e+00,-1.480168819427490234e+00
1.755275726318359375e+00,1.451225519180297852e+00
6.024172306060791016e-01,9.410470128059387207e-01
1.654021978378295898e+00,7.246496677398681641e-01
1.401034712791442871e+00,1.602275609970092773e+00
-3.368140161037445068e-01,-6.240945458412170410e-01
1.535155653953552246e+00,8.967319726943969727e-01
2.236006736755371094e+00,1.376087188720703125e+00
2.411622524261474609e+00,1.238309264183044434e+00
8.477644920349121094e-01,1.042716622352600098e+00
-2.476076364517211914e+00,-1.023263216018676758e+00
4.825214669108390808e-02,7.396513819694519043e-01
-1.305753178894519806e-02,9.196680784225463867e-01
-1.556423544883728027e+00,-1.463774442672729492e+00
-1.912315845489501953e+00,-2.314365148544311523e+00
-9.066320061683654785e-01,-6.669533848762512207e-01
-1.242081761360168457e+00,-1.517120480537414551e+00
4.593340754508972168e-01,2.086841762065887451e-01
-2.138511896133422852e+00,-9.142497777938842773e-01
-1.702957034111022949e+00,-1.397920727729797363e+00
1.930726051330566406e+00,1.235901594161987305e+00
-1.425537347793579102e+00,-8.050333857536315918e-01
1.312883257865905762e+00,8.288070559501647949e-01
-1.164883255958557129e+00,-1.379120349884033203e+00
9.642254114151000977e-01,8.227614164352416992e-01
1.119136810302734375e+00,1.008218288421630859e+00
-9.528627991676330566e-01,-4.755204319953918457e-01
-1.769727468490600586e+00,-1.199717760086059570e+00
-1.491870403289794922e+00,-7.745386958122253418e-01
-2.003125190734863281e+00,-8.453937172889709473e-01
1.654381513595581055e+00,1.048425555229187012e+00
-1.579930543899536133e+00,-8.995262980461120605e-01
5.330135226249694824e-01,9.296607375144958496e-01
1.909322261810302734e+00,7.309830784797668457e-01
8.841562867164611816e-01,1.346167922019958496e+00
9.929860830307006836e-01,9.705085754394531250e-01
1.746002912521362305e+00,1.072812914848327637e+00
-1.647349238395690918e+00,-1.674662709236145020e+00
4.913153052330017090e-01,4.698883891105651855e-01
1.425355076789855957e+00,1.017261147499084473e+00
1.729070782661437988e+00,1.346192121505737305e+00
5.564165711402893066e-01,1.361175894737243652e+00
-1.345710635185241699e+00,-5.543462634086608887e-01
7.279908657073974609e-01,1.469036340713500977e+00
-2.256363630294799805e+00,-1.493822455406188965e+00
-1.887304306030273438e+00,-1.141792416572570801e+00
1.798346638679504395e+00,1.099600553512573242e+00
-6.112766265869140625e-01,-5.825154781341552734e-01
-3.280445039272308350e-01,-5.630611181259155273e-01
-2.049494743347167969e+00,-4.725582599639892578e-01
1.669640541076660156e+00,1.287379384040832520e+00
-8.398219347000122070e-01,-6.126631516963243484e-03
-6.827389001846313477e-01,-2.340967208147048950e-01
-8.151996731758117676e-01,-6.083485484123229980e-01
-2.430989742279052734e+00,-1.324007034301757812e+00
-1.815987706184387207e+00,-1.120673775672912598e+00
-9.588702321052551270e-01,-1.031358957290649414e+00
1.500730395317077637e+00,9.754470586776733398e-01
-1.040755033493041992e+00,-6.988371610641479492e-01
1.096787929534912109e+00,1.197219133377075195e+00
-1.690813422203063965e+00,-9.333878755569458008e-01
1.666331648826599121e+00,1.542229652404785156e+00
-2.253553390502929688e+00,-1.680452227592468262e+00
5.699611306190490723e-01,8.426244854927062988e-01
8.541414737701416016e-01,7.888356447219848633e-01
1.525354862213134766e+00,1.116404056549072266e+00
1.194180846214294434e+00,7.720894813537597656e-01
-1.869943737983703613e+00,-1.973883748054504395e+00
4.793138504028320312e-01,5.928192734718322754e-01
1.855405271053314209e-01,-5.550843104720115662e-02
-2.389188528060913086e+00,-1.089303851127624512e+00
-1.137282490730285645e+00,-7.470061779022216797e-01
-1.687410473823547363e+00,-1.592802405357360840e+00
4.676082432270050049e-01,8.129551410675048828e-01
-9.610073566436767578e-01,-8.091585636138916016e-01
2.679263353347778320e-01,4.806058704853057861e-01
-9.633039236068725586e-01,-1.009912490844726562e+00
7.089259624481201172e-01,7.333661913871765137e-01
4.145886600017547607e-01,8.027971982955932617e-01
-8.690988421440124512e-01,-9.393872618675231934e-01
-3.439641892910003662e-01,-8.171570897102355957e-01
-4.386367201805114746e-01,7.816368341445922852e-02
-1.135100007057189941e+00,-9.858519434928894043e-01
1.238306879997253418e+00,1.643999457359313965e+00
6.107320785522460938e-01,1.020090222358703613e+00
1.175583243370056152e+00,9.565577507019042969e-01
1.723601102828979492e+00,1.292554736137390137e+00
1.107132911682128906e+00,5.777777433395385742e-01
9.060223102569580078e-01,9.013059735298156738e-01
-1.522038459777832031e+00,-1.045199990272521973e+00
-2.073472499847412109e+00,-1.118382573127746582e+00
1.008042573928833008e+00,9.719133377075195312e-01
-6.562713384628295898e-01,-5.096635818481445312e-01
-1.687536835670471191e+00,-8.211719393730163574e-01
8.164141178131103516e-01,9.643814563751220703e-01
9.407123923301696777e-01,9.244703054428100586e-01
-1.478275060653686523e+00,-1.718055725097656250e+00
2.001093387603759766e+00,1.811050415039062500e+00
-2.078705549240112305e+00,-2.294320821762084961e+00
-1.040926098823547363e+00,-1.080220818519592285e+00
-2.565795779228210449e-01,-2.053354233503341675e-01
1.117169737815856934e+00,1.550170660018920898e+00
-2.013479709625244141e+00,-1.554011464118957520e+00
-1.693255782127380371e+00,-1.254284739494323730e+00
-1.537971138954162598e+00,-1.751905560493469238e+00
-8.431008458137512207e-01,-9.002721905708312988e-01
2.334386825561523438e+00,2.398623943328857422e+00
-1.547944545745849609e+00,-1.531572222709655762e+00
-9.688577055931091309e-01,-9.990078210830688477e-01
2.450577497482299805e+00,2.871220111846923828e+00
1.541391134262084961e+00,1.185533523559570312e+00
-1.214520692825317383e+00,-1.002894639968872070e+00
-1.664607167243957520e+00,-1.249053239822387695e+00
2.386499404907226562e+00,1.191567659378051758e+00
-4.723083376884460449e-01,-9.449718594551086426e-01
1.811636447906494141e+00,1.186239361763000488e+00
-3.574118614196777344e-01,-1.541667878627777100e-01
3.632215559482574463e-01,8.010906577110290527e-01
-1.340332746505737305e+00,-7.879558801651000977e-01
-1.630109667778015137e+00,-1.108182311058044434e+00
9.814497232437133789e-01,8.879018425941467285e-01
-1.959134936332702637e+00,-1.588994145393371582e+00
-1.947292923927307129e+00,-2.876381635665893555e+00
-8.751238584518432617e-01,-4.662318825721740723e-01
1.474809050559997559e+00,7.538303136825561523e-01
1.428931951522827148e+00,1.641890168190002441e+00
1.834213018417358398e+00,2.743940830230712891e+00
8.980320692062377930e-01,1.069243669509887695e+00
7.881788015365600586e-01,1.160015225410461426e+00
-1.444666862487792969e+00,-8.256875872611999512e-01
9.837929606437683105e-01,7.467248439788818359e-01
6.518820524215698242e-01,9.036409854888916016e-01
-1.585221171379089355e+00,-1.505436062812805176e+00
2.105527877807617188e+00,1.037861347198486328e+00
-1.230416893959045410e+00,-1.049730300903320312e+00
-2.383868694305419922e+00,-1.415605425834655762e+00
1.319125652313232422e+00,1.155514240264892578e+00
6.051703095436096191e-01,8.764604330062866211e-01
1.879192948341369629e+00,8.507267832756042480e-01
1.043800830841064453e+00,1.078285336494445801e+00
-2.086515426635742188e+00,-1.113980650901794434e+00
1.388603329658508301e+00,9.216793775558471680e-01
1.115031123161315918e+00,9.334869384765625000e-01
-1.987859725952148438e+00,-1.609211325645446777e+00
-9.455456137657165527e-01,-6.939997673034667969e-01
1.249657750129699707e+00,1.167548298835754395e+00
-1.651150822639465332e+00,-1.645366072654724121e+00
-1.557809948921203613e+00,-1.593442082405090332e+00
-1.908936858177185059e+00,-1.454532504081726074e+00
-2.120022058486938477e+00,-1.231435060501098633e+00
-1.582638025283813477e+00,-1.631958007812500000e+00
-1.457543134689331055e+00,-1.181568503379821777e+00
-1.718801498413085938e+00,-2.295965433120727539e+00
-1.365159034729003906e+00,-6.964461803436279297e-01
-1.561338901519775391e+00,-1.108390450477600098e+00
1.042015671730041504e+00,9.831668138504028320e-01
1.268647432327270508e+00,1.624619364738464355e+00
-7.753502726554870605e-01,-6.781489253044128418e-01
-1.301130890846252441e+00,-1.239816188812255859e+00
1.384749412536621094e+00,1.225730657577514648e+00
-1.869084596633911133e+00,-1.353355169296264648e+00
9.197903871536254883e-01,7.298285961151123047e-01
2.209930896759033203e+00,2.539867162704467773e+00
-1.330647587776184082e+00,-1.239381790161132812e+00
-1.474204301834106445e+00,-5.355767011642456055e-01
1.088148474693298340e+00,8.144986033439636230e-01
1.116905331611633301e+00,1.500519394874572754e+00
-1.345889210700988770e+00,-1.043898463249206543e+00
2.784978866577148438e+00,1.337558984756469727e+00
1.655366063117980957e+00,1.543246984481811523e+00
1.153835058212280273e+00,1.432895541191101074e+00
2.068188190460205078e+00,9.708015918731689453e-01
-1.532382249832153320e+00,-1.914246201515197754e+00
-1.305766940116882324e+00,-1.620723843574523926e+00
-1.669943571090698242e+00,-1.381831169128417969e+00
1.778823614120483398e+00,1.275671005249023438e+00
9.769634008407592773e-01,8.098474144935607910e-01
-1.883698582649230957e+00,-2.096083402633666992e+00
2.094534158706665039e+00,1.368258953094482422e+00
-1.934273481369018555e+00,-1.810044407844543457e+00
-1.588487863540649414e+00,-8.467729687690734863e-01
-1.712197065353393555e+00,-1.031488895416259766e+00
-1.799447536468505859e+00,-1.769402861595153809e+00
-2.360211849212646484e+00,-1.604331135749816895e+00
-1.416472673416137695e+00,-1.606509566307067871e+00
-1.647506952285766602e+00,-1.691733598709106445e+00
-9.039122462272644043e-01,-5.115648508071899414e-01
-1.663467168807983398e+00,-1.208053708076477051e+00
-2.488681524991989136e-01,-7.302984595298767090e-01
1.905106902122497559e+00,1.273307323455810547e+00
-1.657032847404479980e+00,-1.849652886390686035e+00
-1.483601450920104980e+00,-1.006793618202209473e+00
1.867937803268432617e+00,1.618617296218872070e+00
-2.181991189718246460e-01,2.862539589405059814e-01
-1.726310849189758301e+00,-1.577045917510986328e+00
-2.266924381256103516e+00,-1.084722995758056641e+00
8.166559338569641113e-01,5.634909272193908691e-01
-1.313952088356018066e+00,-1.278781056404113770e+00
-1.772128343582153320e+00,-1.519240617752075195e+00
1.243108153343200684e+00,1.259736537933349609e+00
-2.113314628601074219e+00,-1.760907411575317383e+00
-1.486986398696899414e+00,-1.042317271232604980e+00
1.082772493362426758e+00,7.457903027534484863e-01
1.106855988502502441e+00,1.173028945922851562e+00
2.288631796836853027e-01,5.370373129844665527e-01
1.709746837615966797e+00,1.906350135803222656e+00
-1.053499698638916016e+00,-1.463271617889404297e+00
-1.795074582099914551e+00,-1.728313684463500977e+00
-2.067851781845092773e+00,-1.490316629409790039e+00
1.512423396110534668e+00,1.066986203193664551e+00
3.073502331972122192e-02,8.328990340232849121e-01
1.165054321289062500e+00,1.638318181037902832e+00
-1.895163536071777344e+00,-1.268623352050781250e+00
-1.508045196533203125e+00,-1.398571491241455078e+00
1.390653014183044434e+00,9.067419767379760742e-01
1.551229953765869141e+00,1.432654976844787598e+00
1.101705074310302734e+00,1.503288030624389648e+00
-4.351355135440826416e-01,-3.952187299728393555e-01
1.317378997802734375e+00,1.645826101303100586e+00
9.639594554901123047e-01,1.170623898506164551e+00
-1.571115612983703613e+00,-1.289523482322692871e+00
4.586753547191619873e-01,4.128102660179138184e-01
-2.110945701599121094e+00,-1.946611285209655762e+00
1.441244959831237793e+00,2.213244676589965820e+00
1.056402325630187988e+00,9.572000503540039062e-01
-1.426666617393493652e+00,-1.314834356307983398e+00
-9.799886345863342285e-01,-3.798784613609313965e-01
5.102360248565673828e-01,3.173301219940185547e-01
1.111137986183166504e+00,1.438309907913208008e+00
9.558517932891845703e-01,8.330776095390319824e-01
-8.718425035476684570e-01,-8.738619089126586914e-01
1.736356735229492188e+00,1.734144330024719238e+00
7.220549583435058594e-01,1.092192769050598145e+00
7.312940359115600586e-01,2.700566649436950684e-01
-1.696617364883422852e+00,-1.132713675498962402e+00
-1.398732304573059082e+00,-1.209192276000976562e+00
8.976075053215026855e-01,1.253788232803344727e+00
2.261409521102905273e+00,1.138268947601318359e+00
1.104236841201782227e+00,1.594144463539123535e+00
-1.707322835922241211e+00,-1.105369448661804199e+00
-1.612269997596740723e+00,-9.598072171211242676e-01
1.596207380294799805e+00,1.680791735649108887e+00
-2.218809366226196289e+00,-1.203457713127136230e+00
1.316029667854309082e+00,1.346804618835449219e+00
1.622582197189331055e+00,1.358575463294982910e+00
-1.517273664474487305e+00,-1.203894257545471191e+00
-6.785317063331604004e-01,9.464926272630691528e-02
5.750575661659240723e-01,1.408164381980895996e+00
1.594147920608520508e+00,9.124977588653564453e-01
1.674130201339721680e+00,1.645370960235595703e+00
1.809462070465087891e+00,1.633187651634216309e+00
1.752313613891601562e+00,1.778476595878601074e+00
3.800237178802490234e-01,9.393292665481567383e-01
-1.430239081382751465e+00,-1.211016848683357239e-01
-2.422986984252929688e+00,-1.592857718467712402e+00
1.648530125617980957e+00,7.028477191925048828e-01
-2.270283222198486328e+00,-1.586774706840515137e+00
-1.875799417495727539e+00,-1.312914729118347168e+00
-1.354903101921081543e+00,-8.403709530830383301e-01
1.716517806053161621e+00,1.611972093582153320e+00
8.663163185119628906e-01,1.511579632759094238e+00
-1.786165952682495117e+00,-1.498686432838439941e+00
1.678689002990722656e+00,1.207645058631896973e+00
-9.154320955276489258e-01,-1.067043781280517578e+00
-9.630142450332641602e-01,-6.522221565246582031e-01
-2.052829504013061523e+00,-1.570081353187561035e+00
-1.667942404747009277e-01,-2.519590258598327637e-01
1.672787070274353027e+00,1.188664078712463379e+00
1.532385826110839844e+00,1.057688355445861816e+00
-6.691097021102905273e-01,-8.884771466255187988e-01
1.113406300544738770e+00,1.274037837982177734e+00
-2.316577672958374023e+00,-1.040326595306396484e+00
1.101369380950927734e+00,1.119105815887451172e+00
7.647356986999511719e-01,3.053731024265289307e-01
-1.384211540222167969e+00,-5.341005921363830566e-01
-1.457254052162170410e+00,-1.409655213356018066e+00
-2.307166337966918945e+00,-1.458410978317260742e+00
-1.444264411926269531e+00,-9.018467068672180176e-01
6.112130284309387207e-01,9.226879477500915527e-01
-1.675162076950073242e+00,-1.415940642356872559e+00
1.057799696922302246e+00,1.117522716522216797e+00
1.098056435585021973e+00,1.132645130157470703e+00
1.229080796241760254e+00,6.131049990653991699e-01
-1.873802304267883301e+00,-1.663449048995971680e+00
1.696556806564331055e-01,1.438802719116210938e+00
5.143514275550842285e-01,6.720445752143859863e-01
-2.769958734512329102e+00,-1.540365099906921387e+00
-2.549604892730712891e+00,-1.377083778381347656e+00
6.956163048744201660e-01,6.409132480621337891e-01
1.287609219551086426e+00,1.056451320648193359e+00
-1.639570593833923340e+00,-8.717362284660339355e-01
1.275270462036132812e+00,7.738679051399230957e-01
-1.300430178642272949e+00,-1.419934868812561035e+00
-2.402730941772460938e+00,-1.579674601554870605e+00
-1.127474904060363770e+00,-8.755629658699035645e-01
1.154498219490051270e+00,1.151683092117309570e+00
2.016799926757812500e+00,1.608306407928466797e+00
9.939821958541870117e-01,1.304797291755676270e+00
6.965269446372985840e-01,9.838733077049255371e-01
1.315204262733459473e+00,9.556115269660949707e-01
1.498699426651000977e+00,1.004295587539672852e+00
-1.139393687248229980e+00,-9.551070928573608398e-01
-1.338136315345764160e+00,-9.434103369712829590e-01
7.435292005538940430e-01,1.068764805793762207e+00
1.031834363937377930e+00,7.607314586639404297e-01
7.270790934562683105e-01,1.157926797866821289e+00
-1.111965179443359375e+00,-9.976393580436706543e-01
-1.531258344650268555e+00,-1.287618994712829590e+00
1.013470292091369629e+00,1.443446993827819824e+00
-3.659314811229705811e-01,-9.026614427566528320e-01
1.563060641288757324e+00,1.304816365242004395e+00
-1.881927371025085449e+00,-2.201414108276367188e+00
1.289522886276245117e+00,1.695042729377746582e+00
-2.389117002487182617e+00,-1.147922515869140625e+00
-1.498088598251342773e+00,-1.111131787300109863e+00
9.908592700958251953e-01,8.788933157920837402e-01
-9.859966635704040527e-01,-1.044589996337890625e+00
-1.206676006317138672e+00,-9.819654226303100586e-01
1.116231322288513184e+00,9.660217761993408203e-01
-2.086702346801757812e+00,-2.284559726715087891e+00
1.334216117858886719e+00,1.172543764114379883e+00
-1.608749985694885254e+00,-1.242951273918151855e+00
-1.980782985687255859e+00,-1.017199516296386719e+00
6.048177480697631836e-01,9.174653887748718262e-01
-1.842995882034301758e+00,-1.598527431488037109e+00
-1.262801647186279297e+00,-1.861259341239929199e+00
-1.611549377441406250e+00,-1.099497318267822266e+00
-1.488390088081359863e+00,-1.045890927314758301e+00
2.274702936410903931e-01,1.060051202774047852e+00
-1.381178975105285645e+00,-1.182200431823730469e+00
-1.519832491874694824e+00,-1.147579789161682129e+00
4.275841116905212402e-01,7.226226925849914551e-01
3.124104440212249756e-01,9.309834837913513184e-01
-9.902146458625793457e-01,-1.687239408493041992e+00
1.491271138191223145e+00,1.598266243934631348e+00
-9.720317721366882324e-01,-1.305974841117858887e+00
5.437209084630012512e-02,8.609862327575683594e-01
-1.233102798461914062e+00,-3.005170524120330811e-01
1.663152456283569336e+00,1.051234364509582520e+00
-2.326044082641601562e+00,-1.637686610221862793e+00
1.382509469985961914e+00,1.635042905807495117e+00
1.033613443374633789e+00,1.087752699851989746e+00
-7.717463374137878418e-01,-2.203087806701660156e-01
9.704534411430358887e-01,6.501048207283020020e-01
-1.119939923286437988e+00,-1.197339177131652832e+00
1.303111672401428223e+00,1.181169867515563965e+00
1.204027175903320312e+00,1.554209589958190918e+00
-9.708274006843566895e-01,-9.006520509719848633e-01
-1.432291984558105469e+00,-1.267394065856933594e+00
-1.902326583862304688e+00,-2.078544855117797852e+00
1.168543934822082520e+00,9.022598862648010254e-01
-7.934706807136535645e-01,-6.919639110565185547e-01
1.435294747352600098e+00,2.152011632919311523e+00
-1.126717209815979004e+00,-1.602972865104675293e+00
-1.118562221527099609e+00,-9.163161516189575195e-01
-8.553574085235595703e-01,-1.240209102630615234e+00
-1.689547657966613770e+00,-1.619071125984191895e+00
1.527923226356506348e+00,1.177454948425292969e+00
-1.720241427421569824e+00,-1.109288573265075684e+00
1.083446145057678223e+00,1.056848764419555664e+00
-1.750324726104736328e+00,-1.597508788108825684e+00
2.203836917877197266e+00,1.563891053199768066e+00
-2.333776950836181641e-01,2.193497121334075928e-01
2.133480072021484375e+00,1.415577530860900879e+00
3.151713907718658447e-01,1.248634457588195801e-01
-3.266482353210449219e-01,-3.241297304630279541e-01
9.037942886352539062e-01,5.486710667610168457e-01
-1.433333277702331543e+00,-1.470781803131103516e+00
-2.014974951744079590e-01,7.851561307907104492e-01
-2.099228143692016602e+00,-2.372351169586181641e+00
1.013775944709777832e+00,9.685225486755371094e-01
-1.159682273864746094e+00,-1.432707071304321289e+00
2.107780456542968750e+00,1.100608229637145996e+00
-1.613831043243408203e+00,-1.175588250160217285e+00
1.813102245330810547e+00,1.502771615982055664e+00
-1.658226370811462402e+00,-9.986496567726135254e-01
-7.615177631378173828e-01,-9.499992728233337402e-01
-2.087201356887817383e+00,-5.806788206100463867e-01
-1.371245503425598145e+00,4.795816913247108459e-02
-1.497240900993347168e+00,-1.038841843605041504e+00
-1.442545652389526367e+00,-1.525768756866455078e+00
1.285389542579650879e+00,1.405611038208007812e+00
1.036884427070617676e+00,1.466709017753601074e+00
1.080035328865051270e+00,1.139102101325988770e+00
-1.985258579254150391e+00,-1.728192329406738281e+00
9.492285847663879395e-01,1.701591968536376953e+00
-1.922915101051330566e+00,-1.655220508575439453e+00
8.056190609931945801e-01,7.069910764694213867e-01
8.586370348930358887e-01,1.141996026039123535e+00
6.490208506584167480e-01,5.917925238609313965e-01
-2.548729658126831055e+00,-2.946656703948974609e+00
1.539374232292175293e+00,1.255809545516967773e+00
