2.241272926330566406e+00,-2.420869350433349609e+00,2.193751096725463867e+00,2.976307831704616547e-02,1.259168624877929688e+00
5.326177477836608887e-01,-2.412262201309204102e+00,2.247103214263916016e+00,1.109648123383522034e-02,-2.345329761505126953e+00
5.971910953521728516e-01,-2.414614439010620117e+00,2.488022089004516602e+00,-6.876773834228515625e-01,1.220553874969482422e+00
1.968508362770080566e+00,-2.417448759078979492e+00,-2.350897789001464844e+00,-6.714214570820331573e-03,-1.742925405502319336e+00
1.343862771987915039e+00,-2.433302402496337891e+00,-2.627469778060913086e+00,-5.075636506080627441e-01,-2.701195001602172852e+00
8.576711416244506836e-01,-2.363550662994384766e+00,2.665406942367553711e+00,-9.965202808380126953e-01,5.116525292396545410e-01
-1.591278672218322754e+00,-2.220880746841430664e+00,-2.606345891952514648e+00,7.763074636459350586e-01,2.895838975906372070e+00
5.080891847610473633e-01,-2.326602220535278320e+00,2.454770565032958984e+00,1.268551945686340332e-01,-7.362646460533142090e-01
1.335423737764358521e-01,-2.327685117721557617e+00,2.621832847595214844e+00,-2.227602601051330566e-01,-6.828590631484985352e-01
-1.318157672882080078e+00,-2.317333698272705078e+00,-2.146405458450317383e+00,8.917885832488536835e-03,-4.801291227340698242e-01
-2.202880620956420898e+00,-2.244400501251220703e+00,2.014606475830078125e+00,-8.667648434638977051e-01,1.646665096282958984e+00
-5.379053950309753418e-01,-1.714383363723754883e+00,-2.522938013076782227e+00,1.284925580024719238e+00,2.025676012039184570e+00
-2.556198596954345703e+00,-2.228493213653564453e+00,2.795151233673095703e+00,4.266621470451354980e-01,-1.894370198249816895e+00
-2.213109493255615234e+00,-1.576151013374328613e+00,-2.097289085388183594e+00,-1.255528450012207031e+00,4.329753816127777100e-01
-1.397200107574462891e+00,-1.960399031639099121e+00,-2.688948869705200195e+00,-1.064207673072814941e+00,-1.478218793869018555e+00
-1.245657444000244141e+00,-1.919565200805664062e+00,-2.747816801071166992e+00,-2.892712354660034180e-01,2.850573062896728516e-01
-5.029250979423522949e-01,-1.085479974746704102e+00,2.964078187942504883e+00,-5.519865155220031738e-01,1.868357896804809570e+00
-2.299336671829223633e+00,-2.226774930953979492e+00,2.499261140823364258e+00,-6.041270494461059570e-01,5.390708148479461670e-02
-1.163023233413696289e+00,-9.466351270675659180e-01,2.664469957351684570e+00,1.396377801895141602e+00,1.698671132326126099e-01
-1.407067656517028809e+00,-5.916017889976501465e-01,-2.802680015563964844e+00,1.344247460365295410e+00,2.340978384017944336e+00
-1.586819052696228027e+00,-2.682731151580810547e+00,-2.706996679306030273e+00,9.045000672340393066e-01,1.733711242675781250e+00
2.091566324234008789e+00,-1.956376314163208008e+00,-2.631611824035644531e+00,-1.470508337020874023e+00,-3.977455496788024902e-01
-2.843089342117309570e+00,-7.335418462753295898e-02,2.578463792800903320e+00,-7.223991155624389648e-01,7.027691006660461426e-01
-2.629299402236938477e+00,9.258641004562377930e-01,2.338737010955810547e+00,-1.330046057701110840e+00,9.241787195205688477e-01
6.852536201477050781e-01,4.598180055618286133e-01,2.746993064880371094e+00,1.931803464889526367e+00,1.406559467315673828e+00
1.418029665946960449e+00,-1.105813980102539062e+00,-2.348992109298706055e+00,1.417307138442993164e+00,3.732453286647796631e-01
-1.605834007263183594e+00,4.726930856704711914e-01,-2.547313690185546875e+00,1.263925433158874512e+00,6.669168472290039062e-01
-1.275707125663757324e+00,-1.158118605613708496e+00,3.191570997238159180e+00,6.477701663970947266e-01,1.070461392402648926e+00
-1.516410946846008301e+00,1.838952302932739258e-02,-3.067065715789794922e+00,-6.062435507774353027e-01,9.892166852951049805e-01
1.684146821498870850e-01,-7.622458338737487793e-01,3.045001268386840820e+00,-9.520033001899719238e-01,2.708539962768554688e+00
-1.163946866989135742e+00,-1.546284437179565430e+00,-2.141384124755859375e+00,5.780250430107116699e-01,-6.972884535789489746e-01
-2.182810783386230469e+00,-3.526356458663940430e+00,-3.230324268341064453e+00,-6.190944910049438477e-01,1.290041446685791016e+00
-2.302654743194580078e+00,1.122296690940856934e+00,-2.165702104568481445e+00,-2.472340583801269531e+00,4.602051973342895508e-01
7.011399269104003906e-01,1.147788047790527344e+00,-3.199693918228149414e+00,-2.343661069869995117e+00,2.443027496337890625e+00
5.338425040245056152e-01,1.669822931289672852e+00,3.075250864028930664e+00,2.459108352661132812e+00,1.281560808420181274e-01
-1.177294731140136719e+00,-3.099977374076843262e-01,-3.484288215637207031e+00,-9.882430434226989746e-01,1.509203076362609863e+00
-6.120553016662597656e-01,7.410635352134704590e-01,2.867007493972778320e+00,2.144477844238281250e+00,4.140182137489318848e-01
-2.854284346103668213e-01,-1.091596961021423340e+00,-2.957381725311279297e+00,-2.123903274536132812e+00,7.961970567703247070e-02
-2.427748441696166992e-01,-3.334370851516723633e-01,-2.779267549514770508e+00,-5.637025237083435059e-01,7.139408588409423828e-02
6.623429059982299805e-01,-1.563750743865966797e+00,2.369671583175659180e+00,8.279913067817687988e-01,3.031475067138671875e+00
-3.171182572841644287e-01,1.847627639770507812e+00,-3.130171775817871094e+00,-3.295735359191894531e+00,1.233953237533569336e-02
-2.557930469512939453e+00,-8.193866014480590820e-01,-2.732157230377197266e+00,-2.386806488037109375e+00,3.524982556700706482e-02
-2.446430683135986328e+00,-8.979798555374145508e-01,-3.336067199707031250e+00,-1.815602302551269531e+00,2.339817047119140625e+00
-4.440965056419372559e-01,-1.232371091842651367e+00,-2.829729557037353516e+00,-1.269219160079956055e+00,3.657464683055877686e-01
-2.500020027160644531e+00,-1.832304000854492188e+00,2.891832590103149414e+00,1.376050114631652832e+00,2.981944799423217773e+00
-2.959675788879394531e+00,-1.989158868789672852e+00,-2.126021862030029297e+00,8.410336971282958984e-01,1.014338850975036621e+00
-1.881369471549987793e+00,-4.414120018482208252e-01,-2.358388185501098633e+00,-1.742821335792541504e+00,3.805542886257171631e-01
4.185528457164764404e-01,-1.904378771781921387e+00,-2.220259189605712891e+00,2.483053922653198242e+00,-4.225860163569450378e-02
-2.240646123886108398e+00,-1.101058363914489746e+00,2.512790441513061523e+00,5.476456601172685623e-03,-8.194490075111389160e-01
8.668369054794311523e-01,-2.034181356430053711e+00,2.882537126541137695e+00,-1.632318496704101562e+00,-5.917820930480957031e-01
-2.484136074781417847e-01,2.813569307327270508e-01,-2.576765298843383789e+00,1.697377085685729980e+00,2.162981271743774414e+00
-1.743679285049438477e+00,-2.548574209213256836e+00,2.458479642868041992e+00,-8.024379014968872070e-01,1.383061170578002930e+00
-9.500061273574829102e-01,-2.118338823318481445e+00,-2.987311363220214844e+00,5.891862511634826660e-01,-2.114139795303344727e+00
-1.449866414070129395e+00,-7.384738922119140625e-01,-2.794875383377075195e+00,1.247488141059875488e+00,1.551626682281494141e+00
-1.887552142143249512e-01,-5.305471420288085938e-01,-2.643634796142578125e+00,-1.020140767097473145e+00,8.098520040512084961e-01
5.582824349403381348e-02,-2.454219341278076172e+00,-2.753558874130249023e+00,-1.798502802848815918e-01,2.850687026977539062e+00
-2.260693550109863281e+00,-5.635821819305419922e-01,2.857614040374755859e+00,-8.087182044982910156e-01,1.132139444351196289e+00
-2.746389627456665039e+00,1.327316403388977051e+00,-2.651980161666870117e+00,-1.716544747352600098e+00,1.305663585662841797e+00
-3.855759799480438232e-01,-1.569597244262695312e+00,-2.092686414718627930e+00,1.780124902725219727e-01,2.259927749633789062e+00
-2.515907764434814453e+00,-1.628251791000366211e+00,-2.590453386306762695e+00,1.041161537170410156e+00,-2.518604993820190430e-01
6.997225284576416016e-01,1.851003766059875488e-01,-2.860061883926391602e+00,1.660632610321044922e+00,1.507012486457824707e+00
1.206311941146850586e+00,-2.206472158432006836e+00,-2.628604650497436523e+00,1.069951295852661133e+00,1.288717538118362427e-01
-5.657812952995300293e-01,-2.304354906082153320e+00,-2.230507850646972656e+00,-3.260400891304016113e-01,1.403997838497161865e-01
1.789446711540222168e+00,-1.952675580978393555e+00,-2.905537605285644531e+00,3.634668290615081787e-01,1.758383035659790039e+00
-2.098681449890136719e+00,-6.580280065536499023e-01,1.985462427139282227e+00,1.239165306091308594e+00,2.223783969879150391e+00
-2.438274860382080078e+00,-3.353369832038879395e-01,-2.874239683151245117e+00,-6.926683187484741211e-01,1.148303151130676270e+00
-1.026215195655822754e+00,-8.281749486923217773e-01,-2.990191459655761719e+00,1.584744691848754883e+00,2.491820335388183594e+00
-4.659223556518554688e-02,-2.308462619781494141e+00,2.566946268081665039e+00,-1.843981742858886719e-01,-2.083304882049560547e+00
-2.925048351287841797e+00,-2.672739744186401367e+00,1.918262839317321777e+00,-7.868816852569580078e-01,1.408929228782653809e+00
-3.203412890434265137e-02,-1.905156612396240234e+00,2.783458948135375977e+00,1.074187278747558594e+00,3.670677542686462402e-04
-1.310019969940185547e+00,-1.316354036331176758e+00,2.288926362991333008e+00,-1.183708429336547852e+00,1.367182493209838867e+00
-1.841606378555297852e+00,-2.164136171340942383e+00,2.722148656845092773e+00,7.278589010238647461e-01,2.160562276840209961e+00
-2.985644817352294922e+00,-1.586881518363952637e+00,-2.021580219268798828e+00,2.282240986824035645e-01,4.664063453674316406e-04
9.975355267524719238e-01,2.331993818283081055e+00,-2.192434549331665039e+00,-1.725500226020812988e+00,8.590049147605895996e-01
-2.391958951950073242e+00,1.732558012008666992e-02,2.697600364685058594e+00,1.096181869506835938e+00,6.584227681159973145e-01
-2.834652900695800781e+00,3.288239240646362305e-01,-2.809379577636718750e+00,-1.690732836723327637e+00,5.232275724411010742e-01
-1.541336774826049805e+00,9.975558519363403320e-01,2.821209669113159180e+00,-1.926940679550170898e+00,1.234413981437683105e+00
-1.495003700256347656e-01,-7.360188364982604980e-01,2.583380460739135742e+00,1.283835053443908691e+00,8.179232478141784668e-01
2.341527223587036133e+00,1.377921104431152344e-01,-2.489250421524047852e+00,-8.461581468582153320e-01,1.866627931594848633e+00
-1.844714164733886719e+00,-2.595212936401367188e+00,2.522184848785400391e+00,-3.625392913818359375e-01,-2.201755762100219727e+00
1.238384485244750977e+00,1.202876806259155273e+00,-2.658694744110107422e+00,1.207015991210937500e+00,5.373528599739074707e-01
9.283910989761352539e-01,7.407307624816894531e-01,-2.854553461074829102e+00,-1.203735709190368652e+00,9.376434683799743652e-01
-1.419835567474365234e+00,-1.393565535545349121e+00,-2.967853069305419922e+00,-1.854964494705200195e+00,7.151702046394348145e-01
-1.973664641380310059e+00,-1.596166372299194336e+00,2.426651954650878906e+00,8.077866435050964355e-01,2.591198205947875977e+00
1.652785778045654297e+00,6.846911311149597168e-01,2.947712421417236328e+00,1.703848958015441895e+00,1.091222763061523438e+00
1.621564030647277832e+00,1.116654634475708008e+00,-2.233485698699951172e+00,1.173503637313842773e+00,1.203819870948791504e+00
-2.919886827468872070e+00,4.037463665008544922e-01,2.886630535125732422e+00,2.370379447937011719e+00,1.746265590190887451e-01
1.759277343750000000e+00,-1.430976390838623047e+00,-2.292632341384887695e+00,1.796375155448913574e+00,-5.570113286375999451e-02
-9.278531670570373535e-01,-2.804848909378051758e+00,2.690218687057495117e+00,-1.127999901771545410e+00,7.271975874900817871e-01
-2.379359006881713867e+00,-1.709488332271575928e-01,2.796066761016845703e+00,-1.656465768814086914e+00,1.503016948699951172e+00
3.342578411102294922e-01,2.817323923110961914e+00,-2.413952112197875977e+00,1.896654725074768066e+00,9.223937988281250000e-01
-3.865751028060913086e-01,1.519700765609741211e+00,2.198215961456298828e+00,2.475545406341552734e+00,3.428284823894500732e-01
1.632746219635009766e+00,2.386677712202072144e-01,-2.416369199752807617e+00,-1.840952873229980469e+00,7.818524241447448730e-01
