-1.104387283325195312e+00,-7.516534924507141113e-01
-1.101299524307250977e+00,-8.004572391510009766e-01
8.471192717552185059e-01,1.287056088447570801e+00
1.793591141700744629e+00,1.923914313316345215e+00
-9.547218680381774902e-01,-1.188213109970092773e+00
1.218905806541442871e+00,1.005149483680725098e+00
1.510248422622680664e+00,8.442917466163635254e-01
9.998788833618164062e-01,7.618404030799865723e-01
1.113199353218078613e+00,9.016297459602355957e-01
6.601341962814331055e-01,5.693026781082153320e-01
-9.654692411422729492e-01,-1.024127960205078125e+00
6.628487110137939453e-01,1.520367503166198730e+00
6.303573250770568848e-01,6.493349671363830566e-01
6.705129146575927734e-01,1.362044215202331543e+00
6.124969124794006348e-01,8.512967228889465332e-01
-1.270810246467590332e+00,-7.129727005958557129e-01
1.150113463401794434e+00,6.686047315597534180e-01
1.254097580909729004e+00,1.507914543151855469e+00
-9.411552548408508301e-01,-1.373213529586791992e+00
-7.486509680747985840e-01,-1.526596069335937500e+00
1.490438103675842285e+00,1.261526226997375488e+00
8.038366436958312988e-01,8.056777715682983398e-01
9.679545164108276367e-01,9.212674498558044434e-01
-6.437116265296936035e-01,-1.034747481346130371e+00
9.977463483810424805e-01,9.258303642272949219e-01
-8.370865583419799805e-01,-1.173022031784057617e+00
-5.701786875724792480e-01,-1.505810499191284180e+00
1.283704996109008789e+00,1.150716304779052734e+00
7.272350788116455078e-01,8.725223541259765625e-01
-1.115111470222473145e+00,-1.275277614593505859e+00
8.335357308387756348e-01,9.411154389381408691e-01
-6.924803853034973145e-01,-1.273551464080810547e+00
6.907005310058593750e-01,8.629103899002075195e-01
1.301016926765441895e+00,1.304468989372253418e+00
1.151351332664489746e+00,1.098906278610229492e+00
1.177779078483581543e+00,8.293448686599731445e-01
1.329580426216125488e+00,7.057575583457946777e-01
7.499797940254211426e-01,2.485645562410354614e-01
6.105322837829589844e-01,6.324662566184997559e-01
4.118852317333221436e-01,9.369254708290100098e-01
-9.153148531913757324e-01,-1.393309593200683594e+00
7.003421783447265625e-01,6.797174215316772461e-01
-8.350312113761901855e-01,-7.641748785972595215e-01
-1.109506249427795410e+00,-8.077732920646667480e-01
1.330939054489135742e+00,9.150937795639038086e-01
1.185090541839599609e+00,5.576986670494079590e-01
8.813993334770202637e-01,6.619314551353454590e-01
-8.658052086830139160e-01,-1.040592789649963379e+00
-8.239271044731140137e-01,-7.984619736671447754e-01
-9.949254393577575684e-01,-9.447612166404724121e-01
1.379151821136474609e+00,1.150183916091918945e+00
1.612341523170471191e+00,8.553650379180908203e-01
1.249168515205383301e+00,7.430927157402038574e-01
1.165421605110168457e+00,1.523422837257385254e+00
6.034347414970397949e-01,1.622555494308471680e+00
-1.003894209861755371e+00,-8.329828977584838867e-01
-7.181385159492492676e-01,-8.502240180969238281e-01
1.057607412338256836e+00,1.094902038574218750e+00
1.032117724418640137e+00,9.574294686317443848e-01
1.517975807189941406e+00,9.315322041511535645e-01
-1.044757485389709473e+00,-1.111154437065124512e+00
9.264174103736877441e-01,7.222160100936889648e-01
6.947001218795776367e-01,7.234445214271545410e-01
-7.108475565910339355e-01,-3.392594456672668457e-01
7.815151214599609375e-01,9.916641116142272949e-01
1.268926501274108887e+00,1.147824406623840332e+00
9.596499204635620117e-01,4.971212744712829590e-01
-6.933628916740417480e-01,-1.664185047149658203e+00
-1.088783979415893555e+00,-1.738869071006774902e+00
1.257075786590576172e+00,7.432585358619689941e-01
7.617675065994262695e-01,1.120159864425659180e+00
-1.230659842491149902e+00,-1.266346931457519531e+00
5.731899738311767578e-01,1.097699761390686035e+00
-1.099736690521240234e+00,-9.941751360893249512e-01
1.382347226142883301e+00,8.321219682693481445e-01
-1.197077631950378418e+00,-2.510425448417663574e-01
1.083808541297912598e+00,9.559977054595947266e-01
7.776306271553039551e-01,7.454565763473510742e-01
-4.317663013935089111e-01,-5.166847705841064453e-01
-5.492397546768188477e-01,-9.623469710350036621e-01
2.792800068855285645e-01,2.524666786193847656e-01
-1.264680504798889160e+00,-1.105197429656982422e+00
-7.783363461494445801e-01,-1.515201687812805176e+00
5.586093068122863770e-01,1.328815460205078125e+00
8.842716813087463379e-01,1.365435957908630371e+00
5.044159889221191406e-01,8.734394311904907227e-01
-7.762818336486816406e-01,-1.397000432014465332e+00
-5.976567268371582031e-01,-1.243174791336059570e+00
-7.558417916297912598e-01,-1.239446043968200684e+00
5.559532642364501953e-01,1.363330364227294922e+00
-1.303429722785949707e+00,-1.685284137725830078e+00
-3.630368411540985107e-01,-1.456345319747924805e+00
-1.085008144378662109e+00,-9.046502709388732910e-01
1.200472116470336914e+00,1.084280610084533691e+00
1.288768529891967773e+00,8.090552687644958496e-01
-4.542225599288940430e-01,-9.911929368972778320e-01
7.939091920852661133e-01,9.789665341377258301e-01
-1.501515626907348633e+00,-6.270975470542907715e-01
9.504312276840209961e-01,9.999997019767761230e-01
-6.260038018226623535e-01,-2.985025346279144287e-01
-9.186947345733642578e-01,-8.332023620605468750e-01
7.395473122596740723e-01,8.698415756225585938e-01
4.452264904975891113e-01,7.523704171180725098e-01
1.007277607917785645e+00,1.221646785736083984e+00
4.860064983367919922e-01,3.697506189346313477e-01
8.139724731445312500e-01,7.151883840560913086e-01
-1.210212349891662598e+00,-1.076569437980651855e+00
1.129667997360229492e+00,1.049098014831542969e+00
9.007301330566406250e-01,9.458344578742980957e-01
-1.156589150428771973e+00,-1.259312510490417480e+00
1.023789167404174805e+00,1.495505809783935547e+00
-1.333102226257324219e+00,-1.331402778625488281e+00
7.985381484031677246e-01,4.941882789134979248e-01
-1.069603323936462402e+00,-5.011862516403198242e-01
-1.265074729919433594e+00,-1.369100689888000488e+00
1.120059013366699219e+00,1.094779491424560547e+00
5.141472816467285156e-01,2.051341295242309570e+00
6.730649471282958984e-01,6.969890594482421875e-01
8.769488930702209473e-01,6.057018637657165527e-01
7.847820520401000977e-01,8.928584456443786621e-01
1.126502633094787598e+00,4.880229830741882324e-01
-7.438294887542724609e-01,-1.268637180328369141e+00
1.181703805923461914e+00,1.187502264976501465e+00
-8.585674166679382324e-01,-9.432008862495422363e-01
8.001327514648437500e-01,1.241309881210327148e+00
1.098665475845336914e+00,7.887492179870605469e-01
-1.077505826950073242e+00,-6.317943334579467773e-01
9.325398802757263184e-01,1.527121543884277344e+00
5.720613598823547363e-01,6.534163355827331543e-01
8.263579607009887695e-01,1.058393597602844238e+00
4.237051010131835938e-01,9.934433698654174805e-01
1.031903982162475586e+00,6.121947765350341797e-01
9.966540336608886719e-01,4.905542135238647461e-01
7.607902288436889648e-01,5.927977561950683594e-01
1.380118608474731445e+00,1.202589869499206543e+00
-7.838933467864990234e-01,-9.524117112159729004e-01
5.687836408615112305e-01,1.398143887519836426e+00
-4.880046546459197998e-01,-1.332074880599975586e+00
-1.274516582489013672e+00,-8.538674712181091309e-01
-7.494858503341674805e-01,-1.230381846427917480e+00
7.603135704994201660e-01,9.927678108215332031e-01
8.535928726196289062e-01,1.019261240959167480e+00
-5.716144442558288574e-01,-9.743338227272033691e-01
-1.287432312965393066e+00,-8.993582129478454590e-01
-1.286573767662048340e+00,-1.349636077880859375e+00
-9.647430181503295898e-01,-1.145251870155334473e+00
1.020506381988525391e+00,1.552842259407043457e+00
6.968570947647094727e-01,1.019844651222229004e+00
1.247111439704895020e+00,7.355101704597473145e-01
-9.594962596893310547e-01,-1.162228584289550781e+00
-5.640739202499389648e-01,-1.386734962463378906e+00
-6.553986668586730957e-01,-8.621426820755004883e-01
-1.269461870193481445e+00,-1.251645326614379883e+00
1.447593092918395996e+00,1.092156648635864258e+00
7.925069928169250488e-01,3.847092092037200928e-01
-1.229062438011169434e+00,-6.112940907478332520e-01
-7.770505547523498535e-01,-1.150700330734252930e+00
-1.157663226127624512e+00,-1.511742711067199707e+00
1.414254307746887207e+00,1.307587504386901855e+00
1.501808404922485352e+00,1.435855150222778320e+00
1.268058180809020996e+00,1.257618546485900879e+00
-1.303497552871704102e+00,-1.513329267501831055e+00
1.302061438560485840e+00,3.073752224445343018e-01
6.763513088226318359e-01,1.017621636390686035e+00
1.245270967483520508e+00,6.032621860504150391e-01
-9.313695430755615234e-01,-6.391240954399108887e-01
1.508778095245361328e+00,7.266080379486083984e-01
7.662908434867858887e-01,6.512974500656127930e-01
8.147642612457275391e-01,4.220909178256988525e-01
-1.285458922386169434e+00,-2.018141746520996094e+00
-8.713739514350891113e-01,-1.069825887680053711e+00
1.322167992591857910e+00,1.134508848190307617e+00
9.557184576988220215e-01,9.261918663978576660e-01
5.314546227455139160e-01,7.577304244041442871e-01
7.353571057319641113e-01,8.579681515693664551e-01
-7.270995974540710449e-01,-1.342571377754211426e+00
1.074791550636291504e+00,1.060653209686279297e+00
-8.780258893966674805e-01,-1.465384840965270996e+00
1.594060778617858887e+00,1.294196009635925293e+00
-6.891943216323852539e-01,-1.540808558464050293e+00
1.277170062065124512e+00,1.452851176261901855e+00
4.429458677768707275e-01,9.007262587547302246e-01
-1.071849226951599121e+00,-1.045601725578308105e+00
-1.160551667213439941e+00,-7.688522338867187500e-01
7.403890490531921387e-01,6.855077147483825684e-01
-9.363216161727905273e-01,-1.060745477676391602e+00
9.595893621444702148e-01,6.271795630455017090e-01
6.339171528816223145e-01,7.938896417617797852e-01
7.926677465438842773e-01,1.097918391227722168e+00
-9.139060378074645996e-01,-1.163292884826660156e+00
7.238010168075561523e-01,1.184204220771789551e+00
-1.358136177062988281e+00,-1.490686178207397461e+00
-1.200890541076660156e+00,-1.111374735832214355e+00
-1.473841905593872070e+00,-8.257119655609130859e-01
1.100056529045104980e+00,1.221893191337585449e+00
8.443971276283264160e-01,8.862330913543701172e-01
7.874316573143005371e-01,5.078782439231872559e-01
-1.023501515388488770e+00,-1.067949295043945312e+00
-4.434321224689483643e-01,-6.163710951805114746e-01
-7.574341297149658203e-01,-1.223642826080322266e+00
9.266681671142578125e-01,6.958431601524353027e-01
8.010051250457763672e-01,1.448008418083190918e+00
-7.911192774772644043e-01,-9.692383408546447754e-01
-1.299885153770446777e+00,-1.195964455604553223e+00
5.437100529670715332e-01,1.033769488334655762e+00
8.069945573806762695e-01,1.536329507827758789e+00
5.753580927848815918e-01,6.814303994178771973e-01
9.015675783157348633e-01,1.388226270675659180e+00
-4.258503913879394531e-01,-7.996821403503417969e-01
-1.033671855926513672e+00,-1.449117541313171387e+00
8.525434732437133789e-01,8.458805084228515625e-01
-8.864565491676330566e-01,-1.506696581840515137e+00
1.242128729820251465e+00,8.276163339614868164e-01
-1.060018181800842285e+00,-8.648583889007568359e-01
-7.339373230934143066e-01,-1.195679664611816406e+00
1.403063893318176270e+00,1.000896215438842773e+00
7.869073152542114258e-01,1.283957362174987793e+00
-1.240480065345764160e+00,-9.837172031402587891e-01
-4.327550828456878662e-01,-5.929944515228271484e-01
4.076396822929382324e-01,1.363319277763366699e+00
1.166922688484191895e+00,6.395712494850158691e-01
8.118333220481872559e-01,1.082028031349182129e+00
-1.436559796333312988e+00,-1.280715942382812500e+00
-1.016193270683288574e+00,-8.751702904701232910e-01
1.212604165077209473e+00,6.601454019546508789e-01
-7.751022577285766602e-01,-1.022443890571594238e+00
7.616196274757385254e-01,5.575491189956665039e-01
-6.471534371376037598e-01,-1.407209753990173340e+00
-7.704012393951416016e-01,-8.990184664726257324e-01
7.848952412605285645e-01,1.429361224174499512e+00
6.911498308181762695e-01,9.210712909698486328e-01
-9.892644286155700684e-01,-1.304103612899780273e+00
4.069665819406509399e-02,3.232479691505432129e-01
1.314976692199707031e+00,8.558924794197082520e-01
-7.807042598724365234e-01,-7.551534175872802734e-01
-1.357507705688476562e+00,-1.375507831573486328e+00
-5.474891066551208496e-01,-1.020356297492980957e+00
7.007446289062500000e-01,7.025024890899658203e-01
1.248216032981872559e+00,9.850368499755859375e-01
9.813932180404663086e-01,6.188650131225585938e-01
3.999028503894805908e-01,-1.913662552833557129e-01
9.052301049232482910e-01,7.790136933326721191e-01
-1.356924295425415039e+00,-1.225360870361328125e+00
-1.357915639877319336e+00,-1.103663921356201172e+00
-1.267938852310180664e+00,-1.150097370147705078e+00
9.590156674385070801e-01,9.693444371223449707e-01
-1.236926674842834473e+00,-1.388220667839050293e+00
-1.596360206604003906e+00,-1.739841222763061523e+00
-9.877295494079589844e-01,-1.042679548263549805e+00
1.055569887161254883e+00,6.625297665596008301e-01
-6.564425826072692871e-01,-1.292408466339111328e+00
-5.593261718750000000e-01,-1.190341353416442871e+00
1.389292359352111816e+00,1.422218441963195801e+00
1.017099380493164062e+00,6.308661699295043945e-01
-9.717739224433898926e-01,-9.937703609466552734e-01
9.230040907859802246e-01,9.401856660842895508e-01
-7.668606638908386230e-01,-1.673536777496337891e+00
8.336099386215209961e-01,6.063420772552490234e-01
1.364114046096801758e+00,1.120849013328552246e+00
-8.455195426940917969e-01,-9.440359473228454590e-01
-8.867070078849792480e-01,-1.262236237525939941e+00
1.273288130760192871e+00,1.495449066162109375e+00
7.675921320915222168e-01,9.839761853218078613e-01
-7.143347263336181641e-01,-9.725450873374938965e-01
1.527682542800903320e+00,1.125297307968139648e+00
1.194292664527893066e+00,1.247943118214607239e-01
-8.981020450592041016e-01,-1.081246852874755859e+00
-5.946065187454223633e-01,-1.069952249526977539e+00
1.227644205093383789e+00,3.785221576690673828e-01
4.929883182048797607e-01,-4.639777913689613342e-02
1.050009965896606445e+00,5.720920562744140625e-01
-5.447392463684082031e-01,-8.886498808860778809e-01
-8.527750968933105469e-01,-8.954216837882995605e-01
-1.342539310455322266e+00,-1.567096233367919922e+00
7.262236475944519043e-01,1.985081195831298828e+00
8.462873697280883789e-01,1.062534689903259277e+00
7.885001301765441895e-01,6.118276715278625488e-01
-9.333936572074890137e-01,-1.645222544670104980e+00
1.576946616172790527e+00,1.071497559547424316e+00
-5.004923939704895020e-01,-1.258405208587646484e+00
-8.234937787055969238e-01,-1.116861581802368164e+00
-1.114031195640563965e+00,-1.320152401924133301e+00
7.567116022109985352e-01,3.970431983470916748e-01
7.223398089408874512e-01,8.096262812614440918e-01
-8.877527713775634766e-01,-1.153661012649536133e+00
-1.253669023513793945e+00,-1.699303269386291504e+00
1.381392478942871094e+00,1.285654306411743164e+00
1.402759671211242676e+00,1.163052916526794434e+00
-1.204450726509094238e+00,-7.336919307708740234e-01
-1.396718621253967285e+00,-1.447723865509033203e+00
-5.604803562164306641e-01,-8.426507115364074707e-01
1.250444054603576660e+00,1.314419746398925781e+00
1.160837054252624512e+00,1.138131380081176758e+00
1.252407312393188477e+00,1.338081121444702148e+00
-1.022737145423889160e+00,-1.268872022628784180e+00
-8.936240673065185547e-01,-4.416543543338775635e-01
1.335830450057983398e+00,1.456682920455932617e+00
9.798439741134643555e-01,9.318696260452270508e-01
4.594521820545196533e-01,8.211384415626525879e-01
-8.584457635879516602e-01,-8.285008072853088379e-01
1.270666718482971191e+00,9.342048168182373047e-01
-3.779392838478088379e-01,-6.493756175041198730e-01
-6.232411861419677734e-01,-7.346746325492858887e-01
-5.598122477531433105e-01,-2.315425127744674683e-01
7.889806628227233887e-01,6.824703812599182129e-01
-1.013122320175170898e+00,-1.067772150039672852e+00
-8.640859723091125488e-01,-1.395216703414916992e+00
2.009849846363067627e-01,1.250787496566772461e+00
-8.988626003265380859e-01,-9.627195596694946289e-01
1.191037178039550781e+00,8.919768929481506348e-01
-6.904489398002624512e-01,-8.598415255546569824e-01
7.302207350730895996e-01,4.042553603649139404e-01
1.197551250457763672e+00,8.775308132171630859e-01
-7.403128147125244141e-01,-9.905037283897399902e-01
9.101614356040954590e-01,8.981206417083740234e-01
1.329504013061523438e+00,1.143178105354309082e+00
-1.267386555671691895e+00,-1.095571994781494141e+00
-5.393174886703491211e-01,-1.494972229003906250e+00
1.028253197669982910e+00,1.142563819885253906e+00
1.406136512756347656e+00,9.270468950271606445e-01
-7.649213075637817383e-01,-1.122488498687744141e+00
1.000238180160522461e+00,1.113473415374755859e+00
1.326629757881164551e+00,8.077552914619445801e-01
-1.471385836601257324e+00,-1.408618330955505371e+00
9.583082199096679688e-01,1.478533625602722168e+00
8.087478876113891602e-01,3.470161557197570801e-01
-1.103342175483703613e+00,-1.136022329330444336e+00
1.416075229644775391e+00,4.864718317985534668e-01
1.388969898223876953e+00,1.064980864524841309e+00
-2.496442198753356934e-01,5.359489321708679199e-01
-8.411028981208801270e-01,-1.203760743141174316e+00
-9.049986600875854492e-01,-1.150527358055114746e+00
-1.483000636100769043e+00,-1.337280988693237305e+00
-1.128096103668212891e+00,-8.590900897979736328e-01
-6.004626750946044922e-01,-9.891359806060791016e-01
7.148908972740173340e-01,8.534752130508422852e-01
2.700752615928649902e-01,1.016565799713134766e+00
-7.106308341026306152e-01,-3.001271486282348633e-01
-7.972064614295959473e-01,-1.070439338684082031e+00
-1.157482504844665527e+00,-1.290464162826538086e+00
1.531598567962646484e+00,6.278082132339477539e-01
-8.798689842224121094e-01,-8.063246011734008789e-01
-4.114502072334289551e-01,-5.623077154159545898e-01
-6.999595761299133301e-01,-1.181219339370727539e+00
-1.264360308647155762e+00,-4.849924147129058838e-01
-5.628268718719482422e-01,-1.351801872253417969e+00
1.093841552734375000e+00,1.178602457046508789e+00
9.077044725418090820e-01,9.185273051261901855e-01
-1.765493869781494141e+00,-1.773840188980102539e+00
-9.238278865814208984e-01,-1.152982711791992188e+00
-1.079255223274230957e+00,-6.351808905601501465e-01
7.773851156234741211e-01,1.061165690422058105e+00
-9.077509641647338867e-01,-9.153240323066711426e-01
1.287086963653564453e+00,1.127002954483032227e+00
1.142336606979370117e+00,1.433099627494812012e+00
-7.861105203628540039e-01,-1.154623985290527344e+00
-5.216774344444274902e-01,-9.408843517303466797e-01
1.300604224205017090e+00,1.219992280006408691e+00
1.231775164604187012e+00,1.374041438102722168e+00
9.058594107627868652e-01,1.108925819396972656e+00
6.730713248252868652e-01,6.089819669723510742e-01
-1.147568106651306152e+00,-1.495502114295959473e+00
-5.266051292419433594e-01,-6.931859254837036133e-01
9.050805568695068359e-01,1.417896866798400879e+00
-1.076602578163146973e+00,-1.073298335075378418e+00
-6.819666177034378052e-02,-1.793164847185835242e-04
-7.170231342315673828e-01,-6.474401950836181641e-01
1.048141121864318848e+00,8.615338206291198730e-01
1.079561948776245117e+00,2.995475530624389648e-01
-2.204742580652236938e-01,-1.099294781684875488e+00
-1.087765932083129883e+00,-1.345098853111267090e+00
8.803472518920898438e-01,6.269636154174804688e-01
4.673394858837127686e-01,1.245357990264892578e+00
1.386622309684753418e+00,1.282842636108398438e+00
1.135940790176391602e+00,1.001084446907043457e+00
1.183075070381164551e+00,1.225934982299804688e+00
8.181347846984863281e-01,1.039392948150634766e+00
1.159674763679504395e+00,1.117949008941650391e+00
-7.748050093650817871e-01,-1.441885113716125488e+00
-4.949780106544494629e-01,-1.512162327766418457e+00
-8.742707967758178711e-01,-1.194853305816650391e+00
1.209526658058166504e+00,1.316053271293640137e+00
7.956851124763488770e-01,7.722270488739013672e-01
-1.186295509338378906e+00,-1.411584615707397461e+00
6.162456870079040527e-01,1.455176949501037598e+00
9.248773455619812012e-01,1.343667030334472656e+00
-1.366159081459045410e+00,-8.494062423706054688e-01
-1.330891847610473633e+00,-6.183426380157470703e-01
1.112986087799072266e+00,1.142732143402099609e+00
-1.046374797821044922e+00,-6.934315562248229980e-01
8.512622714042663574e-01,5.255236029624938965e-01
-1.144530534744262695e+00,-1.354709744453430176e+00
-8.383937478065490723e-01,-1.024156808853149414e+00
1.120134115219116211e+00,9.516543745994567871e-01
6.910598874092102051e-01,1.170869350433349609e+00
1.286123275756835938e+00,7.044631242752075195e-01
-8.058792948722839355e-01,-8.583990335464477539e-01
-1.423896670341491699e+00,-1.475357651710510254e+00
9.713956713676452637e-01,6.285266280174255371e-01
-1.521785974502563477e+00,-9.919062852859497070e-01
1.346430063247680664e+00,5.280169248580932617e-01
1.000804424285888672e+00,1.070139646530151367e+00
-7.707033753395080566e-01,-1.583212971687316895e+00
-1.723744511604309082e+00,-1.422028064727783203e+00
-2.806953489780426025e-01,-5.371065735816955566e-01
-1.099837422370910645e+00,-1.673185110092163086e+00
1.274763941764831543e+00,6.041513681411743164e-01
-8.521986007690429688e-01,-1.445473432540893555e+00
5.130971074104309082e-01,1.214793086051940918e+00
-6.815718412399291992e-01,-1.110759139060974121e+00
7.028929591178894043e-01,9.096005558967590332e-01
4.319198727607727051e-01,1.206679940223693848e+00
6.415094733238220215e-01,1.656498551368713379e+00
8.576297760009765625e-01,5.997496843338012695e-01
9.870052337646484375e-01,1.059072852134704590e+00
7.273491621017456055e-01,5.336390137672424316e-01
1.265315651893615723e+00,8.773084282875061035e-01
2.414581775665283203e-01,-2.434473484754562378e-02
-8.188711404800415039e-01,-7.619607448577880859e-01
-5.844996571540832520e-01,-6.216014623641967773e-01
-9.220654368400573730e-01,-1.030925750732421875e+00
-1.335202336311340332e+00,-8.808674812316894531e-01
7.508742809295654297e-01,1.284697413444519043e+00
1.227368116378784180e+00,6.928356289863586426e-01
-8.820044398307800293e-01,-1.189535260200500488e+00
1.111732482910156250e+00,1.113606691360473633e+00
-1.621307492256164551e+00,-1.095954775810241699e+00
-1.244349598884582520e+00,-5.737380981445312500e-01
-1.230366468429565430e+00,-7.153882980346679688e-01
-7.287512421607971191e-01,-1.261429071426391602e+00
5.594670176506042480e-01,8.364937901496887207e-01
1.010936498641967773e+00,8.970947265625000000e-01
-8.987187743186950684e-01,-7.736735939979553223e-01
7.477201819419860840e-01,1.240814924240112305e+00
8.365783095359802246e-01,1.263067722320556641e+00
6.577500104904174805e-01,4.255046546459197998e-01
-1.608211636543273926e+00,-8.083097338676452637e-01
1.543750047683715820e+00,7.985763549804687500e-01
9.607755541801452637e-01,1.142358541488647461e+00
-5.241093039512634277e-01,-1.269342064857482910e+00
9.465783238410949707e-01,6.939528584480285645e-01
-1.226389765739440918e+00,-9.554754495620727539e-01
9.187130928039550781e-01,1.657039165496826172e+00
-7.451465129852294922e-01,-1.594424724578857422e+00
-8.377038240432739258e-01,-1.485067129135131836e+00
8.140945434570312500e-01,6.590134501457214355e-01
-1.130273580551147461e+00,-1.217235684394836426e+00
6.137331128120422363e-01,5.656052827835083008e-01
-7.699698209762573242e-01,-1.638393640518188477e+00
1.059713125228881836e+00,1.161270022392272949e+00
6.968668699264526367e-01,8.164638876914978027e-01
6.566079258918762207e-01,1.347470521926879883e+00
-8.851891756057739258e-01,-1.106823563575744629e+00
9.188168048858642578e-01,5.449620485305786133e-01
-1.937272906303405762e+00,-8.936871290206909180e-01
-1.376877278089523315e-01,-8.803921341896057129e-01
7.963449954986572266e-01,1.119368195533752441e+00
1.352946996688842773e+00,9.414921402931213379e-01
1.220020413398742676e+00,1.118128180503845215e+00
-8.669531941413879395e-01,-1.238101720809936523e+00
1.064957022666931152e+00,7.219407558441162109e-01
-1.018404006958007812e+00,-7.970418334007263184e-01
-9.050576686859130859e-01,-1.045800924301147461e+00
8.281602859497070312e-01,8.378646373748779297e-01
-1.220651626586914062e+00,-8.058982491493225098e-01
-1.307595252990722656e+00,-1.371336460113525391e+00
1.038211464881896973e+00,1.165005445480346680e+00
7.900025248527526855e-01,7.597795128822326660e-01
-1.154626488685607910e+00,-9.446969628334045410e-01
1.035803318023681641e+00,1.247298002243041992e+00
8.241975903511047363e-01,6.000046133995056152e-01
1.080355525016784668e+00,6.451168656349182129e-01
4.998751878738403320e-01,1.612361371517181396e-01
9.982733726501464844e-01,1.262236833572387695e+00
1.183849453926086426e+00,9.863830804824829102e-01
5.309660434722900391e-01,6.381001472473144531e-01
8.658751845359802246e-01,7.105945944786071777e-01
-1.195148825645446777e+00,-9.866796731948852539e-01
1.146196007728576660e+00,6.784626245498657227e-01
-9.657186269760131836e-01,-9.068557620048522949e-01
-7.109181284904479980e-01,-1.443663120269775391e+00
7.572473287582397461e-01,9.788556098937988281e-01
-5.322812795639038086e-01,-1.391552090644836426e-01
1.194094538688659668e+00,7.721934318542480469e-01
-1.670348763465881348e+00,-1.582349181175231934e+00
-1.322408676147460938e+00,-1.001533031463623047e+00
1.063938140869140625e+00,1.118173837661743164e+00
-6.763318777084350586e-01,-1.505000352859497070e+00
9.499265551567077637e-01,1.225592374801635742e+00
-9.105041623115539551e-01,-1.009048342704772949e+00
-9.713096618652343750e-01,-8.447511792182922363e-01
9.798049330711364746e-01,6.828884482383728027e-01
7.474880218505859375e-01,1.026423454284667969e+00
-7.660602927207946777e-01,-1.346776366233825684e+00
4.800230860710144043e-01,1.038955569267272949e+00
-1.114716887474060059e+00,-7.475982904434204102e-01
1.079520821571350098e+00,8.828358054161071777e-01
6.106026768684387207e-01,6.734212636947631836e-01
5.414935350418090820e-01,9.146403074264526367e-01
7.764808535575866699e-01,1.065780520439147949e+00
1.425994634628295898e+00,-1.408166289329528809e-01
4.983014464378356934e-01,2.355997562408447266e+00
6.897782683372497559e-01,4.689247012138366699e-01
-1.077096223831176758e+00,-1.433220148086547852e+00
-7.933579683303833008e-01,-9.961116909980773926e-01
8.622226119041442871e-01,1.015640497207641602e+00
1.515341043472290039e+00,7.104929685592651367e-01
9.737183451652526855e-01,7.888537049293518066e-01
-8.438375592231750488e-01,-6.044033765792846680e-01
1.285351157188415527e+00,6.352461576461791992e-01
-1.148630857467651367e+00,-8.175281286239624023e-01
3.179315626621246338e-01,6.219515204429626465e-01
1.082889556884765625e+00,5.359090566635131836e-01
8.523173928260803223e-01,9.977462887763977051e-01
-8.213491439819335938e-01,-1.548408865928649902e+00
-1.218507409095764160e+00,-1.050809264183044434e+00
-1.085238695144653320e+00,-1.007625460624694824e+00
-4.501522481441497803e-01,-1.396647214889526367e+00
-5.194405317306518555e-01,-6.273731589317321777e-01
-1.090643763542175293e+00,-9.585362076759338379e-01
4.747158288955688477e-01,1.150380134582519531e+00
-1.025783300399780273e+00,-1.313885688781738281e+00
1.124115586280822754e+00,9.642165303230285645e-01
1.268215656280517578e+00,1.741490244865417480e+00
-1.162374615669250488e+00,-3.891873061656951904e-01
8.000796437263488770e-01,7.637393474578857422e-01
6.577961444854736328e-01,7.577935457229614258e-01
-5.595808029174804688e-01,-9.611670970916748047e-01
-6.369398236274719238e-01,-1.012711405754089355e+00
-1.203430056571960449e+00,-1.437901616096496582e+00
1.263297796249389648e+00,1.374135971069335938e+00
-5.629560351371765137e-01,-9.128287434577941895e-01
-1.125525832176208496e+00,-9.772137403488159180e-01
1.131835103034973145e+00,1.027963161468505859e+00
5.499612092971801758e-01,5.583216547966003418e-01
1.360869765281677246e+00,1.116373181343078613e+00
-7.331905364990234375e-01,-6.369638442993164062e-01
-5.804131627082824707e-01,-1.560928344726562500e+00
1.204602956771850586e+00,5.833150744438171387e-01
7.665090560913085938e-01,8.071764111518859863e-01
5.890983343124389648e-01,8.595523238182067871e-01
-9.360541105270385742e-01,-9.805617928504943848e-01
-1.379984974861145020e+00,-1.255956649780273438e+00
-9.878311753273010254e-01,-1.328427433967590332e+00
-7.715665102005004883e-01,-1.066181659698486328e+00
9.422823190689086914e-01,6.250805854797363281e-01
-1.079721331596374512e+00,-1.064849734306335449e+00
1.743092179298400879e+00,1.514029026031494141e+00
7.298036813735961914e-01,8.144052028656005859e-01
-4.348355829715728760e-01,-8.252831101417541504e-01
-1.250687241554260254e+00,-1.072582840919494629e+00
1.037653565406799316e+00,6.522189974784851074e-01
-6.845013499259948730e-01,-1.598563194274902344e+00
6.485270261764526367e-01,9.994215369224548340e-01
-7.724393606185913086e-01,-1.035206913948059082e+00
-1.265419363975524902e+00,-1.845923185348510742e+00
1.640491127967834473e+00,1.264381170272827148e+00
-5.530411005020141602e-01,-9.407505989074707031e-01
-1.098710656166076660e+00,-9.830573201179504395e-01
-8.986951112747192383e-01,-1.384533524513244629e+00
-1.020988821983337402e+00,-6.811795830726623535e-01
9.817699193954467773e-01,6.749346852302551270e-01
9.558013081550598145e-01,7.667987942695617676e-01
-6.160483956336975098e-01,-1.045492529869079590e+00
-1.226015090942382812e+00,-1.019343495368957520e+00
-8.050181269645690918e-01,-1.379843235015869141e+00
1.178505539894104004e+00,8.155561089515686035e-01
-1.506441593170166016e+00,-1.526163458824157715e+00
-1.515167713165283203e+00,-1.588957428932189941e+00
6.146869659423828125e-01,4.376790225505828857e-01
1.121159195899963379e+00,6.612355709075927734e-01
9.978165030479431152e-01,5.839196443557739258e-01
-6.857344508171081543e-01,-1.442780256271362305e+00
8.891695737838745117e-01,1.331830978393554688e+00
-8.581401109695434570e-01,-8.406829833984375000e-01
-1.015933752059936523e+00,-1.386313199996948242e+00
-5.400920510292053223e-01,-1.203017830848693848e+00
1.547865152359008789e+00,1.369866132736206055e+00
-1.352913737297058105e+00,-9.971836209297180176e-01
1.045962095260620117e+00,1.138768672943115234e+00
-8.376538753509521484e-01,-7.093249559402465820e-01
-3.836792409420013428e-01,-1.095126152038574219e+00
1.167290210723876953e-01,1.957785487174987793e-01
-5.146924257278442383e-01,-1.642147779464721680e+00
1.220449447631835938e+00,1.198721885681152344e+00
1.202622175216674805e+00,9.117355346679687500e-01
-1.354442596435546875e+00,-8.874688744544982910e-01
-1.101963043212890625e+00,-1.825356721878051758e+00
1.436549872159957886e-01,5.519223213195800781e-01
1.226091504096984863e+00,1.110983371734619141e+00
1.089256048202514648e+00,1.129890799522399902e+00
-3.475647270679473877e-01,-1.054191231727600098e+00
8.662093281745910645e-01,1.109190702438354492e+00
1.021055698394775391e+00,4.168864786624908447e-01
8.219571113586425781e-01,8.137406110763549805e-01
-1.000387907028198242e+00,-9.431094527244567871e-01
5.630053877830505371e-01,8.171572685241699219e-01
-1.355854749679565430e+00,-9.896777868270874023e-01
-9.098637700080871582e-01,-6.922950148582458496e-01
1.061998486518859863e+00,6.853222250938415527e-01
-1.472255229949951172e+00,-9.969485402107238770e-01
-1.320743799209594727e+00,-1.307242751121520996e+00
9.886652827262878418e-01,1.153516888618469238e+00
-8.801728487014770508e-01,-1.201974034309387207e+00
-8.338866829872131348e-01,-1.611175894737243652e+00
5.144476890563964844e-01,9.517868757247924805e-01
-8.762065768241882324e-01,-7.774934768676757812e-01
8.871476650238037109e-01,9.049196839332580566e-01
9.424080848693847656e-01,7.444674372673034668e-01
-1.054260730743408203e+00,-1.311118960380554199e+00
-1.374021530151367188e+00,-9.534445405006408691e-01
1.313477873802185059e+00,1.063222289085388184e+00
3.773657679557800293e-01,4.824281856417655945e-02
-9.361388683319091797e-01,-1.038260340690612793e+00
-1.246880412101745605e+00,-1.081190586090087891e+00
-5.629276037216186523e-01,-8.183163404464721680e-01
5.555052757263183594e-01,7.458172440528869629e-01
-7.687399983406066895e-01,-7.656004428863525391e-01
-9.016832709312438965e-01,-8.312978744506835938e-01
1.267765045166015625e+00,5.707038044929504395e-01
-6.834791302680969238e-01,-1.096816539764404297e+00
-9.198911190032958984e-01,-1.414353370666503906e+00
5.873550176620483398e-01,7.419279217720031738e-01
-1.134948849678039551e+00,-1.104227304458618164e+00
-4.774024188518524170e-01,-8.067419528961181641e-01
-8.477025032043457031e-01,-1.408735394477844238e+00
1.504868507385253906e+00,1.162239313125610352e+00
-7.585191130638122559e-01,-1.292183518409729004e+00
-1.497768640518188477e+00,-1.092409849166870117e+00
4.693247973918914795e-01,1.279160857200622559e+00
-4.742517173290252686e-01,-1.605079054832458496e+00
7.008340954780578613e-01,8.972933888435363770e-01
-8.010828495025634766e-01,-6.673415899276733398e-01
-3.464410305023193359e-01,-5.662130117416381836e-01
6.591283679008483887e-01,8.782256841659545898e-01
9.513354897499084473e-01,6.674340963363647461e-01
7.710938453674316406e-01,1.607534646987915039e+00
1.136851549148559570e+00,1.233856678009033203e+00
-1.164297938346862793e+00,-1.551800012588500977e+00
9.584692120552062988e-01,1.118565082550048828e+00
-8.796856999397277832e-01,-1.137084722518920898e+00
1.446578860282897949e+00,6.626452803611755371e-01
1.549039602279663086e+00,9.554697871208190918e-01
7.788656949996948242e-01,1.405982494354248047e+00
-9.843375086784362793e-01,-1.432674527168273926e+00
-7.207422256469726562e-01,-1.239708542823791504e+00
7.169109582901000977e-01,4.968876540660858154e-01
8.486681580543518066e-01,1.030982255935668945e+00
-6.629121303558349609e-01,-8.848949074745178223e-01
1.255181074142456055e+00,1.247621893882751465e+00
1.220616936683654785e+00,8.318005800247192383e-01
-6.205769181251525879e-01,-1.263405203819274902e+00
6.055684685707092285e-01,7.883629202842712402e-01
-8.630443215370178223e-01,-1.117947936058044434e+00
-1.340384125709533691e+00,-1.142304182052612305e+00
8.086173534393310547e-01,3.778299689292907715e-01
7.381719350814819336e-01,5.200909376144409180e-01
1.285837292671203613e+00,1.027747750282287598e+00
1.188193559646606445e+00,6.491155028343200684e-01
-1.358447313308715820e+00,-9.664702415466308594e-01
9.670851826667785645e-01,2.703598141670227051e-01
1.321728348731994629e+00,1.102026820182800293e+00
1.147992849349975586e+00,5.846776962280273438e-01
-1.041856527328491211e+00,-1.049776196479797363e+00
-1.167866945266723633e+00,-8.713306188583374023e-01
-1.418330669403076172e+00,-9.501940011978149414e-01
8.755562901496887207e-01,9.707267880439758301e-01
6.554514765739440918e-01,1.060937166213989258e+00
-3.882282674312591553e-01,-6.190624833106994629e-01
-2.019306898117065430e+00,-1.684430718421936035e+00
-8.990325331687927246e-01,-1.151426911354064941e+00
-1.010490179061889648e+00,-7.139622569084167480e-01
-1.472709536552429199e+00,-1.050916790962219238e+00
-4.694927930831909180e-01,-1.639938473701477051e+00
-8.702966570854187012e-01,-5.278531312942504883e-01
6.021789908409118652e-01,4.606846272945404053e-01
-1.103806495666503906e+00,-1.396279215812683105e+00
1.112074494361877441e+00,1.121645212173461914e+00
1.437083363533020020e+00,1.498431324958801270e+00
-9.652212262153625488e-01,-9.043460488319396973e-01
-7.713880538940429688e-01,-9.295241236686706543e-01
-1.279088973999023438e+00,-7.295082211494445801e-01
1.172492742538452148e+00,8.836611509323120117e-01
7.975458502769470215e-01,9.813367724418640137e-01
-5.322594642639160156e-01,-9.921668171882629395e-01
8.162517547607421875e-01,7.979226112365722656e-01
-1.101639270782470703e+00,-1.061216115951538086e+00
-9.466579556465148926e-01,-1.095885157585144043e+00
-1.225289463996887207e+00,-1.277881145477294922e+00
-1.163023829460144043e+00,-1.426633954048156738e+00
4.289101660251617432e-01,6.740709543228149414e-01
-6.540962457656860352e-01,-4.838255345821380615e-01
9.727866053581237793e-01,1.256971120834350586e+00
9.073708057403564453e-01,5.852777957916259766e-01
4.088170826435089111e-02,4.539327025413513184e-01
-1.157998204231262207e+00,-7.317177057266235352e-01
-1.159960150718688965e+00,-9.138301014900207520e-01
7.889439463615417480e-01,7.202430367469787598e-01
-7.306472063064575195e-01,-1.183604359626770020e+00
8.661890029907226562e-01,9.073488116264343262e-01
8.465396165847778320e-01,9.619224071502685547e-01
6.951761841773986816e-01,1.306155443191528320e+00
-1.131081342697143555e+00,-9.507400393486022949e-01
1.253848552703857422e+00,1.724955558776855469e+00
6.095653176307678223e-01,1.207105875015258789e+00
1.524965286254882812e+00,9.218251705169677734e-01
-1.568740725517272949e+00,-9.957638978958129883e-01
1.294809341430664062e+00,1.088487744331359863e+00
1.390956640243530273e+00,1.467424631118774414e+00
-1.248898029327392578e+00,-1.093646287918090820e+00
1.155023694038391113e+00,1.214321851730346680e+00
-1.190914630889892578e+00,-8.816097378730773926e-01
1.372436285018920898e+00,6.502621173858642578e-01
-9.597278237342834473e-01,-9.514206051826477051e-01
6.774470806121826172e-01,1.245365142822265625e+00
-1.330507397651672363e+00,-7.663846015930175781e-01
-9.571515917778015137e-01,-8.395834565162658691e-01
7.909113168716430664e-01,3.073160350322723389e-01
8.157528042793273926e-01,1.008131265640258789e+00
1.314697504043579102e+00,1.097681164741516113e+00
-1.034659266471862793e+00,-7.880142927169799805e-01
1.304525971412658691e+00,1.573136568069458008e+00
-1.261378765106201172e+00,-1.090168476104736328e+00
-4.790464043617248535e-01,-1.287450194358825684e+00
-6.286199688911437988e-01,-1.743028640747070312e+00
-1.242538928985595703e+00,-1.264072656631469727e+00
1.236439824104309082e+00,1.101833581924438477e+00
1.153046131134033203e+00,3.901389539241790771e-01
1.288696289062500000e+00,7.992537021636962891e-01
-6.394094824790954590e-01,-1.336527705192565918e+00
-6.772910356521606445e-01,-7.246325016021728516e-01
-1.288839578628540039e+00,-1.051499128341674805e+00
-1.443211793899536133e+00,-1.524509787559509277e+00
-1.051774621009826660e+00,-8.034627437591552734e-01
-9.078956842422485352e-01,-1.510980367660522461e+00
-9.055787920951843262e-01,-8.600597381591796875e-01
-9.548858404159545898e-01,-1.112818479537963867e+00
-9.487442970275878906e-01,-4.351630508899688721e-01
8.516050577163696289e-01,6.367010474205017090e-01
1.295006752014160156e+00,1.787800490856170654e-01
-8.343200683593750000e-01,-1.346777796745300293e+00
7.366027832031250000e-01,1.325979828834533691e+00
9.378901720046997070e-01,1.169067978858947754e+00
-1.139385461807250977e+00,-1.253120064735412598e+00
5.412717461585998535e-01,9.818610548973083496e-01
-1.243247270584106445e+00,-1.442629933357238770e+00
1.340464353561401367e+00,1.471952915191650391e+00
8.329435586929321289e-01,1.453105449676513672e+00
-8.571036458015441895e-01,-4.203637838363647461e-01
1.350599884986877441e+00,1.076184153556823730e+00
4.272370338439941406e-01,6.775337457656860352e-01
-1.287678956985473633e+00,-1.493866562843322754e+00
1.226882100105285645e+00,9.233424663543701172e-01
9.515438079833984375e-01,8.245533704757690430e-01
-1.011274695396423340e+00,-1.408089280128479004e+00
1.158081412315368652e+00,1.047179579734802246e+00
1.217079758644104004e+00,1.168515324592590332e+00
1.219151854515075684e+00,1.507712125778198242e+00
-1.013114809989929199e+00,-1.285197257995605469e+00
-1.106458067893981934e+00,-9.291914105415344238e-01
1.298898339271545410e+00,8.851361870765686035e-01
1.020230412483215332e+00,1.138343930244445801e+00
9.174469113349914551e-01,1.444301009178161621e+00
1.072991371154785156e+00,1.567292094230651855e+00
8.307828903198242188e-01,6.867671012878417969e-01
-6.745864748954772949e-01,-7.976833581924438477e-01
6.851391196250915527e-01,1.105892062187194824e+00
1.187880516052246094e+00,1.067811846733093262e+00
-1.112960696220397949e+00,-6.208692193031311035e-01
-1.051413536071777344e+00,-1.325819015502929688e+00
1.594092011451721191e+00,1.283328294754028320e+00
6.580563187599182129e-01,7.029476761817932129e-01
1.198422551155090332e+00,8.690457344055175781e-01
5.759980678558349609e-01,6.778924465179443359e-01
7.832748889923095703e-01,1.443561315536499023e+00
-1.178836345672607422e+00,-1.010117530822753906e+00
4.561809003353118896e-01,7.387845516204833984e-01
-9.082140922546386719e-01,-7.743014693260192871e-01
-1.630856990814208984e+00,-1.469513535499572754e+00
1.411194205284118652e+00,5.457521080970764160e-01
-1.387566685676574707e+00,-1.283823728561401367e+00
-1.666944503784179688e+00,-1.304408192634582520e+00
-6.868150234222412109e-01,-9.736874103546142578e-01
-7.948240637779235840e-01,-1.458641529083251953e+00
-1.482223153114318848e+00,-1.440029382705688477e+00
9.554432034492492676e-01,7.587822675704956055e-01
6.177918314933776855e-01,1.000022530555725098e+00
-1.253922462463378906e+00,-9.718621969223022461e-01
1.364581823348999023e+00,1.296690225601196289e+00
-4.631907939910888672e-01,-5.446565151214599609e-01
-5.172718167304992676e-01,-8.096946477890014648e-01
-8.006861805915832520e-01,-5.020517706871032715e-01
-1.119160294532775879e+00,-1.140597939491271973e+00
1.198835849761962891e+00,8.470731973648071289e-01
-1.411507010459899902e+00,-1.075373768806457520e+00
6.116898655891418457e-01,2.371189117431640625e+00
-1.293773651123046875e+00,-1.067629933357238770e+00
-1.091981410980224609e+00,-6.832044720649719238e-01
1.376958131790161133e+00,1.115828871726989746e+00
-5.881669521331787109e-01,-9.371143579483032227e-01
8.096721768379211426e-01,5.350109338760375977e-01
1.045168399810791016e+00,1.257247090339660645e+00
7.402865886688232422e-01,6.628070473670959473e-01
-1.324690103530883789e+00,-4.918732643127441406e-01
1.136751413345336914e+00,1.270714402198791504e+00
-1.104685306549072266e+00,-9.345688819885253906e-01
-1.048274040222167969e+00,-1.149235725402832031e+00
6.211451292037963867e-01,5.311804413795471191e-01
1.188282370567321777e+00,1.124072790145874023e+00
-5.958164930343627930e-01,-1.105332970619201660e+00
1.240238428115844727e+00,1.533555507659912109e+00
1.497498035430908203e+00,1.225349426269531250e+00
8.638777732849121094e-01,9.545059800148010254e-01
-1.391418695449829102e+00,-5.630374550819396973e-01
9.860333204269409180e-01,1.286053657531738281e+00
-1.153836607933044434e+00,-7.930148243904113770e-01
3.150897026062011719e-01,1.328096628189086914e+00
-8.436462879180908203e-01,-7.948052883148193359e-01
-8.543971776962280273e-01,-1.112616181373596191e+00
-1.079589247703552246e+00,-5.160532593727111816e-01
-1.251749753952026367e+00,-9.267743825912475586e-01
8.113120794296264648e-01,1.193799853324890137e+00
7.910193204879760742e-01,7.878301143646240234e-01
-1.293184638023376465e+00,-8.563192486763000488e-01
-1.334077596664428711e+00,-1.259291887283325195e+00
-8.667383790016174316e-01,-5.182555913925170898e-01
-4.228699207305908203e-01,-8.879922032356262207e-01
1.289688825607299805e+00,8.627529144287109375e-01
1.207498669624328613e+00,1.156275153160095215e+00
7.428424358367919922e-01,7.391157746315002441e-01
1.424243092536926270e+00,1.235477685928344727e+00
1.159973621368408203e+00,1.132948756217956543e+00
-1.152870416641235352e+00,-1.097566604614257812e+00
8.775571584701538086e-01,3.447810113430023193e-01
6.195396184921264648e-01,8.720368742942810059e-01
9.958854317665100098e-01,1.261759757995605469e+00
-6.422984600067138672e-01,-1.038081049919128418e+00
6.297259926795959473e-01,5.784192085266113281e-01
-4.457048326730728149e-02,9.082279205322265625e-01
-9.598981738090515137e-01,-1.301467776298522949e+00
6.680225729942321777e-01,8.691022992134094238e-01
1.212603449821472168e+00,7.736226916313171387e-01
1.255227684974670410e+00,1.320704102516174316e+00
-7.312809228897094727e-01,-5.831530690193176270e-01
8.271850943565368652e-01,1.428065001964569092e-01
7.857610583305358887e-01,8.746172189712524414e-01
1.260335803031921387e+00,9.407077431678771973e-01
-1.025010347366333008e+00,-8.495760560035705566e-01
1.592777848243713379e+00,9.067240357398986816e-01
8.646682500839233398e-01,9.902564883232116699e-01
1.045687437057495117e+00,1.063032746315002441e+00
1.585949301719665527e+00,1.009601473808288574e+00
-6.071581840515136719e-01,-1.731084704399108887e+00
-9.674898982048034668e-01,-1.118188619613647461e+00
1.247865557670593262e+00,1.276809215545654297e+00
-3.347430527210235596e-01,-8.026861548423767090e-01
6.350013613700866699e-01,1.344071865081787109e+00
1.294436335563659668e+00,8.953604102134704590e-01
8.605149388313293457e-01,1.003756642341613770e+00
-7.005005478858947754e-01,-1.513987898826599121e+00
-8.078874349594116211e-01,-1.334772109985351562e+00
7.718232870101928711e-01,9.407113194465637207e-01
-1.039262652397155762e+00,-1.535144686698913574e+00
5.249296426773071289e-01,8.490918874740600586e-01
-1.452335000038146973e+00,-9.518671631813049316e-01
7.923491597175598145e-01,1.352614998817443848e+00
-1.030643224716186523e+00,-1.086428761482238770e+00
-1.214682579040527344e+00,-1.007088303565979004e+00
-2.888264060020446777e-01,-1.435626626014709473e+00
-6.944978237152099609e-01,-1.330373764038085938e+00
1.305010676383972168e+00,1.376646876335144043e+00
9.025059938430786133e-01,5.841314196586608887e-01
8.218446969985961914e-01,1.142089962959289551e+00
9.928005933761596680e-01,4.900008141994476318e-01
-3.705711960792541504e-01,-1.106906294822692871e+00
-6.564247608184814453e-01,-7.619078159332275391e-01
-1.482249021530151367e+00,-7.774009704589843750e-01
-8.864572644233703613e-01,-9.801969528198242188e-01
-7.856408357620239258e-01,-7.998297810554504395e-01
1.225687503814697266e+00,1.226176142692565918e+00
6.983749866485595703e-01,9.861623644828796387e-01
-9.995948672294616699e-01,-8.252382874488830566e-01
1.110723853111267090e+00,5.033560395240783691e-01
-1.100700497627258301e+00,-9.014012813568115234e-01
9.372708201408386230e-01,1.100263357162475586e+00
-1.050289750099182129e+00,-1.185396909713745117e+00
8.828848600387573242e-01,6.391419768333435059e-01
9.781786799430847168e-01,1.524248868227005005e-01
-1.002350807189941406e+00,-5.572073459625244141e-01
7.115311622619628906e-01,1.222676515579223633e+00
6.076145172119140625e-01,5.935094356536865234e-01
8.291220664978027344e-01,8.510579466819763184e-01
-1.159889221191406250e+00,-8.553748130798339844e-01
1.461006879806518555e+00,9.075923562049865723e-01
-1.013268589973449707e+00,-7.278757691383361816e-01
-7.799307107925415039e-01,-1.004217147827148438e+00
-1.576934814453125000e+00,-1.040359854698181152e+00
-1.017711281776428223e+00,-7.619553804397583008e-01
1.180917978286743164e+00,1.056517004966735840e+00
1.145815372467041016e+00,8.396689295768737793e-01
1.206006288528442383e+00,1.249504208564758301e+00
-1.712332487106323242e+00,-1.532573819160461426e+00
7.955053448677062988e-01,1.081978559494018555e+00
4.920385181903839111e-01,1.941257596015930176e+00
9.164192080497741699e-01,1.063979029655456543e+00
8.191937208175659180e-01,1.038013100624084473e+00
6.055141687393188477e-01,7.041633725166320801e-01
9.037086367607116699e-01,2.425001114606857300e-01
-8.817853331565856934e-01,-8.739473223686218262e-01
-1.212745189666748047e+00,-1.335562109947204590e+00
1.055268526077270508e+00,9.978143572807312012e-01
-1.178565025329589844e+00,-1.659202933311462402e+00
-8.981551527976989746e-01,-8.027445673942565918e-01
-1.037708640098571777e+00,-1.318537831306457520e+00
7.766328454017639160e-01,1.148712038993835449e+00
-1.286140918731689453e+00,-7.191246151924133301e-01
8.850511312484741211e-01,8.106684088706970215e-01
8.488875627517700195e-01,8.460710644721984863e-01
1.576345205307006836e+00,1.512835144996643066e+00
-1.157553076744079590e+00,-1.162091612815856934e+00
1.755654811859130859e+00,1.267311096191406250e+00
-7.289750576019287109e-01,-7.427000999450683594e-01
-1.125780224800109863e+00,-8.589943647384643555e-01
1.251749515533447266e+00,9.139777421951293945e-01
1.215407609939575195e+00,1.103299021720886230e+00
9.461245536804199219e-01,1.431484937667846680e+00
2.554611265659332275e-01,-3.319331109523773193e-01
-8.475937843322753906e-01,-6.262032985687255859e-01
6.779761910438537598e-01,8.106952309608459473e-01
1.240639448165893555e+00,7.944244146347045898e-01
1.069630146026611328e+00,9.646110534667968750e-01
7.779810428619384766e-01,6.844035983085632324e-01
7.203046083450317383e-01,1.352405548095703125e+00
1.406398296356201172e+00,6.829088926315307617e-01
-1.263639926910400391e+00,-1.366871953010559082e+00
7.258371710777282715e-01,5.765196681022644043e-01
-1.304175496101379395e+00,-1.023041605949401855e+00
1.242605686187744141e+00,8.306971192359924316e-01
1.169769287109375000e+00,9.891389608383178711e-01
8.945302367210388184e-01,3.476630747318267822e-01
4.998143762350082397e-02,2.876888513565063477e+00
1.243355631828308105e+00,5.360170602798461914e-01
8.651781082153320312e-01,7.382260560989379883e-01
-9.782211780548095703e-01,-1.471067428588867188e+00
7.979532480239868164e-01,8.160386681556701660e-01
7.939708232879638672e-01,8.174304366111755371e-01
-4.528830051422119141e-01,-1.829686045646667480e+00
-9.528852701187133789e-01,-1.066859245300292969e+00
-6.472467780113220215e-01,-9.249745607376098633e-01
-1.089537739753723145e+00,-1.536156058311462402e+00
-9.111789464950561523e-01,-1.380506992340087891e+00
-9.018864035606384277e-01,-9.893186688423156738e-01
6.968707442283630371e-01,9.919842481613159180e-01
-1.287582039833068848e+00,-1.240552663803100586e+00
1.417668342590332031e+00,1.098526477813720703e+00
-3.581263124942779541e-01,-9.459482431411743164e-01
5.987242460250854492e-01,9.987931847572326660e-01
-1.615659475326538086e+00,-1.049217581748962402e+00
-8.576146960258483887e-01,-1.433973908424377441e+00
6.527396440505981445e-01,9.095857739448547363e-01
-8.087564110755920410e-01,-1.011818647384643555e+00
-5.732268691062927246e-01,-5.243678689002990723e-01
-1.370246767997741699e+00,-8.553447723388671875e-01
-1.148040533065795898e+00,-1.351207733154296875e+00
8.857623338699340820e-01,1.245470404624938965e+00
-6.830736398696899414e-01,-1.443778276443481445e+00
1.384007573127746582e+00,1.120640873908996582e+00
5.047960877418518066e-01,8.177236318588256836e-01
1.186233401298522949e+00,1.247101545333862305e+00
-8.360959291458129883e-01,-9.204882979393005371e-01
8.844372034072875977e-01,6.909278631210327148e-01
-7.044049501419067383e-01,-8.933587670326232910e-01
-2.747460901737213135e-01,7.096897810697555542e-02
-8.858741521835327148e-01,-1.154426217079162598e+00
1.054328322410583496e+00,1.456905364990234375e+00
1.236963748931884766e+00,9.120434522628784180e-01
-1.089197635650634766e+00,-1.353787779808044434e+00
7.555538415908813477e-01,1.198231935501098633e+00
6.770114302635192871e-01,1.076986551284790039e+00
8.963640332221984863e-01,1.329100370407104492e+00
7.262192368507385254e-01,8.887810707092285156e-01
6.587955951690673828e-01,9.018656611442565918e-01
1.583492755889892578e+00,7.675536274909973145e-01
-1.116382122039794922e+00,-1.187926054000854492e+00
-1.321593761444091797e+00,-1.047111034393310547e+00
8.597018718719482422e-01,8.936893939971923828e-01
-6.954233646392822266e-01,-1.111369848251342773e+00
8.757431507110595703e-01,1.161140441894531250e+00
1.164397001266479492e+00,8.266933560371398926e-01
-9.736595749855041504e-01,-7.421575784683227539e-01
1.358450293540954590e+00,1.322197437286376953e+00
-6.069213747978210449e-01,-1.460989594459533691e+00
2.831906080245971680e-01,1.497644662857055664e+00
6.682972908020019531e-01,1.305112600326538086e+00
-5.190668702125549316e-01,-1.155699253082275391e+00
3.697564899921417236e-01,7.746373862028121948e-02
8.534812927246093750e-01,1.690532565116882324e-01
-1.233980059623718262e+00,-1.280678749084472656e+00
-9.245119094848632812e-01,-1.102955579757690430e+00
-1.279982447624206543e+00,-8.850048184394836426e-01
