-9.154899120330810547e-01,2.103175401687622070e+00,-1.538266777992248535e+00,2.471750974655151367e+00,2.964956998825073242e+00
3.264408409595489502e-01,2.926401376724243164e+00,8.260996341705322266e-01,1.788508653640747070e+00,-2.372035741806030273e+00
8.754832744598388672e-01,2.862990856170654297e+00,2.044404506683349609e+00,-2.668435096740722656e+00,-2.268724441528320312e+00
-1.165863871574401855e+00,2.416316747665405273e+00,-2.115778446197509766e+00,2.409964561462402344e+00,2.035506725311279297e+00
3.189383149147033691e-01,1.885675072669982910e+00,1.661244392395019531e+00,1.776268482208251953e+00,1.224932074546813965e-02
7.102732062339782715e-01,1.345542430877685547e+00,-1.896086215972900391e+00,1.637114167213439941e+00,-3.434907197952270508e-01
-9.920592904090881348e-01,2.180245161056518555e+00,-2.208182096481323242e+00,-2.929377555847167969e+00,1.438722372055053711e+00
4.102855324745178223e-01,2.676080226898193359e+00,2.153191089630126953e+00,-1.347303032875061035e+00,-1.121410250663757324e+00
-1.470749497413635254e+00,1.490255594253540039e+00,-1.406470179557800293e+00,1.855696916580200195e+00,2.236991405487060547e+00
-7.981340289115905762e-01,1.076186656951904297e+00,2.540109872817993164e+00,-2.391155958175659180e+00,2.880753874778747559e-01
-2.098455876111984253e-01,1.217043280601501465e+00,9.669384956359863281e-01,2.808516025543212891e+00,8.397238254547119141e-01
1.453396081924438477e-01,1.819934129714965820e+00,-3.713667988777160645e-01,2.961479902267456055e+00,-1.651554584503173828e+00
1.065416410565376282e-01,1.821284651756286621e+00,1.417374908924102783e-01,-1.684371471405029297e+00,-2.400896549224853516e+00
2.262906730175018311e-01,1.942742347717285156e+00,4.852752089500427246e-01,1.505904912948608398e+00,-9.567586183547973633e-01
-4.871852099895477295e-01,2.458247661590576172e+00,2.278878927230834961e+00,-1.999927282333374023e+00,4.939559698104858398e-01
-3.759917914867401123e-01,2.233001947402954102e+00,1.752845525741577148e+00,-1.647379040718078613e+00,1.834407448768615723e-01
-1.622156023979187012e+00,2.703996658325195312e+00,-2.403259277343750000e+00,2.163829326629638672e+00,1.222646474838256836e+00
8.182109892368316650e-02,-3.677753508090972900e-01,-1.002627685666084290e-01,-2.971421718597412109e+00,-1.119549512863159180e+00
6.488126516342163086e-01,1.519410252571105957e+00,1.370995879173278809e+00,-2.828779220581054688e+00,-1.727222919464111328e+00
-1.272383570671081543e+00,2.599793195724487305e+00,-2.074479818344116211e+00,1.764606595039367676e+00,-1.059224963188171387e+00
6.801903247833251953e-02,1.610893011093139648e+00,-9.908168762922286987e-02,-2.751529216766357422e+00,-8.506167531013488770e-01
-2.154832482337951660e-01,2.243880033493041992e+00,-1.857539653778076172e+00,-2.376020669937133789e+00,2.645485401153564453e-01
4.145957157015800476e-02,2.046965360641479492e+00,-3.933616578578948975e-01,-2.553733348846435547e+00,4.426232874393463135e-01
-4.495137631893157959e-01,2.396809577941894531e+00,1.347279191017150879e+00,-1.890786886215209961e+00,1.531942367553710938e+00
1.341319322586059570e+00,1.485551595687866211e+00,2.345515966415405273e+00,2.883293151855468750e+00,-2.314213275909423828e+00
-3.990648388862609863e-01,1.296990394592285156e+00,-1.186908841133117676e+00,-2.079425811767578125e+00,1.688384294509887695e+00
-1.847037076950073242e+00,2.976519823074340820e+00,1.851081728935241699e+00,1.166025876998901367e+00,8.129928708076477051e-01
-4.634313881397247314e-01,2.518805980682373047e+00,-9.086818099021911621e-01,-1.213090538978576660e+00,7.292100191116333008e-01
6.789120435714721680e-01,2.380316257476806641e+00,-1.052979469299316406e+00,1.874553918838500977e+00,-2.639005899429321289e+00
6.052584573626518250e-02,1.276287674903869629e+00,-1.201583296060562134e-01,2.434580802917480469e+00,-1.133730053901672363e+00
6.762309670448303223e-01,1.143032312393188477e+00,9.620249867439270020e-01,1.963345050811767578e+00,-1.936537027359008789e+00
1.133074238896369934e-01,2.071604251861572266e+00,-2.361140698194503784e-01,1.393529057502746582e+00,-1.566442370414733887e+00
4.301365911960601807e-01,1.409929633140563965e+00,2.221844911575317383e+00,2.185383319854736328e+00,1.734366416931152344e-01
3.786903247237205505e-02,2.754419565200805664e+00,-2.547195672988891602e+00,1.821216702461242676e+00,-1.520583964884281158e-02
-1.224351450800895691e-01,4.971023201942443848e-01,-1.026996254920959473e+00,2.398373126983642578e+00,3.189876973628997803e-01
-1.281909644603729248e-01,2.700678348541259766e+00,4.322833716869354248e-01,-1.171213984489440918e+00,2.052607536315917969e+00
-3.566100448369979858e-02,1.760466814041137695e+00,-6.746931672096252441e-01,2.478882551193237305e+00,1.380728244781494141e+00
-7.328668981790542603e-02,1.288860917091369629e+00,3.973903357982635498e-01,-1.670895099639892578e+00,1.810669183731079102e+00
6.344531774520874023e-01,2.099594593048095703e+00,-9.705184698104858398e-01,-2.005725383758544922e+00,-2.612910270690917969e+00
-4.855726659297943115e-02,2.746564149856567383e+00,-4.948529899120330811e-01,-2.221240282058715820e+00,1.698193430900573730e+00
9.990636259317398071e-02,1.954996824264526367e+00,-3.375347852706909180e-01,1.979234099388122559e+00,6.482194364070892334e-02
-1.156042218208312988e+00,2.584340095520019531e+00,1.658087849617004395e+00,1.585002422332763672e+00,1.157013058662414551e+00
7.670876383781433105e-01,-8.037429451942443848e-01,-1.164169788360595703e+00,-2.970170736312866211e+00,-1.936682820320129395e+00
3.708940371870994568e-02,2.273137092590332031e+00,1.111780762672424316e+00,-2.152076482772827148e+00,-8.147094249725341797e-01
7.577721029520034790e-02,2.615807294845581055e+00,-1.961876302957534790e-01,-1.960425257682800293e+00,-2.815311908721923828e+00
7.073796540498733521e-02,2.615256071090698242e+00,-2.188318669795989990e-01,1.677486538887023926e+00,1.349250674247741699e+00
2.166094183921813965e-01,1.717256188392639160e+00,-4.076054692268371582e-01,1.608315944671630859e+00,-1.195050239562988281e+00
-1.367884397506713867e+00,3.552601039409637451e-01,-1.711328506469726562e+00,2.639297246932983398e+00,1.532899022102355957e+00
-3.935826122760772705e-01,1.384488940238952637e+00,1.583432555198669434e+00,-2.057769298553466797e+00,2.887983620166778564e-01
5.645405650138854980e-01,2.294260978698730469e+00,-1.238295912742614746e+00,-2.390454530715942383e+00,-2.667724847793579102e+00
-1.201304674148559570e+00,9.405295252799987793e-01,1.612104475498199463e-01,4.934630356729030609e-03,-1.300248861312866211e+00
-1.059911370277404785e+00,9.586539864540100098e-01,-2.784617662429809570e+00,3.507629036903381348e-01,2.292077779769897461e+00
-1.196444511413574219e+00,9.463708996772766113e-01,1.320149749517440796e-03,-3.330977559089660645e-01,2.965701580047607422e+00
-1.207246899604797363e+00,9.430080056190490723e-01,2.926358878612518311e-01,-1.394178569316864014e-01,-1.224511861801147461e-01
-5.615324378013610840e-01,9.408197402954101562e-01,2.218814849853515625e+00,-8.520994335412979126e-02,-1.490659415721893311e-01
-1.394834280014038086e+00,9.483550786972045898e-01,-1.621983885765075684e+00,-9.652185440063476562e-02,2.526156663894653320e+00
-1.132531881332397461e+00,9.376533031463623047e-01,1.353842496871948242e+00,-3.642939403653144836e-02,8.747261762619018555e-02
-1.160522460937500000e+00,9.505980014801025391e-01,2.217777669429779053e-01,-5.775425210595130920e-02,-1.989162445068359375e+00
-1.178248524665832520e+00,9.356204867362976074e-01,-1.835084557533264160e-01,-1.289906799793243408e-01,-2.040003061294555664e+00
-1.194751024246215820e+00,9.474751949310302734e-01,-1.206241250038146973e-01,1.570085734128952026e-01,-1.544882535934448242e+00
-1.040782332420349121e+00,9.445534348487854004e-01,-2.498125791549682617e+00,-8.844129741191864014e-02,-3.488829433917999268e-01
-2.072147607803344727e+00,9.508888125419616699e-01,-2.791652917861938477e+00,-3.916596174240112305e-01,2.389619588851928711e+00
-8.144690394401550293e-01,9.427420496940612793e-01,-1.198559165000915527e+00,4.244854301214218140e-02,-1.797208309173583984e+00
-1.196103334426879883e+00,9.418997764587402344e-01,1.184033006429672241e-01,4.834515228867530823e-02,1.964160203933715820e+00
-1.195358753204345703e+00,9.434695839881896973e-01,-7.295127213001251221e-02,-4.147919267416000366e-02,7.404754161834716797e-01
-1.188081741333007812e+00,9.446269869804382324e-01,-2.100310772657394409e-01,-4.333733115345239639e-03,3.614059388637542725e-01
-1.192753195762634277e+00,9.478792548179626465e-01,-9.159954264760017395e-03,-1.505325268954038620e-02,-1.546652555465698242e+00
-1.122145414352416992e+00,9.434295296669006348e-01,-5.017420649528503418e-01,-3.398153930902481079e-02,1.230389952659606934e+00
-1.193061828613281250e+00,9.389123320579528809e-01,5.391494184732437134e-02,-9.539272636175155640e-02,-1.751249194145202637e+00
-1.194947481155395508e+00,9.418646097183227539e-01,4.963309690356254578e-02,-4.842876270413398743e-02,-1.484312057495117188e+00
-1.562390565872192383e+00,9.386127591133117676e-01,-1.191197991371154785e+00,-7.243455201387405396e-02,-2.955662965774536133e+00
-1.204499244689941406e+00,9.510471224784851074e-01,1.300615519285202026e-01,-4.605061560869216919e-02,-1.063321828842163086e-01
-1.195150732994079590e+00,9.374046325683593750e-01,-4.850219935178756714e-02,-8.851234614849090576e-02,-3.269451260566711426e-01
-1.196311950683593750e+00,9.408609867095947266e-01,-4.440267384052276611e-02,-1.235750168561935425e-01,-7.080619931221008301e-01
-1.335465788841247559e+00,9.425139427185058594e-01,-4.752501547336578369e-01,-9.438551962375640869e-02,1.258371353149414062e+00
-1.201720237731933594e+00,9.416200518608093262e-01,7.442362606525421143e-03,7.235299050807952881e-02,-1.881136417388916016e+00
-8.190023303031921387e-01,9.620354175567626953e-01,2.531697034835815430e+00,-1.101622655987739563e-01,4.212850332260131836e-01
-6.692270636558532715e-01,9.401272535324096680e-01,-1.637311697006225586e+00,-7.275233045220375061e-03,-2.210915088653564453e+00
-1.090871810913085938e+00,9.928956627845764160e-01,-6.906246542930603027e-01,-4.329771697521209717e-01,2.418002843856811523e+00
-1.198463320732116699e+00,9.387513995170593262e-01,-4.384613037109375000e-02,-2.305562049150466919e-01,-1.031693577766418457e+00
-1.170570373535156250e+00,9.505200982093811035e-01,1.357147574424743652e+00,1.962592601776123047e+00,2.367958307266235352e+00
-1.202137231826782227e+00,9.454097747802734375e-01,-4.137849807739257812e-02,-4.236083850264549255e-02,-2.438961505889892578e+00
-1.189539790153503418e+00,1.206194281578063965e+00,9.976406395435333252e-02,-7.448675036430358887e-01,2.408390760421752930e+00
-1.194217205047607422e+00,9.381374120712280273e-01,-4.770089872181415558e-03,7.558877021074295044e-02,1.609356045722961426e+00
-1.586043715476989746e+00,9.552535414695739746e-01,-2.044313669204711914e+00,4.461920261383056641e-02,-1.801105022430419922e+00
-1.223438262939453125e+00,1.483532309532165527e+00,9.210915565490722656e-01,1.875384688377380371e+00,-2.717697858810424805e+00
-1.898415327072143555e+00,9.435564875602722168e-01,-1.948298931121826172e+00,5.970433354377746582e-02,-5.909195542335510254e-01
-1.587293028831481934e+00,9.507754445075988770e-01,2.173873186111450195e+00,-7.496298104524612427e-02,-2.135529994964599609e+00
-1.284948587417602539e+00,9.192219376564025879e-01,6.067817807197570801e-01,-4.777347743511199951e-01,7.073218226432800293e-01
-9.142206907272338867e-01,9.491710662841796875e-01,9.713225364685058594e-01,-8.930575847625732422e-02,1.575220704078674316e+00
-1.258973598480224609e+00,6.724842786788940430e-01,4.349689185619354248e-01,1.084001421928405762e+00,2.587126970291137695e+00
-1.133930087089538574e+00,9.430164098739624023e-01,-2.319848388433456421e-01,-5.814633518457412720e-02,4.691876769065856934e-01
-9.523008465766906738e-01,9.424908161163330078e-01,-1.373311042785644531e+00,-1.510473713278770447e-02,1.918423175811767578e+00
-1.010278105735778809e+00,9.742538928985595703e-01,1.778997421264648438e+00,-1.442140936851501465e+00,1.746153116226196289e+00
-9.279567003250122070e-01,9.001489877700805664e-01,-1.328036308288574219e+00,9.550092220306396484e-01,1.701922416687011719e+00
-1.075665354728698730e+00,9.461899995803833008e-01,-8.576335310935974121e-01,4.699181020259857178e-02,7.814867496490478516e-01
-1.185209393501281738e+00,1.098509430885314941e+00,-1.045827031135559082e+00,1.752893328666687012e+00,-2.860127925872802734e+00
-1.202916264533996582e+00,9.458104968070983887e-01,1.155006233602762222e-03,2.598350942134857178e-01,1.065689325332641602e-02
-7.854453325271606445e-01,9.219625592231750488e-01,-2.962360858917236328e+00,6.321825385093688965e-01,-2.037034273147583008e+00
-1.194280385971069336e+00,9.408589005470275879e-01,1.218340359628200531e-03,2.585930824279785156e-01,4.160618484020233154e-01
-1.476196527481079102e+00,2.325263246893882751e-02,-1.211285948753356934e+00,1.061922591179609299e-02,2.031187295913696289e+00
-1.442700862884521484e+00,1.924360543489456177e-02,6.416259706020355225e-02,-5.348619073629379272e-02,-1.662617802619934082e+00
-1.034922242164611816e+00,2.579478733241558075e-02,-1.710703849792480469e+00,-3.334357142448425293e-01,-2.267121315002441406e+00
-1.046683073043823242e+00,2.129750698804855347e-02,2.344000577926635742e+00,-1.612406596541404724e-02,2.060733795166015625e+00
-1.871766746044158936e-01,2.263388223946094513e-02,2.672652721405029297e+00,-1.027290597558021545e-01,-2.192361831665039062e+00
-1.622132182121276855e+00,2.400569245219230652e-02,1.467947840690612793e+00,1.800870895385742188e-01,-1.871727108955383301e+00
-1.343948960304260254e+00,1.992691494524478912e-02,7.939452528953552246e-01,-3.992408514022827148e-01,-1.865223407745361328e+00
-1.504601836204528809e+00,2.017434872686862946e-02,2.297280877828598022e-01,5.974319204688072205e-02,5.115308761596679688e-01
-1.578774690628051758e+00,2.358692139387130737e-02,-1.831770420074462891e+00,-9.713372588157653809e-02,-2.489428520202636719e+00
-1.962696313858032227e+00,1.864466443657875061e-02,-1.153839349746704102e+00,-1.322086900472640991e-03,-2.275312423706054688e+00
-1.283861398696899414e+00,1.535386405885219574e-02,-3.402014076709747314e-01,3.280909731984138489e-02,-1.317804813385009766e+00
-1.303210496902465820e+00,3.382993489503860474e-02,-8.720552921295166016e-01,2.251631915569305420e-01,1.904447913169860840e+00
-2.339696168899536133e+00,2.076007239520549774e-02,2.678637027740478516e+00,7.010300457477569580e-02,6.986496448516845703e-01
-1.443324208259582520e+00,2.985973656177520752e-02,-1.494213659316301346e-02,1.125366017222404480e-01,1.487646222114562988e+00
-1.598881483078002930e+00,1.806788891553878784e-02,6.302201151847839355e-01,4.097665101289749146e-02,-1.013447403907775879e+00
-1.441218852996826172e+00,2.616875059902667999e-02,-2.890939265489578247e-02,6.263707578182220459e-02,-9.449362754821777344e-01
-6.000664830207824707e-01,2.788426913321018219e-02,-1.772108316421508789e+00,-3.419093489646911621e-01,-1.431108474731445312e+00
-1.323892116546630859e+00,-4.677388966083526611e-01,9.634748697280883789e-01,2.474020242691040039e+00,-2.573318481445312500e+00
-1.892500758171081543e+00,1.902654208242893219e-02,-9.908850193023681641e-01,4.196877777576446533e-02,-1.715611934661865234e+00
-1.436604499816894531e+00,2.608113735914230347e-02,-3.850869834423065186e-02,4.231481626629829407e-02,-1.681611537933349609e+00
-1.445062279701232910e+00,1.503924932330846786e-02,2.881076000630855560e-02,-2.336979806423187256e-01,5.534172058105468750e-01
-1.447992444038391113e+00,2.121150493621826172e-02,-2.115382999181747437e-01,3.685501590371131897e-02,1.050411820411682129e+00
-1.668861150741577148e+00,1.938440091907978058e-02,-1.117027282714843750e+00,-5.518101900815963745e-02,-6.447136402130126953e-01
-1.441603302955627441e+00,2.044085785746574402e-02,5.909405276179313660e-02,-3.937630727887153625e-02,2.547461032867431641e+00
-1.592533826828002930e+00,2.447777800261974335e-02,-7.619635462760925293e-01,-8.125264197587966919e-02,1.612159967422485352e+00
-1.442007541656494141e+00,1.825756579637527466e-02,-4.779456928372383118e-02,-6.884527951478958130e-02,4.363122284412384033e-01
-1.560796737670898438e+00,2.506620436906814575e-02,-2.185786664485931396e-01,1.148163825273513794e-01,-1.992149651050567627e-01
-1.621244668960571289e+00,2.010554634034633636e-02,1.768414855003356934e+00,2.379477582871913910e-02,1.068978428840637207e+00
-1.433726429939270020e+00,1.969697698950767517e-02,8.318348228931427002e-02,6.670246273279190063e-02,-2.833400487899780273e+00
-1.231927514076232910e+00,1.800991967320442200e-02,6.462520360946655273e-01,-5.818882584571838379e-02,-1.378258228302001953e+00
-1.759086489677429199e+00,2.280925214290618896e-02,1.463739871978759766e+00,-3.275824487209320068e-01,2.923358678817749023e+00
-1.448997378349304199e+00,2.658741921186447144e-02,1.109986528754234314e-01,-7.555983215570449829e-02,-1.351975202560424805e+00
-1.427736163139343262e+00,-1.174519285559654236e-01,-8.972707986831665039e-01,-1.774039506912231445e+00,-2.426642894744873047e+00
-1.447285771369934082e+00,-6.406302750110626221e-02,1.695361733436584473e-01,-9.485505223274230957e-01,2.883440017700195312e+00
-1.441277146339416504e+00,-5.811627954244613647e-02,1.601966619491577148e-01,7.560881376266479492e-01,-3.573651909828186035e-01
-1.446140885353088379e+00,2.105392143130302429e-02,6.098855286836624146e-03,7.771542668342590332e-02,1.293945908546447754e+00
-1.378428578376770020e+00,2.345037087798118591e-02,-5.297112464904785156e-01,1.030782088637351990e-01,-5.391645431518554688e-01
-1.440171122550964355e+00,1.619928330183029175e-02,-1.808699034154415131e-02,-2.702264580875635147e-03,-7.879780530929565430e-01
-1.443985104560852051e+00,9.408200532197952271e-02,-8.641628921031951904e-02,6.487273573875427246e-01,6.423965096473693848e-04
-1.756304860115051270e+00,2.351446077227592468e-02,-1.435273289680480957e+00,8.000292181968688965e-01,-3.740408420562744141e-01
-1.314765334129333496e+00,-2.749729156494140625e-02,-9.000210165977478027e-01,1.062080621719360352e+00,-1.152943491935729980e+00
-1.446247935295104980e+00,2.351558767259120941e-02,-5.287878960371017456e-02,6.235432624816894531e-02,-2.117553949356079102e+00
-1.304987668991088867e+00,2.059584110975265503e-02,-3.457038998603820801e-01,-3.604335710406303406e-02,1.104108810424804688e+00
-1.285004854202270508e+00,1.554449554532766342e-02,5.194652676582336426e-01,-1.036997735500335693e-01,6.917200982570648193e-02
-1.906316637992858887e+00,1.109309401363134384e-02,-1.864668130874633789e+00,2.221965640783309937e-01,-1.345587253570556641e+00
-1.235339641571044922e+00,1.136271841824054718e-02,-1.036248922348022461e+00,-1.237415552139282227e+00,2.603961229324340820e+00
-1.511360526084899902e+00,2.983072586357593536e-02,1.915710568428039551e-01,-2.413213849067687988e-01,1.183860227465629578e-01
-1.084261298179626465e+00,1.898773200809955597e-02,-1.002346158027648926e+00,3.682123720645904541e-01,-2.079451799392700195e+00
-1.006155371665954590e+00,1.005601789802312851e-02,1.134167075157165527e+00,-1.527130305767059326e-01,-1.526024818420410156e+00
-1.404367923736572266e+00,-3.825128674507141113e-01,-1.631770133972167969e+00,2.322936773300170898e+00,-2.673090100288391113e-01
-2.106640815734863281e+00,-2.388532400131225586e+00,1.862094521522521973e+00,-1.569478750228881836e+00,2.341150045394897461e+00
-1.327692627906799316e+00,-1.398558616638183594e+00,2.303040266036987305e+00,-1.431195378303527832e+00,3.766601085662841797e-01
-1.530615687370300293e+00,-2.061278074979782104e-01,1.638767361640930176e+00,1.931263089179992676e+00,2.685900449752807617e+00
-2.146481037139892578e+00,-2.492436170578002930e+00,-2.241208791732788086e+00,1.749061107635498047e+00,1.085367798805236816e+00
-2.998507499694824219e+00,-2.981386184692382812e-01,1.582557439804077148e+00,2.426526546478271484e+00,1.421078562736511230e+00
1.584894418716430664e+00,2.355600446462631226e-01,2.761010646820068359e+00,2.331230401992797852e+00,2.300490140914916992e+00
-4.472638368606567383e-01,-9.652539491653442383e-01,1.928345441818237305e+00,-1.674772977828979492e+00,2.297697067260742188e+00
1.164321303367614746e+00,-2.034222841262817383e+00,-2.058986425399780273e+00,1.256625175476074219e+00,1.824943542480468750e+00
-2.599665403366088867e+00,-6.759227514266967773e-01,2.356803655624389648e+00,-2.895343542098999023e+00,1.942346930503845215e+00
-1.991444587707519531e+00,4.041503369808197021e-01,-1.626753568649291992e+00,2.266868114471435547e+00,1.563687801361083984e+00
-1.769351124763488770e+00,8.096430897712707520e-01,1.790089130401611328e+00,-2.482196331024169922e+00,1.235234737396240234e+00
-1.109255075454711914e+00,1.380584359169006348e+00,1.945520162582397461e+00,-2.560582160949707031e+00,2.262776613235473633e+00
-3.191070258617401123e-01,-2.180209398269653320e+00,-2.173779726028442383e+00,1.561201810836791992e+00,1.886860609054565430e+00
-1.897257924079895020e+00,1.254096746444702148e+00,2.285470485687255859e+00,2.798181533813476562e+00,9.055922031402587891e-01
2.860637605190277100e-01,-2.277898073196411133e+00,-2.408293485641479492e+00,-1.515960216522216797e+00,1.759934186935424805e+00
-1.685594081878662109e+00,-2.376824378967285156e+00,-2.599128246307373047e+00,-1.015081763267517090e+00,-3.975103497505187988e-01
-9.815043807029724121e-01,-2.675053775310516357e-01,-1.741314053535461426e+00,1.847483515739440918e+00,2.865017175674438477e+00
-2.940194606781005859e+00,1.389338254928588867e+00,-1.150599360466003418e+00,-2.059012889862060547e+00,1.300870418548583984e+00
-2.552246809005737305e+00,-2.363276720046997070e+00,1.337869048118591309e+00,-1.886498212814331055e+00,5.203760862350463867e-01
-1.286660075187683105e+00,-2.349045515060424805e+00,-2.251443862915039062e+00,-2.699460744857788086e+00,-2.771579325199127197e-01
-2.816211938858032227e+00,-1.550592184066772461e+00,1.857674360275268555e+00,-2.333339452743530273e+00,2.491858720779418945e+00
-2.392142534255981445e+00,7.579013705253601074e-01,1.536038875579833984e+00,-2.626549005508422852e+00,1.111026763916015625e+00
-7.891519069671630859e-01,-8.011392354965209961e-01,1.787019610404968262e+00,1.871569514274597168e+00,1.378723978996276855e+00
-1.624609827995300293e+00,-4.229323565959930420e-01,-1.798263072967529297e+00,-1.964977502822875977e+00,1.508125185966491699e+00
-2.089826583862304688e+00,-2.361341953277587891e+00,2.201694488525390625e+00,-1.806179285049438477e+00,1.981825232505798340e+00
-2.971840620040893555e+00,-1.421701312065124512e+00,-1.405004978179931641e+00,-1.899485468864440918e+00,2.196823835372924805e+00
-1.789167165756225586e+00,-2.010089874267578125e+00,-1.043637275695800781e+00,1.010196089744567871e+00,1.024199962615966797e+00
7.614505290985107422e-01,-1.752463459968566895e+00,-2.871585607528686523e+00,-1.299345493316650391e+00,5.221167206764221191e-01
8.594949245452880859e-01,-1.417969346046447754e+00,2.665468215942382812e+00,-1.554755687713623047e+00,4.022752940654754639e-01
1.724614858627319336e+00,-2.115911960601806641e+00,2.492241621017456055e+00,-1.499119997024536133e+00,2.058787345886230469e+00
1.751034259796142578e-01,-2.763247728347778320e+00,-2.211213588714599609e+00,-1.416755795478820801e+00,2.239198923110961914e+00
6.642885208129882812e-01,-1.986085891723632812e+00,2.645142555236816406e+00,1.648589968681335449e+00,2.641216754913330078e+00
1.377134203910827637e+00,-1.395993232727050781e+00,2.894063234329223633e+00,2.194888591766357422e+00,2.047706604003906250e+00
-2.494319528341293335e-02,-2.940588712692260742e+00,-2.214079618453979492e+00,1.708007216453552246e+00,6.603834033012390137e-01
4.040039181709289551e-01,-1.044461250305175781e+00,-2.798223495483398438e+00,2.143442630767822266e+00,2.093609094619750977e+00
-2.232401847839355469e+00,-2.619315624237060547e+00,-1.297816038131713867e+00,-1.289522409439086914e+00,1.429930448532104492e+00
-1.491580009460449219e+00,-2.798173666000366211e+00,-1.782705068588256836e+00,2.288348436355590820e+00,3.651452660560607910e-01
1.365732669830322266e+00,3.259238898754119873e-01,-2.425493478775024414e+00,2.228812456130981445e+00,2.495176076889038086e+00
-2.307340860366821289e+00,-2.489542007446289062e+00,1.119773864746093750e+00,9.541774392127990723e-01,2.222187519073486328e+00
-8.142887949943542480e-01,-1.331878423690795898e+00,-2.243119716644287109e+00,1.402391076087951660e+00,7.155902981758117676e-01
-2.403409957885742188e+00,5.340654850006103516e-01,-2.177451372146606445e+00,-1.753342270851135254e+00,2.553391754627227783e-01
8.461651206016540527e-02,-4.007749259471893311e-01,-2.851321935653686523e+00,-1.956972002983093262e+00,7.089390754699707031e-01
-1.736898779869079590e+00,3.984473943710327148e-01,-2.374261856079101562e+00,1.657389879226684570e+00,3.979170322418212891e-01
-1.060180664062500000e+00,1.282077074050903320e+00,-2.568355321884155273e+00,2.943961381912231445e+00,1.825412869453430176e+00
-1.088868737220764160e+00,-2.539053201675415039e+00,2.441273689270019531e+00,1.625178337097167969e+00,1.290855169296264648e+00
5.151563882827758789e-01,-2.835419416427612305e+00,2.583087205886840820e+00,-1.358861684799194336e+00,2.047106027603149414e+00
-2.800483226776123047e+00,-1.794430136680603027e+00,1.215151429176330566e+00,-1.279668211936950684e+00,9.197345972061157227e-01
1.144472479820251465e+00,-1.971666693687438965e+00,-2.444567680358886719e+00,-1.627372264862060547e+00,1.920159816741943359e+00
-2.824092149734497070e+00,-1.247863888740539551e+00,2.571752071380615234e+00,2.275250673294067383e+00,2.330024242401123047e+00
-2.001572370529174805e+00,-2.413905858993530273e+00,1.498309135437011719e+00,-1.174341440200805664e+00,1.783054113388061523e+00
