-3.998303413391113281e-02,-1.289977312088012695e+00,2.955130338668823242e+00,6.379854679107666016e-01,-2.015349864959716797e+00
-4.461617767810821533e-01,-6.649081110954284668e-01,-2.989116191864013672e+00,-9.793857336044311523e-01,-1.168887376785278320e+00
2.737623453140258789e-01,-1.518231153488159180e+00,2.913699150085449219e+00,1.294452846050262451e-01,2.941212654113769531e+00
1.078936457633972168e+00,-1.581945776939392090e+00,-2.936734437942504883e+00,-7.863264083862304688e-01,-1.013600826263427734e+00
1.040520787239074707e+00,-1.037668704986572266e+00,-2.836134672164916992e+00,8.219339847564697266e-01,-1.433317065238952637e+00
1.836763858795166016e+00,-2.028061866760253906e+00,-2.906323432922363281e+00,-7.491273880004882812e-01,6.860652565956115723e-01
1.048810958862304688e+00,-1.021710991859436035e+00,-2.878027200698852539e+00,-5.953074693679809570e-01,2.386804819107055664e+00
1.803328990936279297e+00,-2.057100534439086914e+00,-2.938858985900878906e+00,-8.658457398414611816e-01,7.367084026336669922e-01
-1.729980707168579102e+00,-1.839414358139038086e+00,2.959294319152832031e+00,-5.572645664215087891e-01,-2.358078479766845703e+00
1.252752542495727539e-01,-1.237729668617248535e+00,2.858808517456054688e+00,3.924769163131713867e-01,1.336330413818359375e+00
3.222132027149200439e-01,-1.880315423011779785e+00,2.813885927200317383e+00,-9.372777938842773438e-01,1.530902981758117676e-01
2.039882659912109375e+00,-1.819326162338256836e+00,2.734482288360595703e+00,3.903565704822540283e-01,1.651774168014526367e+00
2.463969945907592773e+00,-1.507380723953247070e+00,-2.871985673904418945e+00,6.755529046058654785e-01,1.153014898300170898e+00
1.881005764007568359e+00,-1.960779190063476562e+00,2.993376731872558594e+00,8.187630772590637207e-01,-1.537626504898071289e+00
2.563523054122924805e+00,-1.274852156639099121e+00,-2.939306735992431641e+00,4.966783523559570312e-02,-2.049032688140869141e+00
2.557586669921875000e+00,-1.883583784103393555e+00,-2.771863222122192383e+00,7.143569588661193848e-01,8.829641342163085938e-01
9.299499988555908203e-01,-1.013711571693420410e+00,-2.877550363540649414e+00,-6.494148969650268555e-01,1.065998911857604980e+00
2.366333007812500000e+00,-1.814050197601318359e+00,2.748051881790161133e+00,-5.471734404563903809e-01,1.542644262313842773e+00
2.153245508670806885e-01,3.233900070190429688e-01,-2.976044893264770508e+00,1.479777574539184570e+00,-4.971070289611816406e-01
2.317038297653198242e+00,-2.731380224227905273e+00,-2.885545492172241211e+00,-9.316496849060058594e-01,6.557065248489379883e-01
8.888651132583618164e-01,-7.262190580368041992e-01,2.890874862670898438e+00,1.589139699935913086e+00,3.005078434944152832e-01
1.743127465248107910e+00,-2.401623487472534180e+00,2.827784538269042969e+00,1.329109430313110352e+00,5.341098308563232422e-01
8.379569053649902344e-01,-9.073808789253234863e-01,2.946411371231079102e+00,1.580049037933349609e+00,-7.973288297653198242e-01
1.190814852714538574e+00,-6.073871850967407227e-01,2.833669900894165039e+00,1.558524250984191895e+00,2.932006716728210449e-01
2.206453323364257812e+00,2.922133505344390869e-01,2.992594242095947266e+00,-5.645278096199035645e-01,-2.566071748733520508e+00
7.053466439247131348e-01,-1.262747526168823242e+00,2.944933414459228516e+00,2.055140495300292969e+00,-4.007968008518218994e-01
7.657292485237121582e-01,-1.130633234977722168e+00,2.922716617584228516e+00,2.268640756607055664e+00,-3.572091162204742432e-01
2.904289960861206055e+00,-1.547130227088928223e+00,2.968636989593505859e+00,1.615493297576904297e+00,-4.226829707622528076e-01
2.633551836013793945e+00,1.470866918563842773e+00,2.114027500152587891e+00,-2.484978675842285156e+00,-7.523651123046875000e-01
-6.463522464036941528e-02,1.011281490325927734e+00,-2.831043243408203125e+00,1.960216045379638672e+00,-9.451060891151428223e-01
2.521164417266845703e+00,-1.363092422485351562e+00,1.172600030899047852e+00,-1.173123121261596680e+00,-1.055341005325317383e+00
1.858525276184082031e+00,-1.010659813880920410e+00,-2.023818492889404297e+00,-1.760208280757069588e-03,2.265748023986816406e+00
2.516740798950195312e+00,-1.363851547241210938e+00,1.172990441322326660e+00,-1.170490145683288574e+00,-1.056495666503906250e+00
1.860879540443420410e+00,-1.005193710327148438e+00,-2.016228199005126953e+00,-2.218025270849466324e-03,2.267363309860229492e+00
1.864447951316833496e+00,-1.013406157493591309e+00,-2.017242431640625000e+00,-6.318117491900920868e-03,2.268831014633178711e+00
2.521101474761962891e+00,-1.360857844352722168e+00,1.173062682151794434e+00,-1.168898463249206543e+00,-1.052625775337219238e+00
2.522073745727539062e+00,-1.359343767166137695e+00,1.175632119178771973e+00,-1.168093919754028320e+00,-1.051078915596008301e+00
1.854957342147827148e+00,-1.009850740432739258e+00,-2.014425754547119141e+00,-2.923479303717613220e-03,2.264962911605834961e+00
-6.434161216020584106e-02,1.010816931724548340e+00,-2.825143098831176758e+00,1.959547996520996094e+00,-9.501495957374572754e-01
2.107029914855957031e+00,-1.181763768196105957e+00,2.626797914505004883e+00,1.369990587234497070e+00,-6.088215857744216919e-02
1.625344753265380859e+00,-1.242010712623596191e+00,-2.667751073837280273e+00,1.110787868499755859e+00,-1.593955397605895996e+00
-6.405811756849288940e-02,1.012665867805480957e+00,-2.829498052597045898e+00,1.957327246665954590e+00,-9.408875703811645508e-01
-2.473608106374740601e-01,-1.281392931938171387e+00,-2.324772119522094727e+00,-7.226460147649049759e-03,7.958388328552246094e-01
1.627541422843933105e+00,-1.249856591224670410e+00,-2.661145448684692383e+00,1.114513158798217773e+00,-1.589846730232238770e+00
2.047151803970336914e+00,5.772268772125244141e-01,-3.916073560714721680e+00,5.893376469612121582e-01,1.158953905105590820e-01
2.572012901306152344e+00,3.456553816795349121e-01,-3.614070892333984375e+00,9.849041700363159180e-01,5.565056204795837402e-02
2.223575592041015625e+00,-2.410974502563476562e-01,-4.127633571624755859e+00,1.079294919967651367e+00,8.522516489028930664e-01
2.105941295623779297e+00,-1.184965372085571289e+00,2.623200893402099609e+00,1.364815950393676758e+00,-6.149999052286148071e-02
2.102951049804687500e+00,-1.184554576873779297e+00,2.625966548919677734e+00,1.367703437805175781e+00,-6.203795969486236572e-02
2.633416175842285156e+00,1.469868063926696777e+00,2.117058992385864258e+00,-2.490136623382568359e+00,-7.499113678932189941e-01
1.882565021514892578e+00,1.002670288085937500e+00,-3.847028732299804688e+00,1.089581608772277832e+00,1.091923713684082031e+00
-6.208349391818046570e-02,1.008317828178405762e+00,-2.824476242065429688e+00,1.959587097167968750e+00,-9.485306739807128906e-01
-2.424448877573013306e-01,-1.283067822456359863e+00,-2.326169252395629883e+00,-5.778783001005649567e-03,8.015073537826538086e-01
6.611708998680114746e-01,-2.248568058013916016e+00,2.039827823638916016e+00,1.243889331817626953e-02,1.927164435386657715e+00
6.663599610328674316e-01,-2.246492624282836914e+00,2.045868396759033203e+00,1.043661590665578842e-02,1.923710465431213379e+00
6.606248021125793457e-01,-2.244124412536621094e+00,2.039927005767822266e+00,7.030533626675605774e-03,1.923199415206909180e+00
2.417351245880126953e+00,-1.909425854682922363e-01,-2.526383876800537109e+00,-6.911567449569702148e-01,-2.373257637023925781e+00
1.675028920173645020e+00,-1.923839449882507324e+00,-2.337401151657104492e+00,1.676379203796386719e+00,-1.079444527626037598e+00
-2.440062910318374634e-01,-1.290255069732666016e+00,-2.324280977249145508e+00,-4.549284931272268295e-03,8.019618988037109375e-01
2.109292268753051758e+00,-1.183881163597106934e+00,2.619611024856567383e+00,1.369429826736450195e+00,-6.381003558635711670e-02
1.193737268447875977e+00,-1.545360922813415527e+00,-3.162338018417358398e+00,-1.684546232223510742e+00,-7.113909721374511719e-01
9.765710234642028809e-01,-1.451523780822753906e+00,-3.789518356323242188e+00,-1.996077060699462891e+00,1.205928921699523926e-01
1.402525186538696289e+00,-5.082886219024658203e-01,-3.501773834228515625e+00,-1.835376262664794922e+00,-6.911995410919189453e-01
1.224649310111999512e+00,-1.331686019897460938e+00,-3.791437149047851562e+00,-1.746009349822998047e+00,-1.335222482681274414e+00
1.677246689796447754e+00,-1.917448282241821289e+00,-2.336555719375610352e+00,1.676939129829406738e+00,-1.081922292709350586e+00
1.674981236457824707e+00,-1.922020912170410156e+00,-2.345930337905883789e+00,1.675031900405883789e+00,-1.079823732376098633e+00
1.679485917091369629e+00,-1.915322899818420410e+00,-2.340241909027099609e+00,1.674133896827697754e+00,-1.077573657035827637e+00
6.580452919006347656e-01,-2.245093584060668945e+00,2.041505336761474609e+00,6.576296873390674591e-03,1.927493691444396973e+00
1.431224703788757324e+00,-2.110654354095458984e+00,2.045189857482910156e+00,-8.763412833213806152e-01,1.068863272666931152e+00
1.388479590415954590e+00,-8.839561939239501953e-01,-3.199369907379150391e+00,-9.104766845703125000e-01,-2.293149232864379883e+00
-5.555391907691955566e-01,1.521783769130706787e-01,-2.800533056259155273e+00,1.273154616355895996e+00,-2.952193498611450195e+00
2.229693412780761719e+00,-1.480530023574829102e+00,-3.474809646606445312e+00,1.290829300880432129e+00,-1.699657917022705078e+00
3.049600362777709961e+00,-9.638653993606567383e-01,-2.972387552261352539e+00,1.008646607398986816e+00,-1.203559994697570801e+00
1.121029615402221680e+00,2.534224987030029297e-01,-2.852502107620239258e+00,1.888458013534545898e+00,-6.605977416038513184e-01
6.901205778121948242e-01,-1.082421422004699707e+00,-3.089118957519531250e+00,1.814838528633117676e+00,-4.464426338672637939e-01
2.324721515178680420e-01,3.378680348396301270e-01,-2.757975816726684570e+00,7.344295978546142578e-01,-1.106748580932617188e+00
2.012158393859863281e+00,-1.132068753242492676e+00,3.114272832870483398e+00,-1.966263651847839355e+00,1.402986049652099609e+00
2.063346624374389648e+00,-2.764602303504943848e-01,3.058344125747680664e+00,-2.442028760910034180e+00,1.857609748840332031e+00
-6.020293235778808594e-01,-1.329899907112121582e+00,-2.507583141326904297e+00,1.757762312889099121e+00,-2.802925825119018555e+00
2.260219097137451172e+00,-4.166434705257415771e-01,3.438585042953491211e+00,-1.710087537765502930e+00,8.978860378265380859e-01
-4.592906832695007324e-01,8.685914278030395508e-01,-2.904217243194580078e+00,1.535996913909912109e+00,-3.001349687576293945e+00
2.316221475601196289e+00,-2.394685029983520508e+00,-3.690186023712158203e+00,9.965147376060485840e-01,-1.224389314651489258e+00
-2.829883992671966553e-01,9.171785712242126465e-01,-3.249000072479248047e+00,1.496883153915405273e+00,-1.674685478210449219e+00
-5.060870051383972168e-01,1.026490926742553711e+00,-3.385295629501342773e+00,1.552569031715393066e+00,-1.867539405822753906e+00
1.885980367660522461e-02,-2.541005611419677734e+00,-2.581928968429565430e+00,-2.631967701017856598e-02,1.602285981178283691e+00
1.236774444580078125e+00,-2.642226934432983398e+00,-2.288825035095214844e+00,1.727456599473953247e-01,-2.815103530883789062e-02
1.147646307945251465e+00,-2.773822069168090820e+00,-1.967042922973632812e+00,-9.561942219734191895e-01,3.565311133861541748e-01
1.459731101989746094e+00,-1.211681962013244629e+00,-2.534832000732421875e+00,-8.962745666503906250e-01,1.544147133827209473e+00
7.531527280807495117e-01,9.812936782836914062e-01,3.080089092254638672e+00,-1.480666041374206543e+00,6.738586425781250000e-01
1.004251718521118164e+00,1.092472434043884277e+00,2.929216861724853516e+00,-2.411967754364013672e+00,7.297652959823608398e-01
2.717801094055175781e+00,-8.223087191581726074e-01,3.523945808410644531e+00,-2.188441753387451172e+00,8.255971670150756836e-01
2.172604799270629883e+00,-2.098311901092529297e+00,-2.799734115600585938e+00,1.020825386047363281e+00,-1.778842449188232422e+00
1.968488335609436035e+00,-2.207839190959930420e-01,2.912209987640380859e+00,-1.929221987724304199e+00,1.032803297042846680e+00
1.662775397300720215e+00,9.263482093811035156e-01,-3.224657535552978516e+00,-1.471971720457077026e-01,2.263003587722778320e-01
-5.830529332160949707e-01,-8.808025121688842773e-01,-2.851010084152221680e+00,-1.758937835693359375e+00,-2.286316871643066406e+00
1.473119258880615234e+00,-7.562265992164611816e-01,-2.602459192276000977e+00,-1.134234070777893066e+00,9.717824459075927734e-01
2.090447425842285156e+00,1.377850532531738281e+00,-2.887876749038696289e+00,1.939302980899810791e-01,-7.016366720199584961e-02
9.259562492370605469e-01,8.001960068941116333e-02,-2.859859943389892578e+00,-6.079838275909423828e-01,1.296154499053955078e+00
9.125699400901794434e-01,-1.460819244384765625e+00,2.779714345932006836e+00,4.066177010536193848e-01,7.073146104812622070e-01
1.585480213165283203e+00,7.436200976371765137e-01,3.675584793090820312e+00,6.444831192493438721e-02,-1.111106038093566895e+00
