-4.260827302932739258e-01,-2.379747390747070312e+00,-2.936646938323974609e+00,1.670671701431274414e-01,2.487532615661621094e+00
-1.203645467758178711e-01,-2.417199611663818359e+00,-2.698462963104248047e+00,2.223502546548843384e-01,-1.470961689949035645e+00
-9.348716735839843750e-01,-2.606612682342529297e+00,2.367318630218505859e+00,8.630658984184265137e-01,1.962496638298034668e+00
1.967474102973937988e+00,-2.370428562164306641e+00,2.262811422348022461e+00,-3.878789544105529785e-01,1.485821247100830078e+00
2.505421876907348633e+00,-2.378079175949096680e+00,-2.911711215972900391e+00,4.910756349563598633e-01,2.102117538452148438e+00
1.446085453033447266e+00,-2.304576158523559570e+00,2.245435237884521484e+00,2.786060273647308350e-01,-8.541320562362670898e-01
-4.551520049571990967e-01,-2.334395408630371094e+00,-2.431662321090698242e+00,3.600804209709167480e-01,-2.414974212646484375e+00
-1.021246790885925293e+00,-2.465490579605102539e+00,2.492069244384765625e+00,-1.705782264471054077e-01,-2.077433109283447266e+00
5.227792263031005859e-01,-2.415768384933471680e+00,-2.600281476974487305e+00,-2.898409068584442139e-01,4.331591129302978516e-01
-2.088104486465454102e-01,-2.333547592163085938e+00,-2.513882160186767578e+00,5.857889056205749512e-01,2.202275753021240234e+00
-9.022107124328613281e-01,-2.441920518875122070e+00,-2.658009529113769531e+00,1.517565548419952393e-01,-2.064026832580566406e+00
-7.551963329315185547e-01,-2.495078325271606445e+00,-2.480487346649169922e+00,9.586712718009948730e-02,1.164397239685058594e+00
7.962993979454040527e-01,-2.760775089263916016e+00,2.427263259887695312e+00,-4.596671462059020996e-01,-4.193017482757568359e-01
-7.426925301551818848e-01,-2.429000854492187500e+00,2.731109380722045898e+00,-3.437240719795227051e-01,1.407036185264587402e+00
3.371714353561401367e-01,-2.470346450805664062e+00,-2.854391336441040039e+00,-9.541228413581848145e-03,-8.385267257690429688e-01
-5.205792188644409180e-01,-2.348407506942749023e+00,2.700011253356933594e+00,-3.221544623374938965e-01,-2.650233030319213867e+00
2.002084732055664062e+00,-2.411609172821044922e+00,2.694961547851562500e+00,9.903174638748168945e-01,1.345503926277160645e-01
1.110367298126220703e+00,-2.409335613250732422e+00,-2.777491569519042969e+00,-2.310102432966232300e-02,2.231472492218017578e+00
-1.620372384786605835e-01,-2.486626386642456055e+00,2.324237823486328125e+00,2.627274096012115479e-01,-1.108374357223510742e+00
1.039830923080444336e+00,-1.824641227722167969e+00,-2.711091041564941406e+00,2.240864753723144531e+00,8.349055051803588867e-01
-4.453281760215759277e-01,-2.428971052169799805e+00,-2.276989936828613281e+00,-2.953713536262512207e-01,1.177050352096557617e+00
-5.962474346160888672e-01,-2.635872125625610352e+00,2.507768630981445312e+00,-8.760191798210144043e-01,1.717543601989746094e+00
5.997355580329895020e-01,-2.383041620254516602e+00,-2.472514867782592773e+00,3.610910177230834961e-01,-5.170028805732727051e-01
6.076781749725341797e-01,-2.265357732772827148e+00,-2.593647480010986328e+00,1.551042944192886353e-01,3.259325623512268066e-01
-2.441169500350952148e+00,-2.455216884613037109e+00,2.028079509735107422e+00,-6.750712543725967407e-02,1.678655385971069336e+00
-1.237762570381164551e+00,-2.164798021316528320e+00,2.247329473495483398e+00,-7.560773491859436035e-01,1.472724437713623047e+00
1.211428642272949219e+00,-2.156514883041381836e+00,-2.954425096511840820e+00,4.037989974021911621e-01,2.581534385681152344e+00
-1.626696348190307617e+00,-2.250421047210693359e+00,-2.351055622100830078e+00,3.358390927314758301e-01,-1.793126344680786133e+00
-2.308809280395507812e+00,-1.538150072097778320e+00,-1.976438522338867188e+00,-1.031877994537353516e+00,8.069934248924255371e-01
-1.432581424713134766e+00,-2.284101247787475586e+00,1.992457151412963867e+00,4.567688107490539551e-01,4.750003814697265625e-01
-1.988999724388122559e+00,-2.234957218170166016e+00,2.258035898208618164e+00,-2.372440099716186523e-01,-2.282255411148071289e+00
2.224352508783340454e-01,-2.275683403015136719e+00,-2.905765771865844727e+00,5.114867538213729858e-02,-3.285999894142150879e-01
1.410829901695251465e+00,-2.308013677597045898e+00,2.882575511932373047e+00,4.547845423221588135e-01,-1.460153579711914062e+00
-6.616268157958984375e-01,-2.215315580368041992e+00,2.729803323745727539e+00,7.627944350242614746e-01,-7.636046409606933594e-01
4.078135490417480469e-01,-2.379344224929809570e+00,-2.472744464874267578e+00,6.168238520622253418e-01,6.453907489776611328e-01
-3.672999143600463867e-01,-2.297029018402099609e+00,-2.063384056091308594e+00,8.806211948394775391e-01,2.417411804199218750e-01
-7.627198100090026855e-01,-1.206882953643798828e+00,-2.547092199325561523e+00,1.263196945190429688e+00,3.453132510185241699e-02
-1.851885080337524414e+00,-2.153411626815795898e+00,2.143747806549072266e+00,9.787916541099548340e-01,6.515417098999023438e-01
-1.686632275581359863e+00,-2.181597948074340820e+00,-2.593520164489746094e+00,-4.716449379920959473e-01,7.405353784561157227e-01
-2.168565988540649414e+00,-2.372402906417846680e+00,2.515976905822753906e+00,2.899044007062911987e-02,1.077105522155761719e+00
-1.277975440025329590e-01,-2.369283676147460938e+00,-2.567569732666015625e+00,7.113299369812011719e-01,1.167355418205261230e+00
-4.532252550125122070e-01,-2.506536960601806641e+00,-2.914090633392333984e+00,-1.166135668754577637e+00,1.627960681915283203e+00
1.434246599674224854e-01,-2.240643501281738281e+00,-2.964565515518188477e+00,9.379702210426330566e-01,1.393423974514007568e-01
-8.869876265525817871e-01,-2.425912380218505859e+00,-2.086711406707763672e+00,-2.040839940309524536e-01,6.070315837860107422e-03
-2.264692068099975586e+00,-2.161589622497558594e+00,-2.899709463119506836e+00,-1.063423633575439453e+00,1.991687774658203125e+00
-1.233124375343322754e+00,-2.303325414657592773e+00,2.806086301803588867e+00,7.812176942825317383e-01,4.505683183670043945e-01
-3.405458629131317139e-01,-2.481404066085815430e+00,-2.076947450637817383e+00,8.352601528167724609e-02,5.797797441482543945e-01
-1.989029049873352051e+00,-2.320039749145507812e+00,2.303101062774658203e+00,7.402934432029724121e-01,2.549970626831054688e+00
-2.207100391387939453e+00,8.553954958915710449e-01,-1.927618026733398438e+00,2.074131250381469727e+00,2.936443686485290527e-01
3.388904929161071777e-01,-2.180940389633178711e+00,2.658623456954956055e+00,1.079031825065612793e-01,1.700111329555511475e-01
5.421372652053833008e-01,-2.437415361404418945e+00,-2.604019403457641602e+00,1.339029669761657715e-01,2.559762001037597656e-01
-1.679539680480957031e-01,-2.438939332962036133e+00,-2.309671401977539062e+00,-2.253061830997467041e-01,2.539419531822204590e-01
-3.605941534042358398e-01,-2.237642765045166016e+00,-2.331245899200439453e+00,2.909070849418640137e-01,1.941240906715393066e+00
-6.452644467353820801e-01,-2.165441036224365234e+00,2.389086008071899414e+00,6.940548419952392578e-01,2.162442207336425781e+00
-1.359922885894775391e+00,-1.617339491844177246e+00,2.476847887039184570e+00,1.440164566040039062e+00,-3.548233509063720703e-01
-1.307887434959411621e+00,-1.457576870918273926e+00,-2.256175041198730469e+00,1.081422686576843262e+00,1.572483479976654053e-01
-1.499694347381591797e+00,-2.359607696533203125e+00,1.949328899383544922e+00,-4.285427927970886230e-01,9.121881723403930664e-01
-1.546386957168579102e+00,-2.179479598999023438e+00,-2.470804929733276367e+00,-9.512369334697723389e-02,-2.553035497665405273e+00
-1.450171470642089844e+00,-2.334933519363403320e+00,-2.796732664108276367e+00,2.201285362243652344e-01,1.344101190567016602e+00
-3.227409720420837402e-01,-2.297096729278564453e+00,2.319970846176147461e+00,-9.328782558441162109e-02,3.046989142894744873e-01
-1.654480576515197754e+00,-2.184723377227783203e+00,-2.029359579086303711e+00,2.590636610984802246e-01,-9.636278748512268066e-01
-2.363503456115722656e+00,-2.226819753646850586e+00,-2.282892942428588867e+00,1.367387920618057251e-01,-2.387321233749389648e+00
-2.477709770202636719e+00,-2.416456699371337891e+00,2.969334125518798828e+00,-3.817554190754890442e-02,-1.644448757171630859e+00
-2.569865703582763672e+00,-2.289939880371093750e+00,2.940811157226562500e+00,1.675057560205459595e-01,-1.583741188049316406e+00
-1.302216053009033203e-01,-2.165908336639404297e+00,-2.117380142211914062e+00,1.672707051038742065e-01,2.039761543273925781e+00
-7.009206414222717285e-01,-2.275887727737426758e+00,-2.693762779235839844e+00,-5.779895782470703125e-01,1.464030861854553223e+00
4.929478764533996582e-01,-2.359155893325805664e+00,-2.698932886123657227e+00,4.424499571323394775e-01,1.824070692062377930e+00
-1.321101188659667969e+00,-2.385725021362304688e+00,2.314996242523193359e+00,-2.311615943908691406e-01,1.217214584350585938e+00
-6.082142591476440430e-01,-2.346909284591674805e+00,2.520055532455444336e+00,-8.881635069847106934e-01,-3.808251619338989258e-01
1.427243709564208984e+00,-2.181952714920043945e+00,-2.761487483978271484e+00,-3.391464352607727051e-01,-2.065883636474609375e+00
-1.676407814025878906e+00,-2.313683509826660156e+00,-2.982519388198852539e+00,6.266874074935913086e-02,1.260066509246826172e+00
-1.407414913177490234e+00,-2.365863800048828125e+00,2.023380994796752930e+00,-2.102067768573760986e-01,3.094605803489685059e-01
4.724203944206237793e-01,-1.319157481193542480e+00,2.707336664199829102e+00,-1.789584159851074219e+00,7.565407752990722656e-01
-8.424325585365295410e-01,-1.511247158050537109e+00,-2.013779640197753906e+00,8.366738557815551758e-01,9.562066793441772461e-01
-2.010561227798461914e+00,-2.287347078323364258e+00,-2.684547424316406250e+00,2.840522229671478271e-01,2.150073289871215820e+00
-5.600651502609252930e-01,-2.146437168121337891e+00,2.145249605178833008e+00,-6.168638467788696289e-01,2.092417240142822266e+00
6.736465096473693848e-01,-2.362140655517578125e+00,2.738662481307983398e+00,-3.566707968711853027e-01,1.576276063919067383e+00
-7.775726914405822754e-01,1.327338933944702148e+00,-2.516167163848876953e+00,2.225133180618286133e+00,-1.260525584220886230e-01
-1.523368120193481445e+00,1.474577665328979492e+00,-2.977177143096923828e+00,2.389714002609252930e+00,5.868085622787475586e-01
-2.421495437622070312e+00,-1.392768979072570801e+00,-2.573045492172241211e+00,-1.316994190216064453e+00,-7.054448127746582031e-02
-2.942490339279174805e+00,-6.731875538825988770e-01,-2.386182069778442383e+00,1.081652641296386719e+00,1.219510555267333984e+00
-1.051860332489013672e+00,-1.388174295425415039e+00,2.713758468627929688e+00,7.557486295700073242e-01,8.414085507392883301e-01
-2.886146306991577148e-03,-1.421223402023315430e+00,-2.986953258514404297e+00,6.203195452690124512e-01,5.501359105110168457e-01
-1.900398731231689453e-02,-2.215162515640258789e+00,2.776303529739379883e+00,7.439852356910705566e-01,1.437564611434936523e+00
-2.208548545837402344e+00,-1.516519904136657715e+00,2.994018077850341797e+00,-8.547350764274597168e-01,1.195324063301086426e+00
-1.175965070724487305e+00,2.881922245025634766e+00,2.689716815948486328e+00,2.439288139343261719e+00,6.281644105911254883e-01
-1.672526478767395020e+00,-2.132746696472167969e+00,2.394906282424926758e+00,5.426092743873596191e-01,1.131985187530517578e+00
-6.586898565292358398e-01,-2.561346054077148438e+00,-2.620712995529174805e+00,1.127424091100692749e-01,-2.693983018398284912e-01
-8.091010451316833496e-01,-1.622957229614257812e+00,2.373257160186767578e+00,-4.418687820434570312e-01,1.475756764411926270e+00
-4.966455698013305664e-01,1.320796012878417969e+00,-2.590251684188842773e+00,-1.965731143951416016e+00,1.106701374053955078e+00
3.221704065799713135e-01,-5.432926416397094727e-01,2.411271810531616211e+00,1.034702658653259277e+00,1.424037933349609375e+00
-9.215681552886962891e-01,-2.912783145904541016e+00,-2.666397809982299805e+00,9.370141029357910156e-01,2.574511528015136719e+00
1.423027276992797852e+00,-2.204258918762207031e+00,-2.632836818695068359e+00,1.513918787240982056e-01,1.578263044357299805e-01
-2.349529504776000977e+00,-6.835662126541137695e-01,-2.948411941528320312e+00,2.124414920806884766e+00,1.688793182373046875e+00
-3.204336762428283691e-01,-2.032570838928222656e+00,2.612792968750000000e+00,1.721683621406555176e+00,-9.085663557052612305e-01
-1.666550040245056152e-01,-1.584972977638244629e+00,2.094901561737060547e+00,-3.321052193641662598e-01,1.938595533370971680e+00
-8.947302699089050293e-01,-1.463122367858886719e+00,2.307503461837768555e+00,-6.587001085281372070e-01,1.996142983436584473e+00
1.980617046356201172e-01,-1.280077695846557617e+00,2.693071842193603516e+00,2.943125486373901367e+00,-3.343124389648437500e-01
-2.493854522705078125e+00,-1.833644628524780273e+00,-2.538811445236206055e+00,-1.934767961502075195e-01,2.078934907913208008e+00
-2.868236541748046875e+00,-2.169842004776000977e+00,2.494297027587890625e+00,-9.926580190658569336e-01,1.050236463546752930e+00
-7.003408670425415039e-02,-1.243838667869567871e+00,3.064906597137451172e+00,-5.364130735397338867e-01,8.975996971130371094e-01
-5.714606046676635742e-01,6.461051702499389648e-01,-2.868443250656127930e+00,-1.415302991867065430e+00,1.014926195144653320e+00
-1.748349905014038086e+00,-4.263828277587890625e+00,3.493260383605957031e+00,-7.556831240653991699e-01,8.519364595413208008e-01
-8.109331727027893066e-01,-6.177442073822021484e-01,2.505998611450195312e+00,2.335436344146728516e+00,3.317021429538726807e-01
-1.197489857673645020e+00,-6.407477855682373047e-01,2.631794929504394531e+00,-9.383929371833801270e-01,-3.104841113090515137e-01
-1.090640068054199219e+00,-1.151786088943481445e+00,-2.885303258895874023e+00,1.483351588249206543e+00,1.085148751735687256e-01
-2.660893440246582031e+00,1.586187601089477539e+00,2.461010694503784180e+00,2.338929891586303711e+00,4.646470770239830017e-02
-3.001506090164184570e+00,1.546440124511718750e+00,3.517971992492675781e+00,2.729157447814941406e+00,1.720571219921112061e-01
-8.973673582077026367e-01,1.415554642677307129e+00,-3.141789913177490234e+00,-2.090204477310180664e+00,1.041070461273193359e+00
2.991193532943725586e-02,-5.572374165058135986e-02,-3.332059621810913086e+00,-1.228201627731323242e+00,1.083718180656433105e+00
-3.119286060333251953e+00,-2.100968599319458008e+00,-2.420237541198730469e+00,1.409244775772094727e+00,1.189211010932922363e+00
-1.796312332153320312e+00,-2.732372045516967773e+00,-2.813657522201538086e+00,4.301198422908782959e-01,6.130444407463073730e-01
-1.931392908096313477e+00,4.484861791133880615e-01,3.188101053237915039e+00,2.071415185928344727e+00,1.202682971954345703e+00
-3.221242427825927734e+00,1.416526913642883301e+00,2.912473440170288086e+00,2.419404029846191406e+00,6.748886108398437500e-01
-1.155711174011230469e+00,-1.617731332778930664e+00,3.471140384674072266e+00,2.695240974426269531e+00,-1.140092611312866211e-01
-2.660516202449798584e-01,-1.356287747621536255e-01,3.307069063186645508e+00,1.677449226379394531e+00,-3.583047688007354736e-01
-8.583980798721313477e-02,-4.039709568023681641e-01,3.384749174118041992e+00,-1.900068283081054688e+00,1.619805574417114258e+00
-1.388791322708129883e+00,-4.733473658561706543e-01,2.991487741470336914e+00,-2.494510173797607422e+00,-4.757319688796997070e-01
7.012641429901123047e-01,-2.669810771942138672e+00,2.642011404037475586e+00,-1.544651985168457031e+00,1.724101603031158447e-01
4.693841934204101562e-01,-1.905007362365722656e+00,3.112555503845214844e+00,1.257048964500427246e+00,2.431839227676391602e+00
3.957045078277587891e-02,-1.720107793807983398e+00,2.324237585067749023e+00,7.533371448516845703e-01,1.870684623718261719e+00
-2.326621055603027344e+00,4.595882892608642578e-01,3.091497421264648438e+00,-2.790719509124755859e+00,1.460349678993225098e+00
-1.883009433746337891e+00,-3.815405368804931641e-01,2.813258886337280273e+00,-2.267979860305786133e+00,-5.446105003356933594e-01
-7.139745950698852539e-01,1.524073600769042969e+00,2.694806337356567383e+00,3.129956245422363281e+00,4.799831509590148926e-01
1.056187391281127930e+00,-1.077023148536682129e+00,2.563456535339355469e+00,-7.253285646438598633e-01,2.911990165710449219e+00
-2.359781265258789062e-01,-2.087032318115234375e+00,-3.031370639801025391e+00,-1.511559009552001953e+00,2.008271217346191406e-01
4.774803817272186279e-01,-1.253218531608581543e+00,-3.210002422332763672e+00,-2.068191528320312500e+00,9.449484348297119141e-01
-7.855616211891174316e-01,7.008779048919677734e-01,3.357440710067749023e+00,-3.240160226821899414e+00,1.215414404869079590e+00
-2.425695896148681641e+00,1.126135587692260742e-01,3.722954750061035156e+00,2.673788785934448242e+00,1.652415513992309570e+00
-2.310670852661132812e+00,-2.018866300582885742e+00,3.059720516204833984e+00,2.519844174385070801e-01,9.558039903640747070e-02
-2.759771347045898438e+00,1.454423546791076660e+00,2.904757499694824219e+00,2.299342870712280273e+00,-3.731177151203155518e-01
-2.466769695281982422e+00,-1.201212286949157715e+00,2.472110986709594727e+00,2.608572483062744141e+00,5.166418552398681641e-01
-3.130201101303100586e+00,1.401893854141235352e+00,3.337396860122680664e+00,-2.465634584426879883e+00,1.157362103462219238e+00
3.799188435077667236e-01,-2.158126115798950195e+00,-3.556723833084106445e+00,-5.879753828048706055e-01,1.411157846450805664e-01
4.203616976737976074e-01,-2.632449150085449219e+00,-2.484416246414184570e+00,-5.270209908485412598e-01,1.474097728729248047e+00
1.077504158020019531e-01,6.879246234893798828e-01,-2.455107927322387695e+00,-1.946907043457031250e+00,1.011233806610107422e+00
9.434318542480468750e-02,2.578535079956054688e+00,3.196239709854125977e+00,-2.927422761917114258e+00,1.541042804718017578e+00
-3.642804145812988281e+00,-1.288082838058471680e+00,3.624716281890869141e+00,2.565343141555786133e+00,5.510241985321044922e-01
-1.075107455253601074e+00,-1.300194501876831055e+00,-2.647516965866088867e+00,-1.368722796440124512e+00,2.035848140716552734e+00
-1.077679276466369629e+00,-1.301376342773437500e+00,-2.651051759719848633e+00,-1.365367889404296875e+00,2.029455900192260742e+00
-1.924027085304260254e+00,-3.043303787708282471e-01,-2.936249256134033203e+00,-1.873062014579772949e+00,1.032550454139709473e+00
-1.926570653915405273e+00,-3.001820445060729980e-01,-2.936605691909790039e+00,-1.873762130737304688e+00,1.030679821968078613e+00
-1.719936847686767578e+00,9.700975418090820312e-01,-2.613417387008666992e+00,1.833680272102355957e+00,5.614052414894104004e-01
-1.719450592994689941e+00,9.707210063934326172e-01,-2.609300613403320312e+00,1.838470458984375000e+00,5.566720962524414062e-01
-1.771094560623168945e+00,-1.377895236015319824e+00,3.206713199615478516e+00,-1.537661910057067871e+00,1.974160671234130859e+00
-2.429517507553100586e+00,-1.565828323364257812e+00,-3.488069534301757812e+00,1.485525369644165039e+00,1.074108362197875977e+00
-2.149540185928344727e+00,-1.142996072769165039e+00,-3.334872484207153320e+00,1.400227069854736328e+00,1.857468724250793457e+00
-3.057977676391601562e+00,-2.132587909698486328e+00,3.075816392898559570e+00,3.052255213260650635e-01,1.146797895431518555e+00
-3.075425148010253906e+00,-2.604895830154418945e+00,2.600323677062988281e+00,-1.923668384552001953e-02,1.309945583343505859e+00
-1.914245843887329102e+00,-1.436010479927062988e+00,3.108201026916503906e+00,-1.317816138267517090e+00,-1.888471245765686035e-01
-9.902753829956054688e-01,-1.607432723045349121e+00,3.491981029510498047e+00,2.199674129486083984e+00,9.416590332984924316e-01
-1.366307020187377930e+00,-1.988782525062561035e+00,-3.429140090942382812e+00,3.822564333677291870e-02,-4.121570587158203125e-01
-5.282167792320251465e-01,-1.498806238174438477e+00,-3.772646427154541016e+00,-5.990020632743835449e-01,-2.241321206092834473e-01
-2.076751947402954102e+00,1.215809106826782227e+00,-2.969491720199584961e+00,2.196428775787353516e+00,5.492543578147888184e-01
-2.076022863388061523e+00,1.219634890556335449e+00,-2.970089912414550781e+00,2.200987339019775391e+00,5.435881614685058594e-01
5.230720043182373047e-01,-4.064877629280090332e-01,2.657231807708740234e+00,1.861641168594360352e+00,7.660898566246032715e-01
5.214436054229736328e-01,-4.059677720069885254e-01,2.662155628204345703e+00,1.863426566123962402e+00,7.587902545928955078e-01
-1.710644125938415527e+00,-1.946207761764526367e+00,2.779265403747558594e+00,-1.025731563568115234e+00,1.430794119834899902e+00
-1.714825272560119629e+00,-1.944996476173400879e+00,2.775413513183593750e+00,-1.022745966911315918e+00,1.429611563682556152e+00
-2.376097679138183594e+00,-4.001371383666992188e+00,-3.767202854156494141e+00,1.006903529167175293e+00,-3.480030596256256104e-01
-1.499055266380310059e+00,-3.100125074386596680e+00,-3.424592971801757812e+00,1.700985193252563477e+00,-4.546479880809783936e-01
-1.015480279922485352e+00,-2.534396886825561523e+00,2.754864692687988281e+00,6.258611679077148438e-01,-9.607549309730529785e-01
-2.022857666015625000e+00,-3.214951753616333008e+00,2.332444667816162109e+00,-4.259521961212158203e-01,-1.939152359962463379e+00
-2.793880701065063477e+00,1.662207603454589844e+00,2.605640411376953125e+00,-2.619296073913574219e+00,8.477585911750793457e-01
-3.343385696411132812e+00,1.461837410926818848e+00,2.331110000610351562e+00,-2.561222076416015625e+00,7.907999753952026367e-01
1.088345885276794434e+00,-2.063229799270629883e+00,-2.818216323852539062e+00,-7.159471511840820312e-01,5.642167925834655762e-01
-9.488475322723388672e-01,-6.395926475524902344e-01,2.718564987182617188e+00,-1.237449645996093750e+00,8.393568992614746094e-01
2.185589075088500977e-02,-2.038535118103027344e+00,2.970101356506347656e+00,-1.843012571334838867e+00,4.642054736614227295e-01
-1.914548635482788086e+00,-2.122781753540039062e+00,-2.695961713790893555e+00,-1.686800003051757812e+00,-4.445731639862060547e-02
-1.054885983467102051e+00,-1.756780147552490234e+00,-2.539497137069702148e+00,-1.694060206413269043e+00,-2.690032720565795898e-01
-1.323682785034179688e+00,-2.949253559112548828e+00,2.805859088897705078e+00,-6.008765697479248047e-01,-1.371455192565917969e+00
-1.725178122520446777e+00,2.045246601104736328e+00,2.945948600769042969e+00,-2.982783317565917969e+00,1.369929552078247070e+00
8.274943828582763672e-01,-1.219846606254577637e+00,3.837743759155273438e+00,8.209518194198608398e-01,5.108847022056579590e-01
-8.938572406768798828e-01,-3.568960189819335938e+00,3.785148382186889648e+00,-1.712631702423095703e+00,4.473068714141845703e-01
2.101406455039978027e-01,-2.988149166107177734e+00,3.433173418045043945e+00,-1.169423937797546387e+00,-2.070059627294540405e-01
-2.384955644607543945e+00,-2.347890853881835938e+00,2.568218469619750977e+00,-2.492769718170166016e+00,5.042983293533325195e-01
-1.168751716613769531e+00,-1.744982719421386719e+00,2.987351894378662109e+00,-2.632831633090972900e-01,2.489930629730224609e+00
-2.157801151275634766e+00,-1.451638460159301758e+00,-3.791612863540649414e+00,-2.417287588119506836e+00,1.382430315017700195e+00
-3.807819843292236328e+00,-5.750834941864013672e-01,-3.723567485809326172e+00,-1.263395428657531738e+00,1.012818574905395508e+00
-7.991629838943481445e-01,-1.495144605636596680e+00,3.241393327713012695e+00,-1.093590259552001953e+00,9.908876419067382812e-01
-8.553905487060546875e-01,2.338301897048950195e+00,3.098295211791992188e+00,-2.952949762344360352e+00,5.049465298652648926e-01
-2.057174444198608398e+00,2.468307256698608398e+00,3.523193120956420898e+00,-2.698465585708618164e+00,-8.630104362964630127e-02
-5.107709765434265137e-01,-1.294395327568054199e+00,2.890087127685546875e+00,-1.633834838867187500e+00,3.026018142700195312e-01
-4.708589017391204834e-01,-6.793766021728515625e-01,2.813494443893432617e+00,-1.697587966918945312e+00,4.371621012687683105e-01
7.497111558914184570e-01,6.495923995971679688e-01,-3.964224338531494141e+00,-1.557292222976684570e+00,8.907617330551147461e-01
-7.918322086334228516e-01,-1.499580502510070801e+00,2.635285615921020508e+00,1.987375974655151367e+00,-3.624844551086425781e-01
-2.944471836090087891e+00,-1.493477821350097656e+00,-3.547108411788940430e+00,9.530030488967895508e-01,7.430230379104614258e-01
-2.433370113372802734e+00,-2.787433147430419922e+00,-2.816744565963745117e+00,1.058560490608215332e+00,1.416183948516845703e+00
1.363143682479858398e+00,-8.112181425094604492e-01,-3.288072109222412109e+00,-2.101181507110595703e+00,1.144520998001098633e+00
-2.162656188011169434e-01,-2.139118671417236328e+00,-3.495233058929443359e+00,-1.591613054275512695e+00,1.612215042114257812e+00
-2.182111978530883789e+00,-1.220758080482482910e+00,2.258671522140502930e+00,-1.871549844741821289e+00,9.377392530441284180e-01
-2.777186393737792969e+00,-2.076732397079467773e+00,-2.318050861358642578e+00,-2.111560106277465820e-01,-1.800556421279907227e+00
8.200201988220214844e-01,-1.958578824996948242e+00,-3.299557924270629883e+00,-2.850897073745727539e+00,4.621246457099914551e-02
-3.104527473449707031e+00,-9.177507758140563965e-01,-3.217662096023559570e+00,-1.092223525047302246e+00,2.978352010250091553e-01
-2.974372386932373047e+00,-1.876291334629058838e-01,-2.909168481826782227e+00,-2.660233736038208008e+00,-4.248206317424774170e-02
7.628843784332275391e-01,1.600469946861267090e-01,-2.468207359313964844e+00,1.127381801605224609e+00,3.794163465499877930e-01
1.913723707199096680e+00,3.241792321205139160e-01,-2.594231128692626953e+00,2.051306486129760742e+00,1.505926251411437988e-01
1.289281606674194336e+00,-1.338165879249572754e+00,-3.085133552551269531e+00,1.203674793243408203e+00,6.121548414230346680e-01
-7.960883527994155884e-02,-3.055847167968750000e+00,-2.773213386535644531e+00,-1.652639746665954590e+00,3.622983396053314209e-01
-8.653762340545654297e-01,-3.182256221771240234e-01,3.181907415390014648e+00,-1.550463080406188965e+00,1.952356994152069092e-01
-1.215363264083862305e+00,1.736442089080810547e+00,3.394084453582763672e+00,-1.469983339309692383e+00,7.657949626445770264e-02
1.152543067932128906e+00,-1.104145288467407227e+00,3.306739091873168945e+00,-7.057431936264038086e-01,2.400521278381347656e+00
-5.760247707366943359e-01,-9.359576702117919922e-01,2.687081813812255859e+00,-1.746540307998657227e+00,-3.423177599906921387e-01
-2.391139507293701172e+00,-1.972069025039672852e+00,2.871890783309936523e+00,-1.626365661621093750e+00,9.910852313041687012e-01
2.312039852142333984e+00,-3.829212784767150879e-01,-3.269169807434082031e+00,2.785388946533203125e+00,9.645082354545593262e-01
-2.677217960357666016e+00,-1.919411778450012207e+00,2.547489643096923828e+00,8.001222610473632812e-01,1.069185614585876465e+00
-2.246551036834716797e+00,1.188228011131286621e+00,2.924277067184448242e+00,1.958682060241699219e+00,5.692096948623657227e-01
-6.884750723838806152e-01,-1.433278679847717285e+00,-2.876870393753051758e+00,-1.198344826698303223e+00,2.278458476066589355e-01
-2.283008575439453125e+00,-9.924483895301818848e-01,-2.604009628295898438e+00,1.119866847991943359e+00,1.205885171890258789e+00
-2.036814928054809570e+00,-1.658890247344970703e+00,-2.528018951416015625e+00,-4.095742106437683105e-01,1.035605907440185547e+00
-2.834041595458984375e+00,-2.905891895294189453e+00,2.603496313095092773e+00,-2.595711350440979004e-01,1.102969408035278320e+00
-2.098666191101074219e+00,-8.990459442138671875e-01,2.901473045349121094e+00,1.737131714820861816e+00,2.852619290351867676e-01
-2.252653598785400391e+00,7.035422921180725098e-01,2.393532752990722656e+00,2.103278398513793945e+00,1.196768999099731445e+00
-1.478219509124755859e+00,8.150063753128051758e-01,-2.969606876373291016e+00,-1.611644744873046875e+00,8.348039388656616211e-01
-1.596406459808349609e+00,-1.492689013481140137e+00,-2.704085111618041992e+00,-1.416897654533386230e+00,8.495986461639404297e-01
-8.394631743431091309e-01,1.695303320884704590e+00,2.678794145584106445e+00,-1.474836587905883789e+00,1.070702597498893738e-01
-1.829670429229736328e+00,-8.464325666427612305e-01,-2.799492597579956055e+00,2.041912555694580078e+00,5.868505239486694336e-01
-1.152739048004150391e+00,-9.634325504302978516e-01,2.814340353012084961e+00,-8.109681010246276855e-01,1.552764654159545898e+00
-2.561439514160156250e+00,-1.892249822616577148e+00,2.934906482696533203e+00,-1.130602598190307617e+00,-4.614906311035156250e-01
-2.759974479675292969e+00,-1.584226250648498535e+00,2.576038360595703125e+00,-8.330441713333129883e-01,5.182501673698425293e-01
-2.452012062072753906e+00,-1.515909910202026367e+00,-2.604630708694458008e+00,-1.550538897514343262e+00,8.140922784805297852e-01
-2.002300739288330078e+00,-2.733564615249633789e+00,2.801133394241333008e+00,-1.401906490325927734e+00,1.253941297531127930e+00
-1.893487095832824707e+00,-1.486512780189514160e+00,2.593655347824096680e+00,2.453399181365966797e+00,8.820712566375732422e-01
-8.399128317832946777e-01,-9.184077978134155273e-01,2.977399826049804688e+00,1.669860363006591797e+00,-4.123643934726715088e-01
-7.672761082649230957e-01,-9.267550706863403320e-01,-2.944388151168823242e+00,-1.696535110473632812e+00,1.354516744613647461e+00
-8.392671346664428711e-01,1.575665473937988281e-01,2.626808881759643555e+00,-1.076506495475769043e+00,6.511976718902587891e-01
-1.461265683174133301e+00,-1.852872371673583984e+00,2.820980310440063477e+00,-9.829660058021545410e-01,1.476655244827270508e+00
-1.834950685501098633e+00,-2.249192714691162109e+00,2.298260211944580078e+00,-3.100069463253021240e-01,-6.389669775962829590e-01
-7.311865091323852539e-01,-6.261235475540161133e-01,2.982443094253540039e+00,-1.653276443481445312e+00,1.129623889923095703e+00
-2.283503055572509766e+00,-2.735015153884887695e+00,2.197124481201171875e+00,-9.418791532516479492e-02,1.673498153686523438e+00
-1.989495635032653809e+00,-1.185847520828247070e+00,-2.138858556747436523e+00,-6.662386059761047363e-01,8.878035545349121094e-01
-2.582490921020507812e+00,-1.047860980033874512e+00,-1.999452352523803711e+00,-8.489669561386108398e-01,5.987433791160583496e-01
-6.774454116821289062e-01,-1.325119733810424805e-01,2.915360212326049805e+00,-1.892864346504211426e+00,1.492093682289123535e+00
5.380606055259704590e-01,-1.108535647392272949e+00,2.939750909805297852e+00,-1.292810678482055664e+00,4.786626696586608887e-01
-1.264202833175659180e+00,-2.488214015960693359e+00,-2.330501794815063477e+00,-2.298896908760070801e-01,-1.918451488018035889e-01
-9.485259652137756348e-01,-2.143098354339599609e+00,-2.272738218307495117e+00,-9.407845139503479004e-02,6.407189369201660156e-02
-8.251081705093383789e-01,-2.067384719848632812e+00,2.511381387710571289e+00,-9.245617389678955078e-01,1.266615629196166992e+00
-1.151247978210449219e+00,-2.381137371063232422e+00,-2.540658712387084961e+00,-6.739269495010375977e-01,-3.727903366088867188e-01
1.918004274368286133e+00,-2.431263208389282227e+00,-2.639840126037597656e+00,-4.506944715976715088e-01,-4.616557061672210693e-01
-9.136297702789306641e-01,-3.113604485988616943e-01,2.818864583969116211e+00,-1.207292437553405762e+00,1.084113717079162598e+00
-1.647088766098022461e+00,-1.896136701107025146e-01,-2.306940793991088867e+00,-1.539802074432373047e+00,4.888188838958740234e-02
9.111903309822082520e-01,-1.266694188117980957e+00,-2.828310012817382812e+00,-9.735445976257324219e-01,1.556410789489746094e+00
-8.042127490043640137e-01,-2.563741445541381836e+00,-2.480790615081787109e+00,4.530031681060791016e-01,-5.210929512977600098e-01
-5.813962221145629883e-01,-2.073829174041748047e+00,-2.646427154541015625e+00,1.737785935401916504e-01,-2.342441082000732422e-01
-1.424397349357604980e+00,-2.277696609497070312e+00,2.410949945449829102e+00,5.701971650123596191e-01,-1.976472139358520508e-01
-5.179014205932617188e-01,-6.081652641296386719e-01,2.805322408676147461e+00,1.020627856254577637e+00,1.182367324829101562e+00
8.901187181472778320e-01,-1.042220890522003174e-01,-2.658411264419555664e+00,-1.436836004257202148e+00,1.130624294281005859e+00
-2.344933509826660156e+00,-2.950881481170654297e+00,-1.948738217353820801e+00,-4.459743797779083252e-01,-1.492805719375610352e+00
-2.545186996459960938e+00,-2.085572242736816406e+00,-2.083595752716064453e+00,5.031226277351379395e-01,4.383868873119354248e-01
-4.687069654464721680e-01,-1.247795701026916504e+00,2.967501163482666016e+00,1.368230700492858887e+00,-5.258516073226928711e-01
1.525933504104614258e+00,-2.464341878890991211e+00,-2.550932168960571289e+00,-8.197119235992431641e-01,1.795090198516845703e+00
-1.436453342437744141e+00,-3.768315315246582031e-01,-2.398958921432495117e+00,-1.255795478820800781e+00,9.404760003089904785e-01
-1.438444852828979492e+00,1.567189574241638184e+00,-2.983337402343750000e+00,2.407850503921508789e+00,4.990524053573608398e-01
1.066789627075195312e+00,-2.543542385101318359e+00,2.390407085418701172e+00,-1.819927096366882324e-01,2.131720542907714844e+00
-5.954160690307617188e-01,-1.356143951416015625e+00,2.628422498703002930e+00,6.886364221572875977e-01,1.406901597976684570e+00
-1.488882660865783691e+00,1.111180186271667480e+00,-2.544352531433105469e+00,1.209139823913574219e+00,2.077630162239074707e-01
8.556863069534301758e-01,-3.833044171333312988e-01,2.488296985626220703e+00,-1.126274585723876953e+00,1.180408716201782227e+00
-2.437426745891571045e-01,-2.267597913742065430e+00,-2.335812807083129883e+00,-9.495477676391601562e-01,7.867720127105712891e-01
2.030636310577392578e+00,-1.533095479011535645e+00,-2.695798158645629883e+00,5.769670009613037109e-01,3.912169337272644043e-01
-1.014347791671752930e+00,-4.871282279491424561e-01,2.419017553329467773e+00,-1.029582023620605469e+00,1.082909107208251953e+00
-8.031561970710754395e-03,-4.837650060653686523e-01,-2.697511672973632812e+00,-9.970813989639282227e-01,1.011985659599304199e+00
-1.970732212066650391e-02,1.359011530876159668e-01,-2.503099918365478516e+00,1.482549071311950684e+00,6.502925157546997070e-01
-2.544236421585083008e+00,-2.600802898406982422e+00,2.938286781311035156e+00,4.104306101799011230e-01,-1.192604422569274902e+00
2.718010902404785156e+00,-1.834250926971435547e+00,2.945849895477294922e+00,2.851309537887573242e+00,3.785548731684684753e-02
9.029533863067626953e-01,-9.316682815551757812e-01,-2.598222970962524414e+00,1.222135782241821289e+00,2.516692578792572021e-01
-1.411808013916015625e+00,1.307133436203002930e+00,2.303408384323120117e+00,1.863452315330505371e+00,-1.196120977401733398e-01
-2.217693805694580078e+00,-2.508826494216918945e+00,-2.651307821273803711e+00,-1.673319935798645020e-01,1.887990593910217285e+00
1.725018262863159180e+00,4.207329154014587402e-01,-2.851542472839355469e+00,-2.479305028915405273e+00,3.520916998386383057e-01
-4.932821393013000488e-01,-2.097952604293823242e+00,2.871446847915649414e+00,-1.649879693984985352e+00,-2.231035977602005005e-01
-6.515073776245117188e-01,7.941559553146362305e-01,-2.769945859909057617e+00,-1.098270535469055176e+00,4.491352438926696777e-01
-1.720743894577026367e+00,1.889622807502746582e-01,2.970333814620971680e+00,-1.645445823669433594e+00,8.836509585380554199e-01
1.785787463188171387e+00,7.904831767082214355e-01,-3.206879854202270508e+00,-1.666580677032470703e+00,2.984719723463058472e-02
-5.410215258598327637e-01,-1.712722182273864746e+00,2.834879636764526367e+00,2.171294450759887695e+00,-6.143873929977416992e-02
-2.008549928665161133e+00,5.542305707931518555e-01,-2.247737407684326172e+00,1.749338626861572266e+00,1.050710678100585938e-03
-1.580400109291076660e+00,-2.061953067779541016e+00,3.189728975296020508e+00,8.359687924385070801e-01,-7.679566144943237305e-01
-5.688364505767822266e-01,-2.924754619598388672e+00,2.037538766860961914e+00,2.733596265316009521e-01,-2.050109505653381348e-01
3.919573426246643066e-01,1.261321544647216797e+00,-3.085797548294067383e+00,-3.274243831634521484e+00,6.943470835685729980e-01
2.716492176055908203e+00,-8.611413240432739258e-01,2.729881525039672852e+00,2.475741147994995117e+00,6.554859876632690430e-01
2.486563682556152344e+00,2.818866968154907227e-01,-3.125927448272705078e+00,-1.484061479568481445e+00,1.215585947036743164e+00
-1.679924964904785156e+00,1.084435105323791504e+00,-2.539035797119140625e+00,-2.759243726730346680e+00,4.815793037414550781e-01
-1.855816364288330078e+00,-3.271143436431884766e+00,-2.523525238037109375e+00,3.333732485771179199e-02,-1.051995158195495605e+00
-8.645350933074951172e-01,-3.300490856170654297e+00,-3.196652650833129883e+00,1.237451136112213135e-01,-1.002699494361877441e+00
1.922634243965148926e+00,5.886858105659484863e-01,-2.766817808151245117e+00,-3.045198917388916016e+00,4.279699921607971191e-01
-1.939379692077636719e+00,-1.942562341690063477e+00,2.337832927703857422e+00,8.711552619934082031e-01,5.828090906143188477e-01
2.692531585693359375e+00,2.060105562210083008e+00,-2.857016324996948242e+00,-2.376091003417968750e+00,1.044419527053833008e+00
1.571870923042297363e+00,-3.546023845672607422e+00,2.724033594131469727e+00,2.493352651596069336e+00,2.745419740676879883e-02
1.736605167388916016e+00,-2.846990108489990234e+00,2.928009986877441406e+00,1.273232936859130859e+00,-2.575355172157287598e-01
-1.144620180130004883e+00,-3.148562431335449219e+00,2.436391592025756836e+00,4.938926398754119873e-01,4.679451882839202881e-02
-1.940116047859191895e+00,-2.657163858413696289e+00,3.372221946716308594e+00,5.595044493675231934e-01,-1.091891527175903320e+00
2.134247779846191406e+00,-2.165113687515258789e+00,-2.583438634872436523e+00,-1.392204165458679199e-01,5.815343260765075684e-01
-3.548505306243896484e-01,-2.075658559799194336e+00,-2.426236629486083984e+00,1.039891242980957031e+00,5.411179065704345703e-01
4.948874413967132568e-01,1.959509253501892090e-01,-2.530443429946899414e+00,1.882622480392456055e+00,5.434653162956237793e-01
-2.051510334014892578e+00,-9.218620061874389648e-01,-3.060172080993652344e+00,1.800166606903076172e+00,4.502063989639282227e-02
-3.219447612762451172e+00,4.255967736244201660e-01,-2.896538496017456055e+00,-2.049067258834838867e+00,1.499868929386138916e-01
-1.927262306213378906e+00,3.807583749294281006e-01,3.333617210388183594e+00,2.322290897369384766e+00,-2.036297321319580078e-02
-3.163634300231933594e+00,-2.152808666229248047e+00,2.749444723129272461e+00,-3.411203920841217041e-01,-4.076790809631347656e-01
2.678108215332031250e+00,-1.716391563415527344e+00,-3.299950599670410156e+00,9.625297784805297852e-01,-3.096354007720947266e-02
-2.866960048675537109e+00,-1.578706264495849609e+00,-2.161490678787231445e+00,-8.901531696319580078e-01,4.500439763069152832e-01
1.353781104087829590e+00,1.876971960067749023e+00,-3.296829700469970703e+00,-1.719503283500671387e+00,4.928205609321594238e-01
-7.977132797241210938e-01,-2.582604885101318359e+00,-2.524545669555664062e+00,-4.687043428421020508e-01,-1.095576405525207520e+00
-1.044338822364807129e+00,-1.692160606384277344e+00,-3.311358213424682617e+00,-9.373403787612915039e-01,3.967882096767425537e-01
-2.122558116912841797e+00,-2.143297672271728516e+00,3.385331392288208008e+00,-6.392593979835510254e-01,-4.996899068355560303e-01
-1.607150793075561523e+00,1.650109052658081055e+00,3.363157272338867188e+00,1.823160886764526367e+00,9.864385724067687988e-01
-1.160681247711181641e+00,-1.777853369712829590e+00,-3.242577314376831055e+00,-1.249408006668090820e+00,7.588586807250976562e-01
1.828097224235534668e+00,-1.478249073028564453e+00,3.205389022827148438e+00,1.613147735595703125e+00,1.534301519393920898e+00
-3.165166616439819336e+00,-9.309779405593872070e-01,2.665805339813232422e+00,-2.535356283187866211e+00,5.036817789077758789e-01
-3.237879276275634766e+00,2.462047934532165527e-01,3.077718257904052734e+00,-1.971992492675781250e+00,5.939265489578247070e-01
-7.302371859550476074e-01,-2.315715312957763672e+00,-2.591629028320312500e+00,-4.561852216720581055e-01,1.559217810630798340e+00
-1.425352931022644043e+00,1.196725130081176758e+00,-2.752729177474975586e+00,1.989678621292114258e+00,1.902332901954650879e-01
-2.021630525588989258e+00,1.329971551895141602e-01,3.328108310699462891e+00,-1.304820179939270020e+00,5.480779409408569336e-01
-2.775588035583496094e+00,-3.232529401779174805e+00,2.661414146423339844e+00,-7.507593035697937012e-01,1.227951049804687500e-02
-2.594955205917358398e+00,-3.247875213623046875e+00,2.487257719039916992e+00,-3.059303760528564453e-01,1.717988014221191406e+00
-2.182067394256591797e+00,-2.038505792617797852e+00,2.572695970535278320e+00,-9.317517280578613281e-02,3.098299503326416016e+00
-7.203282713890075684e-01,-2.559039115905761719e+00,3.080158710479736328e+00,-7.332819700241088867e-01,3.143238067626953125e+00
