-7.033418416976928711e-01,1.054697036743164062e+00,-9.249886870384216309e-01,-1.837975025177001953e+00,2.541188001632690430e+00
6.959992051124572754e-01,2.418093442916870117e+00,-1.666869997978210449e+00,-1.413053035736083984e+00,-7.140916585922241211e-01
4.111897945404052734e-01,2.949618339538574219e+00,2.112283706665039062e+00,-2.161921739578247070e+00,-2.844844102859497070e+00
8.838126808404922485e-02,2.806809425354003906e+00,-6.199759840965270996e-01,-2.253823041915893555e+00,-1.504223346710205078e+00
1.493050605058670044e-01,2.033482789993286133e+00,-9.622217416763305664e-01,-1.253591775894165039e+00,3.442305028438568115e-01
-3.944436311721801758e-01,2.426060676574707031e+00,6.552525758743286133e-01,-1.318353414535522461e+00,2.322310686111450195e+00
2.987290024757385254e-01,2.911614894866943359e+00,-6.114790439605712891e-01,1.442792892456054688e+00,-1.547191143035888672e+00
3.855263888835906982e-01,1.767408370971679688e+00,-1.138726592063903809e+00,-1.984758734703063965e+00,-1.593532562255859375e+00
4.481388628482818604e-01,2.628360509872436523e+00,-1.982271671295166016e+00,1.543233275413513184e+00,-3.024446219205856323e-02
-1.739841550588607788e-01,1.219721913337707520e+00,-5.987824797630310059e-01,1.948445439338684082e+00,1.807273507118225098e+00
4.338349401950836182e-01,2.548045873641967773e+00,-2.974824666976928711e+00,-2.878526210784912109e+00,1.390505433082580566e+00
8.515797257423400879e-01,2.940941095352172852e+00,-1.643419265747070312e+00,-2.724073410034179688e+00,1.877827525138854980e+00
2.536194622516632080e-01,2.403928995132446289e+00,-1.382100224494934082e+00,-1.902329683303833008e+00,-1.400248765945434570e+00
-6.325203776359558105e-01,2.269156694412231445e+00,1.253048419952392578e+00,-1.955538988113403320e+00,1.808431982994079590e+00
-1.160606026649475098e+00,1.390300989151000977e+00,-1.910010457038879395e+00,2.640879154205322266e+00,1.387964248657226562e+00
2.202364504337310791e-01,1.650444984436035156e+00,-1.592457771301269531e+00,-1.883759260177612305e+00,3.817677497863769531e-01
7.479751855134963989e-02,3.944145441055297852e-01,2.516140043735504150e-01,-2.310439825057983398e+00,-8.515501618385314941e-01
1.676674962043762207e+00,1.316259741783142090e+00,-2.922461748123168945e+00,-1.688141822814941406e+00,-1.622053831815719604e-01
6.547924876213073730e-02,2.448258638381958008e+00,-9.589014202356338501e-02,1.903550267219543457e+00,6.950261592864990234e-01
-1.818838953971862793e+00,2.496398925781250000e+00,-1.835824489593505859e+00,-1.435728073120117188e+00,1.848289966583251953e+00
4.276578426361083984e-01,2.677294254302978516e+00,-5.643906593322753906e-01,-1.116740942001342773e+00,-1.532284855842590332e+00
1.096496820449829102e+00,2.729947090148925781e+00,9.021535515785217285e-01,-1.182862997055053711e+00,-2.354451179504394531e+00
4.914009869098663330e-01,2.586403131484985352e+00,-7.374468445777893066e-01,1.540144205093383789e+00,-1.770109176635742188e+00
6.602337211370468140e-02,2.313808202743530273e+00,2.274070382118225098e-01,-2.487756729125976562e+00,1.133373975753784180e+00
1.527697324752807617e+00,2.228318214416503906e+00,1.809838652610778809e+00,1.372681379318237305e+00,-1.084383487701416016e+00
-3.583290874958038330e-01,9.871883392333984375e-01,-1.416507005691528320e+00,-2.224824905395507812e+00,5.867628455162048340e-01
-7.092339396476745605e-01,1.122591018676757812e+00,-1.430293679237365723e+00,-2.035763025283813477e+00,2.533982276916503906e+00
-1.233107686042785645e+00,2.871702671051025391e+00,2.260687351226806641e+00,-1.854926466941833496e+00,9.186928868293762207e-01
-2.572822272777557373e-01,2.866773605346679688e+00,2.060492515563964844e+00,-2.185878992080688477e+00,3.194386065006256104e-01
4.361793994903564453e-01,2.430647850036621094e+00,-9.074717760086059570e-01,1.681109309196472168e+00,-1.750115394592285156e+00
-1.229781031608581543e+00,2.448736906051635742e+00,-1.791192293167114258e+00,-2.158941507339477539e+00,6.251474022865295410e-01
8.579234480857849121e-01,2.315598249435424805e+00,2.295351743698120117e+00,-1.637734770774841309e+00,1.466914057731628418e+00
-3.462337255477905273e-01,1.495503425598144531e+00,1.339602112770080566e+00,-2.266180515289306641e+00,5.409390330314636230e-01
4.377812147140502930e-02,2.653758049011230469e+00,1.391319334506988525e-01,1.530015945434570312e+00,1.035444378852844238e+00
4.369004964828491211e-01,2.104878425598144531e+00,1.800477862358093262e+00,1.531316041946411133e+00,-1.089278906583786011e-01
1.023327469825744629e+00,2.146396875381469727e+00,2.608352184295654297e+00,-2.252945661544799805e+00,-3.945513963699340820e-01
1.084396004676818848e+00,2.275130748748779297e+00,-1.541734933853149414e+00,2.033604621887207031e+00,-2.600496053695678711e+00
6.216139718890190125e-02,1.204516410827636719e+00,-1.965985298156738281e-01,1.871856212615966797e+00,2.053699731826782227e+00
7.618975639343261719e-02,1.507896661758422852e+00,1.789138652384281158e-02,1.148455619812011719e+00,-2.285693407058715820e+00
7.922129631042480469e-01,2.148114442825317383e+00,2.254375219345092773e+00,2.537836313247680664e+00,-5.440515279769897461e-01
1.351410001516342163e-01,3.061656653881072998e-01,-1.201087713241577148e+00,-1.835747122764587402e+00,-7.962825149297714233e-02
1.069227457046508789e+00,-1.220521450042724609e+00,1.485053300857543945e+00,-2.895947933197021484e+00,-8.694726824760437012e-01
2.302552223205566406e+00,2.945411682128906250e+00,2.249293327331542969e+00,-1.635130405426025391e+00,-2.812409639358520508e+00
-2.744860947132110596e-02,9.393172860145568848e-01,-5.834170579910278320e-01,-1.747964620590209961e+00,2.658146917819976807e-01
1.236395478248596191e+00,1.698058962821960449e+00,1.701122879981994629e+00,-1.815168738365173340e+00,-5.304268002510070801e-01
2.021029233932495117e+00,2.663717269897460938e+00,-1.701810956001281738e+00,-1.938603281974792480e+00,-2.367568016052246094e+00
1.153712794184684753e-01,1.923145890235900879e+00,2.116022706031799316e-01,1.357345938682556152e+00,-2.666568279266357422e+00
6.941270083189010620e-02,2.442269563674926758e+00,1.517005637288093567e-02,1.615234255790710449e+00,-1.488292124122381210e-02
2.110486507415771484e+00,2.266889333724975586e+00,-2.273389101028442383e+00,-1.220670580863952637e+00,-3.837373554706573486e-01
6.053341925144195557e-02,2.196106195449829102e+00,1.349339336156845093e-01,-1.512840509414672852e+00,7.800826430320739746e-01
-1.190278530120849609e+00,9.507094025611877441e-01,1.156742498278617859e-01,-1.611574552953243256e-02,7.162081599235534668e-01
-1.210657954216003418e+00,9.375672340393066406e-01,-4.796492755413055420e-01,4.334829449653625488e-01,1.635678172111511230e+00
-1.398852944374084473e+00,9.383872151374816895e-01,1.346256971359252930e+00,3.298250436782836914e-01,4.082785844802856445e-01
-1.197777628898620605e+00,9.402461647987365723e-01,1.122815459966659546e-01,-8.877158910036087036e-02,1.698556900024414062e+00
-5.343715548515319824e-01,9.446262717247009277e-01,-1.413859844207763672e+00,7.581695169210433960e-02,-3.508800268173217773e-02
-1.195442914962768555e+00,9.405983686447143555e-01,9.320984780788421631e-02,-3.501220140606164932e-03,1.965549826622009277e+00
-1.199331998825073242e+00,9.453343749046325684e-01,-3.120157122611999512e-01,-1.823133826255798340e-01,2.447405338287353516e+00
-1.198231577873229980e+00,9.429866075515747070e-01,1.460951417684555054e-01,-7.547535002231597900e-02,-1.158125758171081543e+00
-1.286005258560180664e+00,9.385021924972534180e-01,1.311238527297973633e+00,3.767853230237960815e-02,2.038689136505126953e+00
-1.231143116950988770e+00,9.403355717658996582e-01,4.248980879783630371e-01,2.368023432791233063e-02,1.359649300575256348e+00
-1.204890966415405273e+00,9.438633322715759277e-01,1.803116351366043091e-01,5.135679244995117188e-01,1.706173419952392578e+00
-1.195774078369140625e+00,9.435347914695739746e-01,7.137259840965270996e-02,-6.433814018964767456e-02,-2.581416845321655273e+00
-1.234978556632995605e+00,9.430677294731140137e-01,2.816265225410461426e-01,-9.329718537628650665e-03,-1.896651506423950195e+00
-1.506277441978454590e+00,9.391754269599914551e-01,-9.298446178436279297e-01,1.966585963964462280e-02,-1.111810088157653809e+00
-1.193818807601928711e+00,9.409022927284240723e-01,4.328129813075065613e-03,-7.940912246704101562e-02,2.222598791122436523e+00
-9.543130993843078613e-01,9.398868680000305176e-01,-5.618197917938232422e-01,-6.765124388039112091e-03,-2.427640676498413086e+00
-5.700852870941162109e-01,9.393533468246459961e-01,1.981618046760559082e+00,-1.755817532539367676e-01,-2.097629308700561523e+00
-4.194905161857604980e-01,9.472703933715820312e-01,-2.831218957901000977e+00,6.034138426184654236e-02,-1.848346829414367676e+00
-1.237274050712585449e+00,9.314641952514648438e-01,1.838098883628845215e+00,-1.690041422843933105e-01,-8.248710632324218750e-01
-1.740308523178100586e+00,1.038306474685668945e+00,-7.846937775611877441e-01,3.626855015754699707e-01,-1.697006464004516602e+00
-1.201018095016479492e+00,9.392529129981994629e-01,1.131631806492805481e-02,-3.766778856515884399e-02,3.568658828735351562e-01
-1.191002488136291504e+00,9.459571838378906250e-01,1.789087057113647461e-02,-3.540297970175743103e-02,8.507074713706970215e-01
-1.206692814826965332e+00,9.460934400558471680e-01,-5.474097654223442078e-02,4.245118424296379089e-02,-2.773137807846069336e+00
-1.201663613319396973e+00,9.408230185508728027e-01,-1.434872448444366455e-01,-1.074229739606380463e-02,-2.256227016448974609e+00
-1.197632312774658203e+00,9.443786740303039551e-01,-1.158683598041534424e-01,6.571150571107864380e-02,-1.124162316322326660e+00
-1.233798623085021973e+00,9.438728094100952148e-01,2.246386706829071045e-01,-1.641537062823772430e-02,9.344681501388549805e-01
-1.200041055679321289e+00,9.398322701454162598e-01,-5.300061404705047607e-02,-7.205134630203247070e-02,-1.170360684394836426e+00
-1.215584754943847656e+00,9.372892975807189941e-01,1.851783841848373413e-01,1.822224259376525879e-02,2.333192110061645508e+00
-1.199071168899536133e+00,9.377846717834472656e-01,-1.457474101334810257e-02,3.754374384880065918e-02,5.034456253051757812e-01
-1.221306324005126953e+00,9.406504034996032715e-01,3.816569745540618896e-01,-9.961947798728942871e-02,-1.949736237525939941e+00
-1.206599593162536621e+00,9.430165290832519531e-01,-8.773037791252136230e-02,1.812847331166267395e-02,-1.975645780563354492e+00
-1.021865725517272949e+00,9.454797506332397461e-01,1.096304178237915039e+00,5.594861134886741638e-02,1.293434739112854004e+00
-1.279881238937377930e+00,9.420304894447326660e-01,1.025618076324462891e+00,-2.392292171716690063e-01,1.947729825973510742e+00
-9.500674605369567871e-01,9.301568865776062012e-01,-1.583518147468566895e+00,-2.675323188304901123e-02,1.077841520309448242e+00
-1.242175459861755371e+00,9.464912414550781250e-01,-4.263585805892944336e-01,-1.223990023136138916e-01,-2.207447052001953125e+00
-1.178335666656494141e+00,9.497129917144775391e-01,-1.390739530324935913e-01,1.574606001377105713e-01,1.421485662460327148e+00
-6.123576760292053223e-01,9.403525590896606445e-01,-1.554569602012634277e+00,-5.117407068610191345e-02,-3.742218613624572754e-01
-1.317322492599487305e+00,8.412820100784301758e-01,6.852303743362426758e-01,-8.728949427604675293e-01,2.973856449127197266e+00
-1.481915473937988281e+00,9.444195628166198730e-01,9.166429042816162109e-01,3.181236609816551208e-02,2.704507350921630859e+00
-1.157085895538330078e+00,9.590320587158203125e-01,-4.156452715396881104e-01,1.232126429677009583e-01,2.229908704757690430e+00
-1.229189157485961914e+00,9.485409855842590332e-01,-1.496137231588363647e-01,-2.088941484689712524e-01,-5.403062701225280762e-01
-1.197640657424926758e+00,9.093773961067199707e-01,1.346326470375061035e-01,-8.445174098014831543e-01,2.487499475479125977e+00
-1.291139841079711914e+00,9.427458047866821289e-01,1.072003722190856934e+00,-3.324315883219242096e-03,-1.574727416038513184e+00
-1.201493144035339355e+00,9.571880698204040527e-01,-6.347446888685226440e-02,5.473953485488891602e-01,-1.455487966537475586e+00
-1.169380307197570801e+00,9.523895978927612305e-01,-2.584716081619262695e-01,5.102448537945747375e-02,2.568340301513671875e+00
-1.416891574859619141e+00,9.425235986709594727e-01,-9.464451074600219727e-01,-5.015993490815162659e-02,-2.808742523193359375e+00
-1.123342990875244141e+00,9.494715929031372070e-01,-4.093960523605346680e-01,-1.033330857753753662e-01,2.165637254714965820e+00
-1.487900137901306152e+00,7.568889260292053223e-01,-1.282575249671936035e+00,-8.214951157569885254e-01,1.482502460479736328e+00
-7.168857455253601074e-01,9.702773094177246094e-01,1.945719957351684570e+00,3.453158736228942871e-01,2.845355987548828125e+00
-1.107938408851623535e+00,9.044834375381469727e-01,-1.038696885108947754e+00,1.624299407005310059e+00,-9.216009974479675293e-01
-1.462642669677734375e+00,2.703751996159553528e-02,1.604239046573638916e-01,-2.272587120532989502e-01,-1.659529685974121094e+00
-1.528409242630004883e+00,2.257103845477104187e-02,-1.716398239135742188e+00,-1.114290058612823486e-01,-1.719089984893798828e+00
-1.458844900131225586e+00,1.097106747329235077e-02,2.024605423212051392e-01,-1.266255974769592285e-01,1.919770598411560059e+00
-7.964564561843872070e-01,2.899057976901531219e-02,2.378318071365356445e+00,1.678064167499542236e-01,5.692097544670104980e-01
-1.458781838417053223e+00,2.596304565668106079e-02,1.967552453279495239e-01,-9.605884552001953125e-02,-1.765922069549560547e+00
-1.866392970085144043e+00,-7.675863802433013916e-03,-1.091960430145263672e+00,7.418890297412872314e-02,-8.037842512130737305e-01
-1.731574535369873047e+00,4.198028519749641418e-02,-1.348148345947265625e+00,-7.168606519699096680e-01,1.886927485466003418e+00
-1.421981811523437500e+00,8.683898486196994781e-03,-1.650047898292541504e-01,2.246452271938323975e-01,-2.960880517959594727e+00
-1.661210656166076660e+00,9.068101644515991211e-05,-1.077176690101623535e+00,-2.061538994312286377e-01,2.264063119888305664e+00
-1.208609819412231445e+00,3.460431843996047974e-02,7.957952618598937988e-01,-1.418302804231643677e-01,1.087072968482971191e+00
-1.428647994995117188e+00,8.351938799023628235e-03,5.871056318283081055e-01,-1.358275413513183594e-01,-2.514634132385253906e+00
-1.337690591812133789e+00,1.812066510319709778e-02,-2.419738054275512695e+00,-2.238764464855194092e-01,-1.176597118377685547e+00
-1.412455081939697266e+00,2.781700156629085541e-02,-1.049779951572418213e-01,-2.135773003101348877e-01,-2.053373336791992188e+00
-1.128858566284179688e+00,1.001459732651710510e-02,1.452836871147155762e+00,1.380757540464401245e-01,2.799478530883789062e+00
-1.556707262992858887e+00,1.424183323979377747e-02,1.044164538383483887e+00,7.881979346275329590e-01,-8.923449516296386719e-01
-1.530222415924072266e+00,3.131577745079994202e-02,-6.612898111343383789e-01,-1.580713987350463867e-01,-1.044100403785705566e+00
-1.456739902496337891e+00,1.855798065662384033e-03,-4.362262487411499023e-01,4.687811732292175293e-01,9.185563325881958008e-01
-1.400267839431762695e+00,5.010671913623809814e-03,1.491034626960754395e-01,5.613191425800323486e-02,2.002277135848999023e+00
-7.312759160995483398e-01,2.292556315660476685e-02,-2.764426946640014648e+00,1.236523762345314026e-01,-7.611924409866333008e-01
-1.443588137626647949e+00,2.548342943191528320e-02,-1.553165316581726074e-01,-3.777875006198883057e-02,1.276749253273010254e+00
-1.502652883529663086e+00,3.689627721905708313e-02,1.180671572685241699e+00,-3.174973130226135254e-01,-2.354678153991699219e+00
-1.447602510452270508e+00,-1.808854788541793823e-01,-1.423048079013824463e-01,-5.150473117828369141e-01,1.040961861610412598e+00
-1.001355171203613281e+00,3.136482462286949158e-02,-2.596544742584228516e+00,-6.759208440780639648e-02,1.733405828475952148e+00
-1.319142341613769531e+00,-4.352512210607528687e-02,-1.491968631744384766e+00,-2.757137119770050049e-01,-2.053136825561523438e+00
-1.615630984306335449e+00,2.629977650940418243e-02,-6.425854563713073730e-01,-1.208094321191310883e-02,-2.252964496612548828e+00
-1.520599365234375000e+00,1.461861133575439453e-01,8.890635371208190918e-01,-5.836551189422607422e-01,-9.253656864166259766e-01
-7.587116360664367676e-01,3.205374628305435181e-02,1.680240273475646973e+00,2.870417237281799316e-01,1.220289468765258789e+00
-2.036269903182983398e+00,2.249544858932495117e-02,-1.379261374473571777e+00,-1.492345631122589111e-01,-1.973195314407348633e+00
-1.420531153678894043e+00,-2.073543332517147064e-02,1.009789347648620605e+00,-7.827509045600891113e-01,-2.965232610702514648e+00
-2.045108079910278320e+00,4.535941034555435181e-02,1.533410310745239258e+00,-4.972320050001144409e-02,2.161004066467285156e+00
-1.442305803298950195e+00,4.529913514852523804e-02,1.870171129703521729e-01,2.749285697937011719e-01,1.031355559825897217e-02
-1.471136212348937988e+00,2.323221787810325623e-02,1.614437848329544067e-01,-1.048739403486251831e-01,-4.057229161262512207e-01
-1.426169753074645996e+00,2.133859880268573761e-02,-2.031084597110748291e-01,5.654199123382568359e-01,2.772430419921875000e+00
-2.097872972488403320e+00,-9.112313389778137207e-03,2.223657369613647461e+00,-9.124248027801513672e-01,2.372250795364379883e+00
-1.489391684532165527e+00,3.498381376266479492e-02,4.755988121032714844e-01,-1.295802891254425049e-01,1.420735836029052734e+00
-1.839236736297607422e+00,4.404509067535400391e-02,1.321631669998168945e+00,-2.110086828470230103e-01,-2.625622987747192383e+00
-1.429931521415710449e+00,7.008885592222213745e-02,-2.484125643968582153e-01,4.396705925464630127e-01,2.281605005264282227e+00
-1.472165465354919434e+00,3.293675929307937622e-02,1.693227142095565796e-01,-2.561174631118774414e-01,-9.514205455780029297e-01
-1.302244782447814941e+00,-1.656397618353366852e-02,-3.901880085468292236e-01,-2.770052254199981689e-01,-2.474468708038330078e+00
-1.501073241233825684e+00,-2.003888785839080811e-02,-8.319659829139709473e-01,-3.196060657501220703e-01,1.112413883209228516e+00
-3.884282410144805908e-01,3.768622502684593201e-02,2.169137239456176758e+00,-3.617596328258514404e-01,2.884843111038208008e+00
-1.438592553138732910e+00,2.167174778878688812e-02,7.533087581396102905e-02,1.410058587789535522e-01,-7.254054546356201172e-01
-6.047745347023010254e-01,2.813352085649967194e-02,-1.373864889144897461e+00,-1.055463030934333801e-01,4.089602828025817871e-02
-1.406420469284057617e+00,-1.162812858819961548e-01,-7.719209194183349609e-01,-1.519532084465026855e+00,7.708698511123657227e-02
-6.030139923095703125e-01,8.099671453237533569e-03,-1.228139400482177734e+00,-5.738451331853866577e-02,8.808939456939697266e-01
-1.379143357276916504e+00,1.583477482199668884e-02,-2.151857763528823853e-01,7.741519249975681305e-03,2.721850633621215820e+00
-1.073289155960083008e+00,2.090839110314846039e-02,-1.970330834388732910e+00,4.477900564670562744e-01,1.440559148788452148e+00
-2.322227716445922852e+00,-2.608243525028228760e-01,2.183309078216552734e+00,-9.019612073898315430e-01,1.840776562690734863e+00
-1.404899477958679199e+00,4.077060893177986145e-02,-7.386368513107299805e-02,-8.264732360839843750e-02,2.513054013252258301e-01
-1.756850242614746094e+00,-2.562610059976577759e-02,-2.243505477905273438e+00,6.239969730377197266e-01,2.441732406616210938e+00
-1.620250582695007324e+00,-1.093617796897888184e+00,2.430426120758056641e+00,2.377738475799560547e+00,8.563382029533386230e-01
-2.561831712722778320e+00,4.281753897666931152e-01,-1.344678640365600586e+00,2.049568891525268555e+00,1.963733315467834473e+00
-1.001958131790161133e+00,-2.781196832656860352e+00,-1.766071081161499023e+00,-1.086986064910888672e+00,1.346560597419738770e+00
-4.870595932006835938e-01,-2.193311929702758789e+00,2.348064661026000977e+00,-1.824332714080810547e+00,1.797411084175109863e+00
-2.231134176254272461e+00,-2.224663734436035156e+00,-1.534120082855224609e+00,-1.617904186248779297e+00,2.866465806961059570e+00
-1.220467209815979004e+00,1.085621714591979980e+00,-2.129698276519775391e+00,-2.609014511108398438e+00,1.468065619468688965e+00
-2.616362810134887695e+00,-2.750693798065185547e+00,-2.180864572525024414e+00,2.861423254013061523e+00,1.873320221900939941e+00
-2.698495149612426758e+00,-8.402774930000305176e-01,-1.956651210784912109e+00,-1.621536850929260254e+00,5.580623149871826172e-01
-4.116782546043395996e-01,-2.296260833740234375e+00,2.435558080673217773e+00,2.234334945678710938e+00,2.566718101501464844e+00
-2.973750829696655273e+00,-2.872647047042846680e+00,1.262748003005981445e+00,1.341507196426391602e+00,2.829598903656005859e+00
6.935328841209411621e-01,-7.140480875968933105e-01,-2.350018024444580078e+00,-1.759040236473083496e+00,6.892504096031188965e-01
-2.152086257934570312e+00,-2.167161226272583008e+00,-2.739160776138305664e+00,2.436499118804931641e+00,-1.492186546325683594e+00
-2.424263954162597656e+00,-2.572782993316650391e+00,-1.676681280136108398e+00,-1.790268421173095703e+00,2.313562780618667603e-01
-2.846245288848876953e+00,-2.100044727325439453e+00,-1.769215583801269531e+00,1.764919281005859375e+00,1.716570019721984863e+00
-1.942453861236572266e+00,-2.786206722259521484e+00,-2.394833326339721680e+00,-1.366015911102294922e+00,5.794222354888916016e-01
-1.163241386413574219e+00,-2.952232122421264648e+00,2.652398824691772461e+00,2.360899209976196289e+00,2.444265842437744141e+00
-1.581064105033874512e+00,1.624679565429687500e+00,-1.957008242607116699e+00,-2.591457128524780273e+00,1.199220180511474609e+00
-7.254362702369689941e-01,-2.918066740036010742e+00,-1.466709017753601074e+00,-1.061282515525817871e+00,1.377539038658142090e+00
-7.195556759834289551e-01,-1.643928885459899902e+00,1.959983110427856445e+00,1.592553973197937012e+00,2.788658380508422852e+00
-1.372338175773620605e+00,-1.527732372283935547e+00,2.582039833068847656e+00,2.719547271728515625e+00,2.793912410736083984e+00
-2.868633985519409180e+00,-2.617263793945312500e+00,-2.859815120697021484e+00,1.311043858528137207e+00,-2.810049355030059814e-01
-1.785188198089599609e+00,-2.456529140472412109e+00,-2.094014644622802734e+00,-1.661016225814819336e+00,1.954132199287414551e+00
-3.470900058746337891e-01,-2.345033407211303711e+00,-2.105883359909057617e+00,-1.633120059967041016e+00,2.170208454132080078e+00
-2.793356657028198242e+00,-2.166252851486206055e+00,1.315179228782653809e+00,-1.270122647285461426e+00,8.899618983268737793e-01
-2.057607173919677734e+00,-2.199772357940673828e+00,-2.309098005294799805e+00,-1.466813921928405762e+00,4.813437163829803467e-01
-2.357248544692993164e+00,1.952905356884002686e-01,-1.322201848030090332e+00,1.918706536293029785e+00,2.172270774841308594e+00
-1.764624953269958496e+00,-2.358349800109863281e+00,-1.887819170951843262e+00,1.551281571388244629e+00,2.672280788421630859e+00
-2.574944972991943359e+00,-2.271533250808715820e+00,-1.646937131881713867e+00,-8.254425525665283203e-01,-1.143353134393692017e-01
-1.488288164138793945e+00,-2.650214433670043945e+00,2.133241176605224609e+00,1.785802841186523438e+00,2.864787340164184570e+00
-2.714622974395751953e+00,4.491609334945678711e-02,-2.540518283843994141e+00,-1.693749189376831055e+00,2.210065275430679321e-01
-2.869901180267333984e+00,1.243600845336914062e+00,-1.936793684959411621e+00,2.016819000244140625e+00,3.398365676403045654e-01
-2.632546901702880859e+00,1.636585474014282227e+00,2.181748390197753906e+00,2.862866640090942383e+00,6.002787947654724121e-01
-1.154343247413635254e+00,-1.725988149642944336e+00,2.439730644226074219e+00,1.933674216270446777e+00,2.301864862442016602e+00
-1.307526826858520508e+00,-2.212515115737915039e+00,-1.952626347541809082e+00,-2.577963352203369141e+00,1.025536775588989258e+00
1.532566994428634644e-01,-1.569776058197021484e+00,2.102836608886718750e+00,-1.562621355056762695e+00,2.382240056991577148e+00
6.733409762382507324e-01,-1.544981718063354492e+00,-2.934431791305541992e+00,-2.274857759475708008e+00,2.033763647079467773e+00
-1.868463993072509766e+00,1.789970159530639648e+00,1.673947334289550781e+00,-2.342787027359008789e+00,1.341352462768554688e+00
-1.584876656532287598e+00,-2.843288421630859375e+00,2.868639707565307617e+00,-1.993645668029785156e+00,2.836046934127807617e+00
-2.159362077713012695e+00,-8.684653639793395996e-01,-1.611144304275512695e+00,-2.034426927566528320e+00,2.393062591552734375e+00
-8.794424533843994141e-01,7.978693842887878418e-01,-2.011131048202514648e+00,2.561203718185424805e+00,1.858865499496459961e+00
-7.542765736579895020e-01,-1.332111835479736328e+00,-2.515163421630859375e+00,-2.131612539291381836e+00,1.263464689254760742e+00
-1.902598738670349121e+00,6.976602673530578613e-01,1.703342437744140625e+00,2.355606079101562500e+00,2.261012554168701172e+00
-1.687945485115051270e+00,-2.285613775253295898e+00,-1.632416129112243652e+00,1.467916369438171387e+00,1.011752247810363770e+00
-7.372901439666748047e-01,-1.329722762107849121e+00,-1.817291855812072754e+00,1.990574598312377930e+00,1.853643655776977539e+00
-1.129251360893249512e+00,-7.807869464159011841e-02,-1.926125526428222656e+00,2.252339839935302734e+00,2.519947528839111328e+00
-9.083999395370483398e-01,-2.304775953292846680e+00,-1.926725983619689941e+00,1.440536141395568848e+00,2.398463249206542969e+00
-1.633839964866638184e+00,-1.585145711898803711e+00,-2.276279687881469727e+00,1.507179856300354004e+00,4.737314879894256592e-01
-2.649323225021362305e+00,-1.338957548141479492e+00,-1.154291391372680664e+00,1.311298370361328125e+00,1.309906125068664551e+00
-5.852825641632080078e-01,-1.817273616790771484e+00,1.985604763031005859e+00,1.745188713073730469e+00,2.916396617889404297e+00
-2.890484809875488281e+00,-2.957129001617431641e+00,2.338478565216064453e+00,-2.696153163909912109e+00,-1.734199166297912598e+00
