-1.096225619316101074e+00,-5.766949653625488281e-01
-1.035028696060180664e+00,-3.846113979816436768e-01
-1.112812995910644531e+00,-5.540711283683776855e-01
-7.152627706527709961e-01,-9.180740118026733398e-01
-1.658876538276672363e+00,-1.606433153152465820e+00
-1.528242349624633789e+00,-6.410911679267883301e-01
-7.563604116439819336e-01,-1.027873754501342773e+00
-1.471455335617065430e+00,-1.078931093215942383e+00
-9.505375623703002930e-01,-1.245540618896484375e+00
-1.192765355110168457e+00,-3.619741797447204590e-01
-1.059288978576660156e+00,-1.096384882926940918e+00
-8.901664018630981445e-01,-6.526579260826110840e-01
-1.248401522636413574e+00,-1.111997723579406738e+00
-1.582167595624923706e-01,-1.169481396675109863e+00
-2.148316144943237305e+00,-1.091472625732421875e+00
-1.264917850494384766e+00,-1.771732568740844727e+00
-1.095947504043579102e+00,-1.422145128250122070e+00
-5.176389217376708984e-01,-1.191243529319763184e+00
-9.426850080490112305e-01,-9.873815178871154785e-01
-9.816231727600097656e-01,-1.450534343719482422e+00
-1.037372827529907227e+00,-1.732852011919021606e-01
-1.231209397315979004e+00,-1.125264048576354980e+00
-8.141446709632873535e-01,-1.252061486244201660e+00
-1.255640625953674316e+00,-2.792602181434631348e-01
-9.894033074378967285e-01,-1.071067929267883301e+00
-7.650991082191467285e-01,-3.708921968936920166e-01
-1.716538071632385254e+00,-5.545714497566223145e-01
-5.567706823348999023e-01,-1.439323544502258301e+00
-1.296293139457702637e+00,-5.563398599624633789e-01
-4.206916689872741699e-01,-9.569106698036193848e-01
-1.548481702804565430e+00,-6.166829466819763184e-01
-2.740432620048522949e-01,-1.183562159538269043e+00
-1.270347714424133301e+00,-9.120187163352966309e-01
-9.268122911453247070e-01,-1.324824452400207520e+00
2.168826907873153687e-01,-1.293843865394592285e+00
-1.459085822105407715e+00,-5.061439275741577148e-01
-1.985666990280151367e+00,-1.086756110191345215e+00
-1.249967932701110840e+00,-4.839322566986083984e-01
-8.444144725799560547e-01,-1.067650914192199707e+00
-1.429434299468994141e+00,-9.507942795753479004e-01
-5.346711874008178711e-01,-9.980694651603698730e-01
-1.020037412643432617e+00,-1.906775116920471191e+00
-1.192151784896850586e+00,-6.920129060745239258e-01
-1.615910053253173828e+00,-5.063900947570800781e-01
-1.602661728858947754e+00,-9.736897945404052734e-01
-5.011801123619079590e-01,-8.464322686195373535e-01
-9.534770846366882324e-01,-1.242817163467407227e+00
-8.592051267623901367e-01,-9.967069029808044434e-01
-9.041413068771362305e-01,-1.027782082557678223e+00
-1.569719672203063965e+00,-7.353254556655883789e-01
-1.586873531341552734e+00,-6.096252202987670898e-01
-1.264387607574462891e+00,-1.118041038513183594e+00
-9.165412783622741699e-01,-9.899432659149169922e-01
-1.367618441581726074e+00,-1.071744680404663086e+00
-6.210639476776123047e-01,-8.922718167304992676e-01
-1.045483946800231934e+00,-7.753962874412536621e-01
-1.239268302917480469e+00,-1.185099720954895020e+00
-7.347347736358642578e-01,6.254631280899047852e-01
-6.934343576431274414e-01,-1.791778445243835449e+00
-4.053608179092407227e-01,-1.426962614059448242e+00
9.952093958854675293e-01,-5.773950815200805664e-01
-1.795029163360595703e+00,-1.429024100303649902e+00
-3.735026121139526367e-01,-9.880487918853759766e-01
-1.577704668045043945e+00,-1.173349618911743164e+00
-1.527338624000549316e+00,-1.257435083389282227e+00
-1.030435085296630859e+00,-1.435589194297790527e+00
-1.064103245735168457e+00,-1.361360430717468262e+00
-1.713807463645935059e+00,-1.395301461219787598e+00
-1.087994813919067383e+00,-7.298620939254760742e-01
-1.105778336524963379e+00,-1.298888802528381348e+00
-7.416586875915527344e-01,-1.141858816146850586e+00
-3.114675581455230713e-01,-1.034269094467163086e+00
-1.496318697929382324e+00,-1.011080980300903320e+00
-1.435988903045654297e+00,-1.059442400932312012e+00
-2.116603851318359375e+00,-1.215078115463256836e+00
-6.851481199264526367e-01,-1.352231860160827637e+00
-7.392077445983886719e-01,-4.092622175812721252e-02
-1.458981633186340332e+00,-1.121318340301513672e+00
-9.331700205802917480e-01,-5.246482491493225098e-01
-1.019426941871643066e+00,-1.356388568878173828e+00
-1.279275655746459961e+00,-5.487146973609924316e-01
-4.320337176322937012e-01,-9.255489706993103027e-01
-2.006321191787719727e+00,-1.228818893432617188e+00
-1.189767837524414062e+00,-1.286275267601013184e+00
-1.014323949813842773e+00,-5.979448556900024414e-01
-6.425031423568725586e-01,-9.629273414611816406e-01
-9.204272627830505371e-01,-1.449531197547912598e+00
-8.812329769134521484e-01,-9.415886402130126953e-01
-1.681870818138122559e+00,-1.246680855751037598e+00
-4.178465902805328369e-01,-5.851885676383972168e-01
-1.066273689270019531e+00,-3.957009613513946533e-01
-9.412803053855895996e-01,-8.831524848937988281e-01
-8.761031627655029297e-01,-1.131523728370666504e+00
-8.023161888122558594e-01,-1.555923104286193848e+00
-1.107388734817504883e+00,-1.196188449859619141e+00
-1.990709006786346436e-01,-1.001904606819152832e+00
-4.922597408294677734e-01,-8.937979340553283691e-01
-1.205181241035461426e+00,-1.643862605094909668e+00
-1.293814063072204590e+00,-9.653169512748718262e-01
-1.165642261505126953e+00,1.298969388008117676e+00
-1.218499541282653809e+00,1.250495463609695435e-01
-1.784950613975524902e+00,-1.025309324264526367e+00
-1.208814978599548340e+00,-9.381083250045776367e-01
-9.412173628807067871e-01,-2.139499902725219727e+00
-5.458313822746276855e-01,-1.481854557991027832e+00
-1.185153961181640625e+00,-1.032035470008850098e+00
-1.376463055610656738e+00,-6.777337193489074707e-01
-1.196365475654602051e+00,-1.000265717506408691e+00
-1.367334485054016113e+00,-9.336112141609191895e-01
-1.073179244995117188e+00,-1.317272305488586426e+00
-1.561504483222961426e+00,-1.017666697502136230e+00
-1.046808004379272461e+00,-1.259380698204040527e+00
-7.010744810104370117e-01,-1.019313573837280273e+00
-1.184429764747619629e+00,-9.400115609169006348e-01
-1.836077332496643066e+00,-9.920967817306518555e-01
-1.290863513946533203e+00,-1.662321925163269043e+00
-1.221717476844787598e+00,-1.301614880561828613e+00
-7.793385386466979980e-01,2.123447060585021973e-01
-1.228116989135742188e+00,-1.497607588768005371e+00
-3.290259242057800293e-01,-1.046747446060180664e+00
-2.434983015060424805e+00,-1.088511824607849121e+00
-1.457538604736328125e+00,-6.296548843383789062e-01
-9.372959733009338379e-01,-1.199320673942565918e+00
-1.716988325119018555e+00,-1.431258916854858398e+00
-1.670011878013610840e+00,-5.359027385711669922e-01
-1.108686447143554688e+00,-1.646513223648071289e+00
-1.550248742103576660e+00,-6.334457993507385254e-01
1.512241661548614502e-01,-1.572927713394165039e+00
-1.559202075004577637e+00,-1.605834722518920898e+00
-5.364609956741333008e-01,-9.425192475318908691e-01
-9.987128376960754395e-01,-3.827281892299652100e-01
-1.210551619529724121e+00,-7.690411210060119629e-01
-2.697770297527313232e-01,-1.012169837951660156e+00
-7.275470495223999023e-01,-8.849213123321533203e-01
-1.037208676338195801e+00,-1.454897880554199219e+00
-1.437057733535766602e+00,-1.183645129203796387e+00
-1.177718162536621094e+00,-5.510355234146118164e-01
-1.615547657012939453e+00,-8.791055679321289062e-01
-7.106716632843017578e-01,-1.305066466331481934e+00
-1.567199945449829102e+00,-1.070505976676940918e+00
-1.273443698883056641e+00,-1.623944640159606934e+00
-1.130927681922912598e+00,-7.946462035179138184e-01
-1.287978172302246094e+00,-1.104286670684814453e+00
-2.981631755828857422e-01,-9.038574695587158203e-01
-1.826281785964965820e+00,-1.832946300506591797e+00
-1.298303127288818359e+00,-9.052594304084777832e-01
-7.868975400924682617e-01,-9.987068772315979004e-01
-1.757944703102111816e+00,-1.019261717796325684e+00
-1.021888494491577148e+00,-9.216974377632141113e-01
-4.042250514030456543e-01,-1.325520277023315430e+00
-1.627528190612792969e+00,-1.161015272140502930e+00
-1.211187124252319336e+00,-1.443824291229248047e+00
-1.605623364448547363e+00,-1.332237482070922852e+00
-8.518155813217163086e-01,-1.504494428634643555e+00
-5.385828614234924316e-01,-4.394230544567108154e-01
-1.458218216896057129e+00,-1.645831108093261719e+00
-1.142397999763488770e+00,-1.042557597160339355e+00
-5.724648237228393555e-01,-9.088475704193115234e-01
-1.184599161148071289e+00,-9.993028640747070312e-01
-1.126419901847839355e+00,-1.639771223068237305e+00
-1.584900498390197754e+00,-1.254030823707580566e+00
-1.145847916603088379e+00,-1.544608712196350098e+00
-3.893635272979736328e-01,-1.039082288742065430e+00
-9.476469755172729492e-01,-1.761408686637878418e+00
-1.534881711006164551e+00,-1.743839263916015625e+00
-6.799552440643310547e-01,-1.780634760856628418e+00
-1.085568547248840332e+00,-2.126146078109741211e+00
-1.335631132125854492e+00,-1.273255586624145508e+00
-1.194764852523803711e+00,-1.751122474670410156e+00
-1.251174449920654297e+00,-1.031079530715942383e+00
-1.039670109748840332e+00,-1.168548941612243652e+00
-1.632097244262695312e+00,-1.632765531539916992e+00
-1.041517734527587891e+00,-5.637755393981933594e-01
-1.057414531707763672e+00,-5.222430229187011719e-01
-1.189640641212463379e+00,-1.309129834175109863e+00
-8.646309375762939453e-01,-9.601251482963562012e-01
-1.156820297241210938e+00,-1.079855322837829590e+00
-7.062966227531433105e-01,-1.017226696014404297e+00
-1.113022208213806152e+00,-1.628091335296630859e+00
-1.669856071472167969e+00,-1.442182540893554688e+00
-1.225160717964172363e+00,-1.263824224472045898e+00
-1.127703428268432617e+00,-1.707090139389038086e+00
-1.773580908775329590e+00,-5.819511413574218750e-01
-9.638556838035583496e-01,-1.708249449729919434e+00
-3.707623779773712158e-01,-8.027727007865905762e-01
-1.953001618385314941e+00,-9.393131732940673828e-01
-9.665670394897460938e-01,-1.588224649429321289e+00
-1.704236149787902832e+00,-1.268148660659790039e+00
-1.182012081146240234e+00,-6.824918985366821289e-01
-1.466466188430786133e+00,-7.869234681129455566e-01
-1.205718517303466797e+00,-2.568021774291992188e+00
-1.230345726013183594e+00,-8.770555257797241211e-01
-1.252728223800659180e+00,-9.005404710769653320e-01
-1.603213310241699219e+00,-1.037874579429626465e+00
-5.535398721694946289e-01,-1.076570272445678711e+00
-1.309006810188293457e+00,-1.312736392021179199e+00
-1.499121189117431641e+00,-9.739783406257629395e-01
-1.433323740959167480e+00,-1.773656129837036133e+00
-6.554464101791381836e-01,-1.614184737205505371e+00
-1.097361445426940918e+00,-1.746630668640136719e+00
-1.068083047866821289e+00,-1.285114884376525879e+00
-1.281832695007324219e+00,-1.021064043045043945e+00
-2.236931324005126953e+00,-6.372594237327575684e-01
-1.251692533493041992e+00,-1.276248931884765625e+00
-1.264401435852050781e+00,-9.052672982215881348e-01
-3.956414759159088135e-01,-1.610289692878723145e+00
-8.628309369087219238e-01,-1.102242350578308105e+00
-8.256769180297851562e-01,-9.564638137817382812e-01
-5.796238780021667480e-01,-9.906688332557678223e-01
-9.537127614021301270e-01,-1.637437462806701660e+00
-1.071524977684020996e+00,-8.343024253845214844e-01
-1.066562891006469727e+00,-9.595906734466552734e-01
-1.026511192321777344e+00,-1.091785907745361328e+00
-1.976329565048217773e+00,-1.711456894874572754e+00
-1.386410951614379883e+00,-1.073637366294860840e+00
-1.267568707466125488e+00,-8.517454266548156738e-01
-1.165502786636352539e+00,-1.403041958808898926e+00
-1.180468201637268066e+00,-2.810171842575073242e+00
-6.601377129554748535e-01,-1.111599206924438477e+00
-1.950674653053283691e-01,-8.241259455680847168e-01
-1.621255397796630859e+00,-1.203423619270324707e+00
-1.159684777259826660e+00,-1.504598736763000488e+00
-4.098053276538848877e-01,-1.390091300010681152e+00
-8.010326623916625977e-01,-1.673930406570434570e+00
-1.413253903388977051e+00,-9.730574488639831543e-01
-1.753576040267944336e+00,-4.986459910869598389e-01
-1.184609651565551758e+00,-8.522815108299255371e-01
-8.708405494689941406e-01,-1.293066143989562988e+00
-1.511982202529907227e+00,-3.632302284240722656e-01
-2.038926839828491211e+00,-9.758757948875427246e-01
-1.138594388961791992e+00,-7.337452769279479980e-01
-1.115205049514770508e+00,-9.552353024482727051e-01
-1.705443501472473145e+00,-1.270865559577941895e+00
-9.142550826072692871e-01,-9.382441639900207520e-01
-1.677448272705078125e+00,-9.773198962211608887e-01
-7.619287967681884766e-01,-1.189090251922607422e+00
-6.454400420188903809e-01,-1.495749115943908691e+00
-1.606463193893432617e-01,-1.037801027297973633e+00
-1.099228143692016602e+00,-1.082517027854919434e+00
-1.162680029869079590e+00,-1.195234537124633789e+00
-1.030912399291992188e+00,-1.970873713493347168e+00
-9.820980429649353027e-01,5.858697742223739624e-02
-1.018467187881469727e+00,-8.524945378303527832e-01
-1.708156466484069824e+00,-1.562360405921936035e+00
-1.862941384315490723e+00,-1.185346007347106934e+00
-1.347887039184570312e+00,-1.077685117721557617e+00
-1.051137566566467285e+00,-1.750816226005554199e+00
-1.137214660644531250e+00,-1.060592412948608398e+00
-2.291314840316772461e+00,-8.078244328498840332e-01
-9.034176170825958252e-02,-1.435458302497863770e+00
-7.274721860885620117e-01,-1.683647513389587402e+00
-1.426085114479064941e+00,-4.537654519081115723e-01
-1.546104907989501953e+00,-1.119635939598083496e+00
-4.369174540042877197e-01,-9.045557975769042969e-01
-1.000347971916198730e+00,-6.799769401550292969e-01
-1.289662361145019531e+00,-4.377183318138122559e-01
-1.546552181243896484e+00,-5.109345316886901855e-01
-1.141389369964599609e+00,1.153501197695732117e-01
-1.348443984985351562e+00,-1.709718585014343262e+00
-1.409347414970397949e+00,-2.497787237167358398e+00
-1.290242433547973633e+00,-1.544282913208007812e+00
-1.347818493843078613e+00,-1.495390772819519043e+00
-1.015947222709655762e+00,-1.253615379333496094e+00
-1.212821602821350098e+00,-8.007498383522033691e-01
-8.875758051872253418e-01,-5.041769742965698242e-01
-1.260314702987670898e+00,-1.813319563865661621e+00
-5.088056325912475586e-01,-8.984342217445373535e-01
-1.678978085517883301e+00,-8.757011890411376953e-01
-1.075003981590270996e+00,-1.253932952880859375e+00
-1.662913084030151367e+00,-1.647575616836547852e+00
-1.381936669349670410e+00,-4.878914058208465576e-01
-1.122113227844238281e+00,-9.844027757644653320e-01
-1.103865981101989746e+00,-1.521127581596374512e+00
-8.733236789703369141e-01,-9.848681688308715820e-01
-1.054382920265197754e+00,-8.803684711456298828e-01
-4.170916378498077393e-01,1.260201334953308105e-01
-1.435352325439453125e+00,-1.125107645988464355e+00
-1.321137547492980957e+00,-1.069501519203186035e+00
-8.472198247909545898e-01,-1.340880274772644043e+00
-6.444466114044189453e-01,-1.038715362548828125e+00
-1.317252635955810547e+00,-9.790561199188232422e-01
-8.395329713821411133e-01,-1.122779846191406250e+00
-9.682852029800415039e-01,-1.111215949058532715e+00
-1.611404180526733398e+00,-1.163433670997619629e+00
-1.568073749542236328e+00,-1.371926546096801758e+00
-4.658779799938201904e-01,-1.092396736145019531e+00
-1.684647917747497559e+00,-7.831447124481201172e-01
-3.995872735977172852e-01,-1.199507832527160645e+00
-1.093549013137817383e+00,-1.218009710311889648e+00
-1.074402093887329102e+00,-1.405943274497985840e+00
-1.888366103172302246e+00,-1.482893824577331543e-01
-1.227787852287292480e+00,-7.552410662174224854e-02
-9.315957427024841309e-01,-8.191076517105102539e-01
-1.206760883331298828e+00,-1.838325142860412598e+00
-1.408219218254089355e+00,-8.868449330329895020e-01
-6.274733543395996094e-01,-7.300853729248046875e-01
-4.512768387794494629e-01,-1.207548856735229492e+00
-1.403239727020263672e+00,-8.719393610954284668e-01
-1.155645132064819336e+00,-1.187690854072570801e+00
-1.647417902946472168e+00,-1.029519677162170410e+00
-1.506142735481262207e+00,-1.433362007141113281e+00
-2.396643638610839844e+00,-8.772578239440917969e-01
-7.628089189529418945e-01,-4.636481702327728271e-01
-1.190204977989196777e+00,-1.571726799011230469e+00
-1.070325970649719238e+00,1.472738683223724365e-01
-1.550707340240478516e+00,-1.334397196769714355e+00
-1.427695035934448242e+00,-8.942807316780090332e-01
-1.037198066711425781e+00,-8.823654055595397949e-01
-6.944462060928344727e-01,-9.261472225189208984e-01
-7.834289669990539551e-01,-8.622099161148071289e-01
-2.306475400924682617e+00,-9.394296407699584961e-01
-5.645663142204284668e-01,-1.506960630416870117e+00
-1.522804498672485352e+00,-1.397151112556457520e+00
-2.075848579406738281e+00,-1.282125473022460938e+00
-1.638102412223815918e+00,-1.543882131576538086e+00
-1.319010972976684570e+00,-1.048696637153625488e+00
-5.352494716644287109e-01,-1.055895566940307617e+00
-1.583170413970947266e+00,-5.149753093719482422e-01
-1.297605752944946289e+00,-9.772403240203857422e-01
-8.265093564987182617e-01,-1.004698038101196289e+00
-1.284568905830383301e+00,-1.540297150611877441e+00
-1.607583403587341309e+00,-9.738482832908630371e-01
-1.526293992996215820e+00,-5.572261214256286621e-01
-1.551901459693908691e+00,-1.181325316429138184e+00
-5.587260127067565918e-01,-1.150832891464233398e+00
-1.576239109039306641e+00,-1.758999705314636230e+00
-1.555798530578613281e+00,-1.606081843376159668e+00
-1.816378474235534668e+00,-1.556371927261352539e+00
-5.752983093261718750e-01,-9.899461269378662109e-01
-1.176369905471801758e+00,-9.507732987403869629e-01
-7.092263102531433105e-01,-1.668731451034545898e+00
-9.640400409698486328e-01,-6.400728225708007812e-01
-1.522656083106994629e+00,-6.354457139968872070e-01
-1.909026205539703369e-01,-1.178985238075256348e+00
-5.391888022422790527e-01,-9.106601476669311523e-01
-1.344053506851196289e+00,5.332124233245849609e-01
-7.316536307334899902e-01,-1.176330924034118652e+00
-4.808048903942108154e-01,-1.651839256286621094e+00
-7.016291022300720215e-01,-1.030547976493835449e+00
-1.105599164962768555e+00,-8.862854838371276855e-01
-1.607813358306884766e+00,-1.414020180702209473e+00
-1.220674872398376465e+00,-1.135765790939331055e+00
-1.339515447616577148e+00,9.752133488655090332e-01
-1.474617004394531250e+00,-5.067942142486572266e-01
-1.469950199127197266e+00,-6.806041300296783447e-02
-1.613837957382202148e+00,-3.634033799171447754e-01
-7.333028912544250488e-01,-1.592047810554504395e+00
-1.277270317077636719e+00,-1.339381337165832520e+00
-8.099020123481750488e-01,-3.927424550056457520e-01
-1.095951557159423828e+00,-1.011502385139465332e+00
-1.051493167877197266e+00,-6.164666414260864258e-01
-7.124415040016174316e-01,-1.280301570892333984e+00
-1.522961616516113281e+00,-9.258340597152709961e-01
-1.610658645629882812e+00,-9.473114013671875000e-01
-1.068732976913452148e+00,-6.918264627456665039e-01
-5.636562705039978027e-01,-8.617939949035644531e-01
-5.157070159912109375e-01,-9.421546459197998047e-01
-9.551023840904235840e-01,-1.100913643836975098e+00
-2.592092752456665039e-01,-9.794087409973144531e-01
-4.164960980415344238e-01,-1.214356184005737305e+00
-1.765195488929748535e+00,-1.352489948272705078e+00
-1.170569181442260742e+00,-1.331389188766479492e+00
-6.477156877517700195e-01,-4.764170348644256592e-01
-1.869457721710205078e+00,-1.299074172973632812e+00
-1.132021069526672363e+00,-1.351755023002624512e+00
-1.103237748146057129e+00,-1.025193691253662109e+00
-1.074780583381652832e+00,-1.184423804283142090e+00
-9.290846586227416992e-01,-5.666158795356750488e-01
-1.522717356681823730e+00,-1.342431664466857910e+00
-1.437738180160522461e+00,-9.270402789115905762e-01
-6.334086060523986816e-01,-1.053845763206481934e+00
-1.481266617774963379e+00,-1.701966404914855957e+00
-1.496594786643981934e+00,-9.889748692512512207e-01
-3.758194446563720703e-01,-1.233634829521179199e+00
-1.569539308547973633e+00,-1.429644942283630371e+00
-8.727765679359436035e-01,-1.310572266578674316e+00
-1.581371545791625977e+00,-1.625493645668029785e+00
-1.167187213897705078e+00,-4.750890433788299561e-01
-4.262562394142150879e-01,-1.549889206886291504e+00
-1.025361061096191406e+00,-1.411857604980468750e+00
-1.651439666748046875e+00,-1.000623345375061035e+00
-1.199316024780273438e+00,-1.269446372985839844e+00
2.209104001522064209e-01,-6.892322897911071777e-01
1.514122821390628815e-02,-1.156529545783996582e+00
-1.341533541679382324e+00,-8.891955614089965820e-01
-1.052222132682800293e+00,-6.254951357841491699e-01
-1.869880318641662598e+00,-1.274024605751037598e+00
-1.499056220054626465e+00,-5.023993849754333496e-01
-8.327738642692565918e-01,-9.258196949958801270e-01
-1.256079792976379395e+00,-1.758494138717651367e+00
-1.220134377479553223e+00,-3.540791273117065430e-01
-7.253239154815673828e-01,-9.594414234161376953e-01
-1.513633847236633301e+00,-1.335552096366882324e+00
-1.215704441070556641e+00,-5.815043449401855469e-01
-3.783656060695648193e-01,-1.142892599105834961e+00
-1.294990658760070801e+00,-1.249812364578247070e+00
-1.812691211700439453e+00,-9.074371457099914551e-01
-1.787961959838867188e+00,-9.753894805908203125e-01
-1.056604623794555664e+00,5.546888709068298340e-02
-1.890155792236328125e+00,-1.525784850120544434e+00
-1.268886566162109375e+00,-1.341022491455078125e+00
-8.380329012870788574e-01,-1.612689495086669922e+00
-2.397284507751464844e+00,-1.311760544776916504e+00
-8.472708463668823242e-01,-9.235101938247680664e-01
-1.343936681747436523e+00,-1.001485109329223633e+00
-1.119971156120300293e+00,-1.540186524391174316e+00
-1.074989914894104004e+00,-1.184108734130859375e+00
-9.000536799430847168e-01,-1.330520510673522949e+00
-2.438474297523498535e-01,-1.472152471542358398e+00
-9.898075461387634277e-01,-4.639375507831573486e-01
-5.018460750579833984e-01,-3.305084407329559326e-01
-1.349210619926452637e+00,-7.652773857116699219e-01
-1.979103565216064453e+00,-1.070084929466247559e+00
-1.019965052604675293e+00,-9.752817749977111816e-01
-1.227954149246215820e+00,-9.087262153625488281e-01
-4.701489210128784180e-01,-6.767628192901611328e-01
-1.393115878105163574e+00,-4.893950223922729492e-01
-1.098131537437438965e+00,-9.577757120132446289e-01
-1.793879866600036621e+00,-9.657034277915954590e-02
-1.988329410552978516e+00,-1.014828562736511230e+00
-1.030423879623413086e+00,-9.628106951713562012e-01
-9.269583225250244141e-01,-9.140374064445495605e-01
-1.230839252471923828e+00,-1.358633399009704590e+00
-1.213771939277648926e+00,-1.673597216606140137e+00
-1.700318336486816406e+00,-9.223896265029907227e-01
-9.011878967285156250e-01,-8.922532200813293457e-01
-3.467198312282562256e-01,-6.078163385391235352e-01
-8.993581533432006836e-01,-9.334202408790588379e-01
-1.076900124549865723e+00,-1.298551321029663086e+00
-1.309799313545227051e+00,-7.830547690391540527e-01
-1.069177031517028809e+00,-4.152758717536926270e-01
-8.281905055046081543e-01,-9.294279217720031738e-01
-1.229553103446960449e+00,-1.705904245376586914e+00
-6.607991456985473633e-01,-1.209034562110900879e+00
-2.001598596572875977e+00,-8.408553004264831543e-01
-1.446740269660949707e+00,-1.012467384338378906e+00
-1.354711294174194336e+00,-1.169410586357116699e+00
-1.704369306564331055e+00,-1.204375982284545898e+00
-9.600534439086914062e-01,-9.858601689338684082e-01
-8.974044322967529297e-01,-6.270681023597717285e-01
-1.126426815986633301e+00,-1.137543797492980957e+00
-1.250657558441162109e+00,-1.022764444351196289e+00
-5.141100883483886719e-01,-1.743804931640625000e+00
-7.628308534622192383e-01,-1.276872277259826660e+00
-1.174065709114074707e+00,-1.164424061775207520e+00
-1.190663099288940430e+00,-1.164782404899597168e+00
-1.286548018455505371e+00,-1.411952733993530273e+00
-3.828718662261962891e-01,-1.678194046020507812e+00
-1.284024477005004883e+00,-1.015843749046325684e+00
-1.111967325210571289e+00,-1.116784334182739258e+00
-1.557253360748291016e+00,-9.417369961738586426e-01
-1.016509413719177246e+00,2.110050991177558899e-02
-7.111366391181945801e-01,-9.010209441184997559e-01
-1.847516179084777832e+00,-1.352674961090087891e+00
-7.951089143753051758e-01,-1.251223921775817871e+00
-1.246761083602905273e+00,-1.032237291336059570e+00
-1.052714347839355469e+00,-4.847915768623352051e-01
-1.349865913391113281e+00,-1.300063252449035645e+00
-1.037352442741394043e+00,-4.442735910415649414e-01
-1.078755617141723633e+00,-1.699227809906005859e+00
-1.209324240684509277e+00,-6.544480323791503906e-01
-1.002226233482360840e+00,-1.247364401817321777e+00
-2.068217992782592773e+00,-2.117461264133453369e-01
-1.398119091987609863e+00,-1.716773867607116699e+00
-1.351899743080139160e+00,-1.139977574348449707e+00
-1.445724368095397949e+00,-2.174731492996215820e+00
-1.549871802330017090e+00,-1.209694504737854004e+00
-1.241589665412902832e+00,-9.173803925514221191e-01
-1.346556305885314941e+00,-1.016371607780456543e+00
-2.394656658172607422e+00,-1.513834238052368164e+00
-2.259842872619628906e+00,-9.409233331680297852e-01
-1.323019862174987793e+00,-7.924659848213195801e-01
-9.963078498840332031e-01,-2.834435224533081055e+00
-4.687266945838928223e-01,-4.986902475357055664e-01
-1.005647778511047363e+00,-1.398036003112792969e+00
-1.473967432975769043e+00,-6.020994186401367188e-01
-1.111910343170166016e+00,-1.422145128250122070e+00
-2.697668790817260742e+00,-9.978525042533874512e-01
-2.010132789611816406e+00,-1.708294987678527832e+00
-4.550478756427764893e-01,-1.688920617103576660e+00
-1.419581413269042969e+00,-9.866757988929748535e-01
-9.252211451530456543e-01,-1.593983054161071777e+00
-1.873099207878112793e+00,-5.267305970191955566e-01
-1.095775842666625977e+00,-3.856804370880126953e-01
-5.564557313919067383e-01,-8.631750941276550293e-01
-5.490912199020385742e-01,-1.890490055084228516e+00
-1.452372550964355469e+00,-9.472140073776245117e-01
-2.292999505996704102e+00,-1.499620676040649414e+00
-6.994198560714721680e-01,-1.006463289260864258e+00
-1.103709101676940918e+00,-1.658485293388366699e+00
-1.746323585510253906e+00,-1.094825983047485352e+00
-9.450375437736511230e-01,-7.959203720092773438e-01
-6.571440100669860840e-01,-8.970553874969482422e-01
-1.501053094863891602e+00,-1.573051810264587402e+00
-6.180295348167419434e-01,-4.681119024753570557e-01
-8.321486115455627441e-01,-1.113992333412170410e+00
-1.466177582740783691e+00,-1.423498868942260742e+00
-8.935866355895996094e-01,-5.713859796524047852e-01
-1.182595372200012207e+00,-1.146020174026489258e+00
-1.189222455024719238e+00,-1.014498591423034668e+00
-1.440870881080627441e+00,-1.115037322044372559e+00
-1.289076685905456543e+00,-9.502380490303039551e-01
-1.254602670669555664e+00,-1.023325681686401367e+00
-1.533135533332824707e+00,-1.676268815994262695e+00
-2.400029301643371582e-01,-1.149296760559082031e+00
-1.316983938217163086e+00,-9.012685418128967285e-01
-9.911646842956542969e-01,-9.227399826049804688e-01
-1.601705431938171387e+00,-1.142509579658508301e+00
-1.105201482772827148e+00,5.843197107315063477e-01
-1.541928529739379883e+00,1.189911723136901855e+00
-5.253397822380065918e-01,-4.295853376388549805e-01
-1.569957971572875977e+00,-9.829594492912292480e-01
-1.587713003158569336e+00,-1.020165681838989258e+00
-2.115650892257690430e+00,-1.939306616783142090e+00
-1.827623963356018066e+00,-1.553846359252929688e+00
-6.007991433143615723e-01,-8.320993781089782715e-01
-1.177214860916137695e+00,-1.069257259368896484e+00
-1.077312707901000977e+00,-7.678688764572143555e-01
-1.438313126564025879e+00,-1.019926071166992188e+00
-1.222586154937744141e+00,-1.523626208305358887e+00
-1.283467411994934082e+00,-6.187755465507507324e-01
-1.364266633987426758e+00,-9.151659607887268066e-01
-1.315040826797485352e+00,-4.609818458557128906e-01
-3.099067509174346924e-01,-1.502041578292846680e+00
-1.895415425300598145e+00,-1.819799065589904785e+00
-1.483893990516662598e+00,-1.378180265426635742e+00
-1.484044432640075684e+00,-8.446505665779113770e-01
-2.005597114562988281e+00,-9.749651551246643066e-01
-1.227967500686645508e+00,-3.529972136020660400e-01
-1.402205228805541992e+00,-9.611271619796752930e-01
-1.051176309585571289e+00,-1.090039849281311035e+00
-7.550016045570373535e-01,-1.296555042266845703e+00
-1.525240540504455566e+00,-1.048076272010803223e+00
-8.336090445518493652e-01,-8.940182328224182129e-01
-1.412981271743774414e+00,-3.473274409770965576e-01
-1.126103162765502930e+00,-1.161778211593627930e+00
-1.337331891059875488e+00,-1.487034678459167480e+00
-9.645040631294250488e-01,-4.664346277713775635e-01
-1.013348460197448730e+00,-1.707474231719970703e+00
-1.418511509895324707e+00,-8.485190868377685547e-01
-7.806031107902526855e-01,-1.294876098632812500e+00
-1.445778369903564453e+00,-1.107055187225341797e+00
-1.259376287460327148e+00,-1.016595363616943359e+00
-1.690230369567871094e+00,-1.103544950485229492e+00
-1.273950576782226562e+00,-1.090800881385803223e+00
-8.762985467910766602e-01,-1.616779446601867676e+00
-1.553605675697326660e+00,-5.092456936836242676e-01
-7.405049800872802734e-01,-1.458775997161865234e+00
-8.445852398872375488e-01,-1.705292463302612305e+00
-1.488718628883361816e+00,-1.573110938072204590e+00
-1.145686507225036621e+00,-9.348252415657043457e-01
-1.266184210777282715e+00,-9.991103410720825195e-01
-1.110803961753845215e+00,-1.055285453796386719e+00
-1.210605382919311523e+00,-7.496417760848999023e-01
-7.128478884696960449e-01,-9.118098020553588867e-01
-1.970504403114318848e+00,-9.668765664100646973e-01
-1.002935647964477539e+00,-3.913666903972625732e-01
-1.505809664726257324e+00,-1.003723859786987305e+00
-1.210401177406311035e+00,-1.415067791938781738e+00
-1.699062824249267578e+00,-1.143351674079895020e+00
-2.871049344539642334e-01,-9.334558248519897461e-01
-1.086181282997131348e+00,-6.566429734230041504e-01
-5.608670115470886230e-01,-9.964298605918884277e-01
-1.173324108123779297e+00,-8.880826234817504883e-01
-1.108820796012878418e+00,-5.775746703147888184e-01
-1.898171901702880859e+00,-1.200307846069335938e+00
-1.529307484626770020e+00,-1.547382354736328125e+00
-1.754308700561523438e+00,-1.640107870101928711e+00
-4.539676010608673096e-01,-1.105984091758728027e+00
-8.965154290199279785e-01,-9.333928823471069336e-01
-6.219009757041931152e-01,-1.000613212585449219e+00
-7.261008024215698242e-01,-2.403354883193969727e+00
-2.716584205627441406e+00,-1.340537667274475098e+00
-9.325065612792968750e-01,-1.618829727172851562e+00
-2.085795640945434570e+00,-7.211697697639465332e-01
-1.081775188446044922e+00,-6.934924125671386719e-01
-1.215816020965576172e+00,-1.170855045318603516e+00
-1.180871367454528809e+00,-1.092889666557312012e+00
-1.718003988265991211e+00,-1.389616966247558594e+00
-1.491405487060546875e+00,-1.381763100624084473e+00
-1.184524774551391602e+00,-8.124778866767883301e-01
-1.302608013153076172e+00,-4.788523018360137939e-01
-2.354717731475830078e+00,-9.863900542259216309e-01
1.622978687286376953e+00,-1.148773431777954102e+00
-1.115992546081542969e+00,-1.179612636566162109e+00
-1.921483874320983887e+00,-1.172250509262084961e+00
-9.032560586929321289e-01,-1.791287183761596680e+00
-1.619475364685058594e+00,-9.671585559844970703e-01
-1.890292644500732422e+00,-1.007434248924255371e+00
-1.113660573959350586e+00,-8.819251060485839844e-01
-7.332338690757751465e-01,-6.785755157470703125e-01
-1.050890564918518066e+00,-6.874890327453613281e-01
-1.745885252952575684e+00,-1.273426890373229980e+00
-1.618089199066162109e+00,-1.544422268867492676e+00
-9.074984192848205566e-01,-1.035000205039978027e+00
-1.741038799285888672e+00,-8.217745423316955566e-01
-1.083546400070190430e+00,-2.105602622032165527e-01
-5.515841245651245117e-01,-1.057180166244506836e+00
-1.119204401969909668e+00,-1.533846855163574219e+00
-1.266883492469787598e+00,-1.395909786224365234e+00
-1.147803544998168945e+00,-1.421774029731750488e-01
-1.039940357208251953e+00,-7.703898549079895020e-01
-7.498783469200134277e-01,-1.219891905784606934e+00
-1.481990694999694824e+00,-4.509253799915313721e-01
-1.291477799415588379e+00,-1.017227649688720703e+00
-8.236113786697387695e-01,-1.164081931114196777e+00
-1.047961115837097168e+00,-5.873229503631591797e-01
-1.111257076263427734e+00,-1.380703926086425781e+00
-1.359460234642028809e+00,-9.450016617774963379e-01
-1.652165055274963379e+00,-1.208438277244567871e+00
-1.903352379798889160e+00,-5.820327401161193848e-01
1.748431324958801270e-01,-1.184063673019409180e+00
-8.166713714599609375e-01,-1.162885069847106934e+00
1.313598394393920898e+00,-1.726143121719360352e+00
-8.380751013755798340e-01,-1.332414865493774414e+00
-9.687781929969787598e-01,-6.244688630104064941e-01
-1.488458871841430664e+00,-9.326058626174926758e-01
-1.997775912284851074e+00,-1.441883683204650879e+00
-7.490510940551757812e-01,-6.894578933715820312e-01
-1.556089997291564941e+00,-1.071431040763854980e+00
-7.000539302825927734e-01,-8.986321687698364258e-01
-1.552192807197570801e+00,-1.286070823669433594e+00
-1.149675369262695312e+00,-1.436298370361328125e+00
-1.251177906990051270e+00,-9.223997592926025391e-01
-1.293532609939575195e+00,-8.223534226417541504e-01
-1.268921613693237305e+00,-6.233759522438049316e-01
-1.724477410316467285e+00,-1.125872850418090820e+00
-7.739447355270385742e-01,3.993334248661994934e-02
-2.370009660720825195e+00,-6.528546810150146484e-01
-1.240854144096374512e+00,-1.711117863655090332e+00
-1.665223002433776855e+00,-6.692360043525695801e-01
-1.568605899810791016e+00,-1.722509264945983887e+00
-9.987925291061401367e-01,-9.655467271804809570e-01
-8.081459999084472656e-01,-1.102654695510864258e+00
-9.242312312126159668e-01,-6.515590548515319824e-01
-9.406560659408569336e-01,-1.479433774948120117e+00
-9.827409982681274414e-01,-7.970455288887023926e-01
-1.235727190971374512e+00,-5.524780154228210449e-01
-1.511966109275817871e+00,-1.290817260742187500e+00
-6.606139540672302246e-01,-1.019080281257629395e+00
-7.290899753570556641e-01,-9.711326360702514648e-01
-8.366334438323974609e-01,-9.493165612220764160e-01
-1.449418187141418457e+00,-9.966606497764587402e-01
-1.513844013214111328e+00,-1.112160444259643555e+00
-1.041039109230041504e+00,-1.262805819511413574e+00
-9.106608629226684570e-01,-8.840336203575134277e-01
-1.117726802825927734e+00,-9.010738730430603027e-01
-2.787171900272369385e-01,-1.070205688476562500e+00
-7.011384963989257812e-01,-1.037117481231689453e+00
-3.394031524658203125e-01,-1.212105154991149902e+00
-5.310487151145935059e-01,-1.034711122512817383e+00
-1.536338329315185547e+00,-1.411002993583679199e+00
-6.975107192993164062e-01,-1.330115795135498047e+00
-1.572643280029296875e+00,-9.960073232650756836e-01
-1.508349776268005371e+00,-1.636818766593933105e+00
-1.064529538154602051e+00,-1.318809270858764648e+00
-1.098616957664489746e+00,-1.189677119255065918e+00
-4.012132883071899414e-01,-1.432960152626037598e+00
-4.963522553443908691e-01,-1.793643712997436523e+00
-1.929801702499389648e+00,-1.090524196624755859e+00
-1.557343482971191406e+00,-9.937374591827392578e-01
-1.976626634597778320e+00,-1.523656606674194336e+00
-1.519782662391662598e+00,-9.696099162101745605e-01
-1.636623859405517578e+00,-1.410141825675964355e+00
-8.946694731712341309e-01,-1.145949482917785645e+00
-1.181504011154174805e+00,-1.054287075996398926e+00
-1.578674554824829102e+00,-1.921734929084777832e+00
-9.856430292129516602e-01,-8.979084491729736328e-01
-1.527529001235961914e+00,-5.210052728652954102e-01
-1.361256718635559082e+00,-1.017420291900634766e+00
-9.911716580390930176e-01,-1.143966436386108398e+00
-1.364893674850463867e+00,-9.571668505668640137e-01
-1.883865952491760254e+00,-1.177201867103576660e+00
-9.152191281318664551e-01,-1.696306109428405762e+00
-1.016670703887939453e+00,-8.468818664550781250e-01
-1.223503828048706055e+00,1.583890020847320557e-01
-1.105582237243652344e+00,-7.560082674026489258e-01
-9.831398129463195801e-01,-1.478129267692565918e+00
-1.154294729232788086e+00,-9.852730035781860352e-01
-5.331193208694458008e-01,-1.195661306381225586e+00
-8.621854782104492188e-01,-1.671131134033203125e+00
-1.804284900426864624e-01,-7.826432585716247559e-01
-1.412392139434814453e+00,-9.803346395492553711e-01
-1.394015073776245117e+00,-6.043191552162170410e-01
-5.024755001068115234e-01,-9.598999023437500000e-01
-1.358098506927490234e+00,-1.377588510513305664e+00
-1.799665212631225586e+00,-1.135787844657897949e+00
-2.772891283035278320e+00,-1.551562070846557617e+00
-9.964967370033264160e-01,-4.925474822521209717e-01
-1.074765563011169434e+00,-5.862050056457519531e-01
-9.895154833793640137e-01,-1.471773505210876465e+00
-5.043370127677917480e-01,-1.008864521980285645e+00
-1.088659405708312988e+00,-1.419870615005493164e+00
-9.435229897499084473e-01,-1.253403782844543457e+00
-1.098821997642517090e+00,-1.523081660270690918e+00
-1.114628791809082031e+00,-8.597456812858581543e-01
-1.539030909538269043e+00,-1.002333402633666992e+00
-5.318801999092102051e-01,-1.051672697067260742e+00
-1.349792003631591797e+00,-1.374042987823486328e+00
-3.038474917411804199e-01,-5.882853269577026367e-01
-8.906904458999633789e-01,-9.390065670013427734e-01
-1.600952148437500000e+00,-1.466021299362182617e+00
-1.289215564727783203e+00,-1.155714750289916992e+00
-4.815306067466735840e-01,-1.641645431518554688e+00
-1.319055080413818359e+00,-9.016162753105163574e-01
-1.084826827049255371e+00,-1.328034400939941406e+00
-1.664028882980346680e+00,-1.510624170303344727e+00
-5.611261725425720215e-01,-1.599051475524902344e+00
-1.086658000946044922e+00,-1.095945239067077637e+00
-9.290453195571899414e-01,-5.402565598487854004e-01
-1.625902652740478516e-01,-4.853818416595458984e-01
-6.378564983606338501e-02,-6.516627669334411621e-01
-1.482113361358642578e+00,-1.298272728919982910e+00
-4.121651351451873779e-01,-1.547396779060363770e+00
-1.397693037986755371e+00,-9.713891744613647461e-01
-8.614689707756042480e-01,-1.374900102615356445e+00
-1.217710003256797791e-01,-1.023884057998657227e+00
-1.620714426040649414e+00,-9.733124971389770508e-01
-1.579365134239196777e+00,-8.496587872505187988e-01
-1.131982684135437012e+00,-1.747594237327575684e+00
-8.781692981719970703e-01,-1.384399533271789551e+00
-2.058884859085083008e+00,-1.093742251396179199e+00
-4.603777527809143066e-01,-1.544667959213256836e+00
-1.324817180633544922e+00,-1.152327775955200195e+00
-1.233593940734863281e+00,-1.008529067039489746e+00
-1.138018965721130371e+00,-9.747804403305053711e-01
-1.560069203376770020e+00,-8.807004094123840332e-01
-1.793099641799926758e+00,-7.775067090988159180e-01
-2.400021314620971680e+00,-1.019985556602478027e+00
-9.646512269973754883e-01,-9.203536510467529297e-01
-1.498466134071350098e+00,-1.266428351402282715e+00
-1.199320912361145020e+00,-5.579752326011657715e-01
-2.343855798244476318e-01,-1.579140186309814453e+00
-1.648069500923156738e+00,-1.577444076538085938e+00
-1.515941619873046875e+00,-5.320869684219360352e-01
-1.119128704071044922e+00,-1.108358979225158691e+00
-1.258578777313232422e+00,-1.175283432006835938e+00
-1.301804065704345703e+00,-5.206270217895507812e-01
-1.656311750411987305e+00,-1.263535141944885254e+00
-8.221480846405029297e-01,-5.903365612030029297e-01
-1.315058469772338867e+00,-1.557127237319946289e+00
-1.077119827270507812e+00,-4.998598098754882812e-01
-1.217489957809448242e+00,-5.880486965179443359e-01
-1.039886474609375000e+00,-7.098706364631652832e-01
-4.947428405284881592e-01,-1.004837512969970703e+00
-1.011129841208457947e-01,-9.794988632202148438e-01
-1.317688345909118652e+00,-9.026201963424682617e-01
-1.084471344947814941e+00,-3.981853723526000977e-01
-6.346074938774108887e-01,-1.191959738731384277e+00
-1.310042262077331543e+00,-1.331171870231628418e+00
-7.046027183532714844e-01,-1.563365817070007324e+00
-9.887107610702514648e-01,-4.439745545387268066e-01
-1.069963455200195312e+00,-9.938027858734130859e-01
-1.956224560737609863e+00,-9.986053705215454102e-01
-1.272115945816040039e+00,-6.009489893913269043e-01
-7.920547127723693848e-01,-1.062795877456665039e+00
-1.394353032112121582e+00,-2.124329090118408203e+00
-1.019350409507751465e+00,-1.332746624946594238e+00
-9.070162177085876465e-01,-1.504934310913085938e+00
-1.494950652122497559e+00,-1.152068257331848145e+00
-8.231700062751770020e-01,-8.351817131042480469e-01
-5.304685235023498535e-01,-9.284455180168151855e-01
-1.110096096992492676e+00,-1.017205238342285156e+00
-1.706613779067993164e+00,-1.320807456970214844e+00
-7.206156253814697266e-01,-1.469696521759033203e+00
-1.263515830039978027e+00,-5.500836372375488281e-01
-8.876923918724060059e-01,-3.905379772186279297e-01
-1.276332855224609375e+00,-9.402079582214355469e-01
-1.340580105781555176e+00,-1.248337149620056152e+00
-9.067112207412719727e-01,-1.062140107154846191e+00
-9.308025240898132324e-01,-6.971815228462219238e-01
-9.311057925224304199e-01,-1.776996612548828125e+00
-8.825197219848632812e-01,-1.535725951194763184e+00
-1.691446542739868164e+00,-9.650611877441406250e-01
-1.598419070243835449e+00,-1.068551778793334961e+00
-8.579965233802795410e-01,-1.682430624961853027e+00
-1.189613461494445801e+00,-4.303399026393890381e-01
-1.322695136070251465e+00,-9.323854446411132812e-01
-1.143824338912963867e+00,-1.451462507247924805e+00
-1.821793317794799805e+00,-1.305117368698120117e+00
-2.862734198570251465e-01,-1.463581085205078125e+00
-1.814269661903381348e+00,-4.303745925426483154e-01
-9.253336191177368164e-01,-9.844371080398559570e-01
-9.516608119010925293e-01,-1.370238780975341797e+00
-1.398990392684936523e+00,-7.381827831268310547e-01
-1.254916429519653320e+00,-9.536689519882202148e-01
-4.888348877429962158e-01,-9.759510159492492676e-01
-1.086568355560302734e+00,-5.941546559333801270e-01
-1.623441100120544434e+00,-1.867000102996826172e+00
-1.233624070882797241e-01,-9.047995209693908691e-01
-1.295668601989746094e+00,-2.066066503524780273e+00
-3.757356405258178711e-01,-1.018610239028930664e+00
-7.798717021942138672e-01,-1.211711645126342773e+00
-1.340926408767700195e+00,-9.837329983711242676e-01
-5.882846713066101074e-01,-1.685740590095520020e+00
-7.747832536697387695e-01,-6.582787632942199707e-01
-1.593561768531799316e+00,-1.695342063903808594e+00
-1.238613843917846680e+00,-8.005177378654479980e-01
-1.786111593246459961e+00,-9.495490193367004395e-01
-1.278024435043334961e+00,-1.255655884742736816e+00
-1.115921735763549805e+00,-1.040388345718383789e+00
-1.202686905860900879e+00,-1.712721705436706543e+00
-1.133980870246887207e+00,-1.567239165306091309e+00
-1.644355535507202148e+00,-1.220797419548034668e+00
-7.085147500038146973e-01,-9.400039315223693848e-01
-1.148728728294372559e+00,-1.163015842437744141e+00
-7.154405713081359863e-01,-1.036334156990051270e+00
-5.662289261817932129e-01,-1.046736955642700195e+00
-1.407303810119628906e+00,-4.811426699161529541e-01
-1.097391724586486816e+00,-1.284916877746582031e+00
-2.108835697174072266e+00,-1.035129427909851074e+00
-1.650455951690673828e+00,-1.381648778915405273e+00
-4.632582366466522217e-01,-1.220411181449890137e+00
-1.284645318984985352e+00,-1.055671334266662598e+00
-1.354468703269958496e+00,-9.334489703178405762e-01
-1.071262955665588379e+00,-1.589829802513122559e+00
-1.254326224327087402e+00,-9.680526852607727051e-01
-1.506935238838195801e+00,-9.750476479530334473e-01
-6.150928735733032227e-01,-1.007473468780517578e+00
-1.895168900489807129e+00,-2.182954311370849609e+00
-1.332243204116821289e+00,-1.400367975234985352e+00
-2.237054347991943359e+00,-1.231144189834594727e+00
-1.990443348884582520e+00,-1.616776108741760254e+00
-1.398041486740112305e+00,-9.320349097251892090e-01
-8.423473834991455078e-01,-1.122708797454833984e+00
-2.571150064468383789e+00,-1.013066172599792480e+00
-1.091494441032409668e+00,-9.366554617881774902e-01
-7.979606986045837402e-01,-9.957510828971862793e-01
-1.491834878921508789e+00,-8.705641031265258789e-01
-2.844770193099975586e+00,-1.369769334793090820e+00
-1.194641113281250000e+00,-1.022946000099182129e+00
-9.747856855392456055e-01,-2.299715995788574219e+00
-1.118527531623840332e+00,-1.562465310096740723e+00
-1.433933377265930176e+00,-1.209496140480041504e+00
-1.064820170402526855e+00,-5.945396423339843750e-01
-1.114418506622314453e+00,-9.895008206367492676e-01
-5.497345924377441406e-01,-1.056213736534118652e+00
-1.710154533386230469e+00,-8.348914980888366699e-01
-1.190454363822937012e+00,-1.285050988197326660e+00
-1.546230196952819824e+00,-1.000812172889709473e+00
-7.160023450851440430e-01,-1.155689716339111328e+00
-1.321622490882873535e+00,-9.221644997596740723e-01
-1.366753578186035156e+00,-1.170460462570190430e+00
-1.062701106071472168e+00,-4.553250670433044434e-01
-1.748520731925964355e+00,-1.450435280799865723e+00
-1.706787586212158203e+00,-6.141045689582824707e-01
-1.392123579978942871e+00,-2.135948464274406433e-02
-7.256973981857299805e-01,-8.653466701507568359e-01
-1.622216463088989258e+00,-1.097772240638732910e+00
-1.244727015495300293e+00,-6.548570841550827026e-02
-2.614096701145172119e-01,-1.321678638458251953e+00
-5.563547015190124512e-01,-5.157197117805480957e-01
-1.231647968292236328e+00,-1.263347864151000977e+00
-8.594191074371337891e-01,-1.003985881805419922e+00
-7.067390084266662598e-01,-1.150025606155395508e+00
-1.081983447074890137e+00,-1.711645483970642090e+00
-1.170665740966796875e+00,-1.525062084197998047e+00
-1.236887335777282715e+00,-8.692204952239990234e-01
-1.477758049964904785e+00,-1.067095398902893066e+00
-1.748578310012817383e+00,-8.268128633499145508e-01
-6.945083737373352051e-01,-1.399441838264465332e+00
-6.521235108375549316e-01,-1.431499123573303223e+00
-1.809735059738159180e+00,-1.583950400352478027e+00
-8.703300952911376953e-01,-6.453286856412887573e-02
-1.108388185501098633e+00,-1.179726243019104004e+00
-1.294154047966003418e+00,-8.996172547340393066e-01
-1.208142876625061035e+00,1.961328625679016113e+00
-1.249272704124450684e+00,-1.399797201156616211e+00
-1.508621215820312500e+00,-1.049032926559448242e+00
-9.710562825202941895e-01,-1.328405022621154785e+00
-1.194089293479919434e+00,-4.303695559501647949e-01
-9.683039188385009766e-01,-1.459187865257263184e+00
-1.020853519439697266e+00,-4.674163758754730225e-01
-1.216719865798950195e+00,-1.027766704559326172e+00
-1.215652108192443848e+00,-2.871310710906982422e-01
-1.578319549560546875e+00,-7.933191657066345215e-01
-5.431464314460754395e-01,-9.836087226867675781e-01
-6.801950931549072266e-01,-1.302801132202148438e+00
-5.336977839469909668e-01,-9.537667632102966309e-01
-1.303985834121704102e+00,-9.979875087738037109e-01
-1.505279898643493652e+00,-8.496528863906860352e-01
-1.316004991531372070e+00,-1.292152404785156250e+00
-9.013844132423400879e-01,-1.150223970413208008e+00
-7.941229939460754395e-01,-8.803898096084594727e-01
-2.810831308364868164e+00,-1.209515333175659180e+00
-1.060220241546630859e+00,-1.697339057922363281e+00
-2.667273283004760742e+00,-1.022433996200561523e+00
-6.033048033714294434e-01,-1.064627051353454590e+00
-2.215743780136108398e+00,-1.334271907806396484e+00
-1.066193222999572754e+00,-1.285024046897888184e+00
-1.344921827316284180e+00,-9.312927126884460449e-01
-1.507064819335937500e+00,-9.727902412414550781e-01
-1.453189015388488770e+00,-1.047847032546997070e+00
-1.332631707191467285e+00,-1.186327695846557617e+00
-6.931280493736267090e-01,-8.992073535919189453e-01
-1.430199861526489258e+00,-9.050527811050415039e-01
-1.658312797546386719e+00,-1.705609798431396484e+00
-4.055545628070831299e-01,-1.226437091827392578e+00
-1.520616888999938965e+00,-8.779881596565246582e-01
-2.082931995391845703e+00,-7.487652897834777832e-01
-1.635527968406677246e+00,-9.724994301795959473e-01
-4.194253385066986084e-01,-1.515516757965087891e+00
-8.980820775032043457e-01,-1.528288960456848145e+00
-8.324671983718872070e-01,-1.143751263618469238e+00
-1.231358051300048828e+00,-1.041882991790771484e+00
-1.672828316688537598e+00,-1.282153844833374023e+00
-3.872138559818267822e-01,-9.517977833747863770e-01
-1.741745710372924805e+00,-1.681701779365539551e+00
-1.621184229850769043e+00,-1.370265126228332520e+00
-1.711780071258544922e+00,-9.292918443679809570e-01
-9.481984376907348633e-01,-1.139772534370422363e+00
-1.456105709075927734e+00,-1.205210566520690918e+00
-1.029674887657165527e+00,-1.421184659004211426e+00
-6.140322685241699219e-01,-1.371482729911804199e+00
-1.335742115974426270e+00,-9.879224896430969238e-01
-9.342505931854248047e-01,1.483798492699861526e-02
-1.074444532394409180e+00,-1.347388863563537598e+00
-4.613240659236907959e-01,-1.010208368301391602e+00
-6.679474711418151855e-01,-8.748416304588317871e-01
-9.611513018608093262e-01,-7.676652669906616211e-01
-9.328067302703857422e-01,-1.814152896404266357e-01
-5.768862962722778320e-01,-1.087099671363830566e+00
-1.235790729522705078e+00,-1.051696777343750000e+00
-1.047441363334655762e+00,-9.888870716094970703e-01
-1.231319785118103027e+00,-1.025108695030212402e+00
-1.396367907524108887e+00,-5.973805785179138184e-01
-1.216765403747558594e+00,-6.101040840148925781e-01
-4.735000431537628174e-01,-1.212746739387512207e+00
-9.244329333305358887e-01,-8.684502840042114258e-01
-1.164871692657470703e+00,-9.577351212501525879e-01
-1.133520483970642090e+00,-9.973624944686889648e-01
-1.507960438728332520e+00,-1.382645249366760254e+00
-9.539504051208496094e-01,-1.685462474822998047e+00
-1.635725378990173340e+00,-1.017233252525329590e+00
-2.143730401992797852e+00,-1.298296332359313965e+00
-1.059861063957214355e+00,-9.286316037178039551e-01
-2.137607336044311523e+00,-1.785536855459213257e-01
-5.397434830665588379e-01,-1.044704794883728027e+00
-8.346962928771972656e-01,-1.571816802024841309e+00
-3.099650442600250244e-01,6.434796452522277832e-01
-9.976981878280639648e-01,-4.644329845905303955e-01
-1.113380551338195801e+00,-9.427351951599121094e-01
-1.352167129516601562e+00,-1.388285279273986816e+00
-1.840332865715026855e+00,-9.669043421745300293e-01
-1.245783567428588867e+00,-1.033806800842285156e+00
-1.153007864952087402e+00,-9.538577198982238770e-01
-1.851549446582794189e-01,-1.572835803031921387e+00
-1.321465373039245605e+00,-9.698498249053955078e-01
-1.137596487998962402e+00,-9.540299177169799805e-01
-8.443196415901184082e-01,1.299811899662017822e-01
-6.076774001121520996e-01,-1.645124077796936035e+00
-1.177165746688842773e+00,-1.116128683090209961e+00
-5.000277161598205566e-01,-1.145894527435302734e+00
-1.985467553138732910e+00,-5.663462281227111816e-01
-1.570597529411315918e+00,-2.022831439971923828e+00
-1.143342256546020508e+00,-8.182431012392044067e-02
-1.607283711433410645e+00,-1.250272154808044434e+00
-8.378546833992004395e-01,-1.275070428848266602e+00
-1.873290657997131348e+00,-1.381344676017761230e+00
-2.101694345474243164e+00,-9.554311633110046387e-01
-8.205699324607849121e-01,-5.375975370407104492e-01
-7.316458821296691895e-01,-3.077192008495330811e-01
-7.749937176704406738e-01,-1.732106685638427734e+00
-1.020880103111267090e+00,-9.245984554290771484e-01
-1.684483587741851807e-01,-8.226294517517089844e-01
-8.762364983558654785e-01,-8.121646046638488770e-01
-1.803341388702392578e+00,-1.122360467910766602e+00
-1.103292942047119141e+00,-9.792962670326232910e-01
-1.426683068275451660e+00,-6.170405149459838867e-01
-1.924875378608703613e+00,-6.723546385765075684e-01
-9.106614589691162109e-01,-1.464359760284423828e+00
-9.399789571762084961e-01,-1.001667976379394531e+00
-1.083011269569396973e+00,-9.989782571792602539e-01
-1.585873603820800781e+00,-1.219568967819213867e+00
-5.836451053619384766e-01,-9.350696206092834473e-01
-9.105288982391357422e-01,-1.580279231071472168e+00
-1.654215335845947266e+00,-1.533240079879760742e+00
-1.181406259536743164e+00,-6.956522464752197266e-01
-1.914497256278991699e+00,-1.083537220954895020e+00
-1.037093997001647949e+00,-1.153710246086120605e+00
-2.113332748413085938e+00,-1.426197648048400879e+00
-1.156747579574584961e+00,-9.524579048156738281e-01
-1.231931567192077637e+00,-1.558952808380126953e+00
-2.716120779514312744e-01,-9.284853339195251465e-01
-1.483912825584411621e+00,-8.876289129257202148e-01
-1.087781310081481934e+00,-1.373515129089355469e+00
-1.109838247299194336e+00,-7.468891739845275879e-01
-8.880957961082458496e-01,-1.449302673339843750e+00
-1.390517473220825195e+00,-6.934841275215148926e-01
-4.716163873672485352e-01,-1.415930986404418945e+00
-1.760425925254821777e+00,-1.405400991439819336e+00
-9.754104614257812500e-01,-1.488646149635314941e+00
-1.088597655296325684e+00,-1.247080922126770020e+00
-1.746609687805175781e+00,-1.295792341232299805e+00
-1.286003828048706055e+00,-1.271684288978576660e+00
-1.248467922210693359e+00,-9.870010018348693848e-01
-5.776947140693664551e-01,-5.864607095718383789e-01
-1.075098633766174316e+00,-6.049345731735229492e-01
-5.239446163177490234e-01,-5.625382065773010254e-01
-1.108512163162231445e+00,-1.448811769485473633e+00
