-1.516638278961181641e+00,3.384820744395256042e-02,-1.445168256759643555e-01,2.038150131702423096e-01,9.113524556159973145e-01
-2.581325471401214600e-01,1.576771959662437439e-03,2.589591979980468750e+00,1.412924230098724365e-01,5.117965340614318848e-01
-2.177370786666870117e+00,6.917387247085571289e-02,9.902490973472595215e-01,-4.201702475547790527e-01,3.131560683250427246e-01
-1.581819772720336914e+00,2.830683439970016479e-02,7.254888415336608887e-01,3.170353174209594727e-01,-1.391602396965026855e+00
-1.650855183601379395e+00,7.881890237331390381e-02,4.155884087085723877e-01,1.703683435916900635e-01,-5.884994864463806152e-01
-1.757829904556274414e+00,8.543873578310012817e-02,-2.336393669247627258e-02,1.928474009037017822e-01,8.514282107353210449e-01
-1.275451660156250000e+00,1.032175496220588684e-02,1.759656667709350586e+00,8.270336687564849854e-02,2.569168567657470703e+00
-1.825170636177062988e+00,2.920139133930206299e-01,1.348507285118103027e+00,-8.505185246467590332e-01,1.082026124000549316e+00
-2.570627927780151367e+00,-1.162388771772384644e-01,-1.363750576972961426e+00,-7.424809932708740234e-01,2.798117876052856445e+00
-2.264831781387329102e+00,-8.592698723077774048e-03,1.440824627876281738e+00,3.919988572597503662e-01,-1.512205719947814941e+00
-1.612388014793395996e+00,7.270459830760955811e-02,2.446440011262893677e-01,-5.056103467941284180e-01,1.810255408287048340e+00
-8.788651227951049805e-01,1.773465797305107117e-02,-1.061521649360656738e+00,6.139900907874107361e-02,2.152956724166870117e+00
-2.189789772033691406e+00,-3.315657377243041992e-02,1.038280963897705078e+00,-2.013273388147354126e-01,2.815931439399719238e-01
-1.763418555259704590e+00,2.123334631323814392e-02,-3.789415955543518066e-02,-9.194264188408851624e-03,-6.963561773300170898e-01
-1.656171083450317383e+00,-1.525225788354873657e-01,5.412202477455139160e-01,1.004485726356506348e+00,-2.871976137161254883e+00
-1.788418769836425781e+00,-2.055984139442443848e-01,-6.601011753082275391e-01,8.050065040588378906e-01,1.089614391326904297e+00
-2.086121082305908203e+00,5.944956839084625244e-02,7.007812261581420898e-01,-2.800458371639251709e-01,-7.464785575866699219e-01
-1.902360677719116211e+00,4.578897356986999512e-02,-8.960127830505371094e-01,4.036862552165985107e-01,-1.929763555526733398e+00
-1.361338138580322266e+00,9.817324876785278320e-01,-1.975268959999084473e+00,1.154578447341918945e+00,2.231204509735107422e+00
-1.581755518913269043e+00,-1.769571378827095032e-02,-8.288098126649856567e-02,1.107580438256263733e-01,1.469945073127746582e+00
-1.546118378639221191e+00,2.881963253021240234e-01,1.529884338378906250e-01,-4.944055080413818359e-01,1.999987006187438965e+00
-1.949023842811584473e+00,9.359712004661560059e-01,1.376142978668212891e+00,7.844303846359252930e-01,2.188894271850585938e+00
-1.283972501754760742e+00,6.582506000995635986e-02,-1.156769752502441406e+00,-1.813155561685562134e-01,-1.602885723114013672e+00
-1.875699162483215332e+00,-8.698102831840515137e-02,-6.750515103340148926e-01,-4.538631811738014221e-02,-7.773816585540771484e-03
-1.556549906730651855e+00,8.934648334980010986e-02,1.063404511660337448e-02,-1.273588687181472778e-01,-2.612703084945678711e+00
-1.090896964073181152e+00,2.304667979478836060e-02,-2.520954608917236328e+00,-3.793334215879440308e-02,1.307912468910217285e+00
-2.801448345184326172e+00,6.075470447540283203e-01,-9.786593914031982422e-01,-9.394688606262207031e-01,3.690513670444488525e-01
-1.534782886505126953e+00,-1.856778934597969055e-02,1.174402981996536255e-02,-7.875181734561920166e-02,-1.844953060150146484e+00
-1.672550439834594727e+00,-4.825878888368606567e-02,-2.346169948577880859e-01,5.351921916007995605e-01,1.083006262779235840e+00
-2.033722162246704102e+00,-4.425169155001640320e-02,6.781008839607238770e-01,7.809584736824035645e-01,-4.243442714214324951e-01
-1.483893632888793945e+00,-4.841648042201995850e-04,-1.228473305702209473e+00,-2.767145931720733643e-01,-2.146921396255493164e+00
-1.467683434486389160e+00,1.012962460517883301e-01,7.659765481948852539e-01,5.905795097351074219e-02,-2.645794630050659180e+00
-1.624268889427185059e+00,-3.980344831943511963e-01,4.987924993038177490e-01,1.222724676132202148e+00,1.445396423339843750e+00
-1.337887406349182129e+00,-7.098747789859771729e-02,6.566239595413208008e-01,-1.189675107598304749e-01,5.673630237579345703e-01
-2.157194852828979492e+00,-1.586856991052627563e-01,-1.098989129066467285e+00,1.004540324211120605e+00,-1.662479519844055176e+00
-2.084924221038818359e+00,-9.248067438602447510e-02,1.221339225769042969e+00,-2.900338172912597656e-02,-3.911612033843994141e-01
-1.480584383010864258e+00,5.031262338161468506e-02,-1.652127265930175781e+00,3.191059827804565430e-02,-9.640662074089050293e-01
-1.753670811653137207e+00,-3.606142401695251465e-01,1.233964920043945312e+00,9.593326449394226074e-01,-7.789152264595031738e-01
-1.552859067916870117e+00,-7.930452376604080200e-02,2.666492462158203125e-01,4.573198556900024414e-01,2.620222568511962891e+00
-1.501731634140014648e+00,-9.599576890468597412e-02,3.542352020740509033e-01,-2.089168578386306763e-01,6.289864778518676758e-01
-1.756081819534301758e+00,-4.039952158927917480e-02,1.489631980657577515e-01,-1.201211810111999512e+00,9.661062955856323242e-01
-1.611228942871093750e+00,1.561751365661621094e-01,-1.345629453659057617e+00,-6.149815320968627930e-01,-2.111366510391235352e+00
-2.349683046340942383e+00,1.967432349920272827e-02,7.699216604232788086e-01,-2.633117735385894775e-01,4.762384891510009766e-01
-2.380214452743530273e+00,1.693257689476013184e-01,2.173080682754516602e+00,-2.939104437828063965e-01,1.181413412094116211e+00
-2.405315399169921875e+00,2.012971341609954834e-01,-9.212622046470642090e-01,-3.351382315158843994e-01,-1.888612270355224609e+00
-1.886890172958374023e+00,-7.669869810342788696e-03,1.904514908790588379e+00,-1.912954598665237427e-01,-1.120251297950744629e+00
-1.705292463302612305e+00,2.143000960350036621e-01,3.855561017990112305e-01,-9.562863111495971680e-01,4.833091795444488525e-01
-9.957284927368164062e-01,-7.762134075164794922e-03,-1.584069728851318359e+00,-1.667088419198989868e-01,-5.524312257766723633e-01
-1.062846779823303223e+00,8.728293329477310181e-02,1.072655797004699707e+00,4.482850804924964905e-02,1.922194242477416992e+00
-2.253627061843872070e+00,1.275202482938766479e-01,9.495083689689636230e-01,-1.563559919595718384e-01,-7.129432559013366699e-01
-2.198771238327026367e+00,-2.920169383287429810e-03,-1.298681139945983887e+00,2.152616381645202637e-01,-1.563716769218444824e+00
-1.717037916183471680e+00,-5.024373531341552734e-03,1.074792861938476562e+00,-4.019346237182617188e-01,-1.640366554260253906e+00
-1.498737812042236328e+00,-3.277344405651092529e-01,-3.474646806716918945e-01,1.072877168655395508e+00,-2.294010639190673828e+00
-1.859715461730957031e+00,1.991061866283416748e-02,-2.029727399349212646e-01,2.202250212430953979e-01,1.953029632568359375e-01
-2.645485401153564453e+00,9.812474250793457031e-01,1.130258083343505859e+00,-1.056400775909423828e+00,1.942986547946929932e-01
-1.762885808944702148e+00,8.944173157215118408e-02,2.571991384029388428e-01,-1.584975242614746094e+00,-2.001636028289794922e+00
-1.962589144706726074e+00,-3.366149961948394775e-02,1.184732556343078613e+00,-4.309713840484619141e-02,1.091488838195800781e+00
-1.561018824577331543e+00,1.873031705617904663e-01,-7.515119314193725586e-01,-1.467523336410522461e+00,1.419754266738891602e+00
-8.824712038040161133e-01,6.542109251022338867e-01,1.877750515937805176e+00,8.030440211296081543e-01,1.311676144599914551e+00
-1.715403676033020020e+00,1.950111687183380127e-01,-5.950493812561035156e-01,1.604285478591918945e+00,-2.860182046890258789e+00
-2.003527402877807617e+00,-1.647401601076126099e-02,9.872797727584838867e-01,3.645593822002410889e-01,1.132444262504577637e+00
-1.774590611457824707e+00,-6.926721334457397461e-02,2.180793046951293945e+00,5.832555294036865234e-01,-2.306243896484375000e+00
-1.934113025665283203e+00,3.941602259874343872e-02,6.791332960128784180e-01,1.191712543368339539e-02,-6.313658952713012695e-01
-1.905181288719177246e+00,1.125719249248504639e-01,1.068673849105834961e+00,4.573535025119781494e-01,2.956097364425659180e+00
-4.932900965213775635e-01,7.855000346899032593e-02,-1.235882401466369629e+00,-6.829807758331298828e-01,7.495355010032653809e-01
-8.564279079437255859e-01,-2.065595984458923340e-01,2.347623825073242188e+00,5.609386563301086426e-01,3.058267533779144287e-01
-2.329451799392700195e+00,1.889254450798034668e-01,9.435677528381347656e-01,-5.048506855964660645e-01,-3.131192922592163086e-01
-1.018215894699096680e+00,1.003113389015197754e-01,1.802095413208007812e+00,1.207054555416107178e-01,1.115565538406372070e+00
-2.022439718246459961e+00,1.194783672690391541e-02,-5.433059334754943848e-01,2.316501140594482422e-01,-9.749938249588012695e-01
-1.579465508460998535e+00,2.678517624735832214e-02,-1.635451912879943848e-01,1.652233898639678955e-01,2.049340724945068359e+00
-2.245630264282226562e+00,-3.353804349899291992e-01,-2.132844924926757812e+00,-1.080823898315429688e+00,-2.290268898010253906e+00
5.584909915924072266e-01,6.730047613382339478e-02,2.687945127487182617e+00,-3.143436014652252197e-01,2.209569215774536133e+00
-1.587601304054260254e+00,3.209648281335830688e-02,-3.291155397891998291e-02,-3.160165846347808838e-01,1.333349943161010742e-02
-1.605753660202026367e+00,-2.856112644076347351e-02,1.380411386489868164e-01,3.164899349212646484e-01,-5.545576810836791992e-01
-1.566018939018249512e+00,-7.071618735790252686e-02,-2.303879112005233765e-01,-9.698508679866790771e-02,-2.326088190078735352e+00
-1.565318703651428223e+00,-3.189563006162643433e-02,8.031482696533203125e-01,6.244946271181106567e-02,2.925185203552246094e+00
-1.710220932960510254e+00,4.815158247947692871e-02,-2.014023959636688232e-01,3.388408124446868896e-01,5.943980216979980469e-01
-2.013821601867675781e+00,-6.718503683805465698e-02,-9.032344818115234375e-01,-9.425935149192810059e-01,2.100095033645629883e+00
-1.555221319198608398e+00,-3.121703304350376129e-02,1.409567296504974365e-01,1.029311791062355042e-01,-1.697010397911071777e+00
-1.762967586517333984e+00,1.009249687194824219e-02,-1.492737680673599243e-01,4.047947376966476440e-02,1.693226575851440430e+00
-1.804618000984191895e+00,1.564143300056457520e-01,-3.923470675945281982e-01,-6.914671063423156738e-01,-2.129543304443359375e+00
-2.371075868606567383e+00,-9.801195561885833740e-02,1.670728921890258789e+00,-2.682597637176513672e-01,-2.612679600715637207e-01
-2.260604619979858398e+00,-1.853382587432861328e-02,1.236060380935668945e+00,4.231157600879669189e-01,1.453747630119323730e+00
-1.619336009025573730e+00,1.034340262413024902e-02,-1.000992655754089355e-01,3.858423233032226562e-01,1.140379667282104492e+00
-1.509904026985168457e+00,-3.413267433643341064e-02,-1.999434709548950195e+00,-7.135186791419982910e-01,1.361052155494689941e+00
-2.171970367431640625e+00,-1.114691138267517090e+00,1.693209648132324219e+00,1.333061695098876953e+00,-5.243967175483703613e-01
-1.553182601928710938e+00,1.142555475234985352e-02,3.641294240951538086e-01,-9.173629283905029297e-01,2.705267071723937988e-02
-2.547976970672607422e+00,2.502786815166473389e-01,1.130739092826843262e+00,-5.542492866516113281e-01,8.556494712829589844e-01
-1.541787385940551758e+00,-5.309263244271278381e-02,1.395819783210754395e+00,2.879761755466461182e-01,1.436322569847106934e+00
-1.725489020347595215e+00,-1.142008006572723389e-01,1.471410095691680908e-01,1.459404975175857544e-01,9.506314992904663086e-01
-1.580802321434020996e+00,-5.729012563824653625e-02,-3.026743233203887939e-01,6.887351274490356445e-01,-1.150558829307556152e+00
-1.669835805892944336e+00,-7.859247922897338867e-02,-6.166884899139404297e-01,-1.991472542285919189e-01,2.273099422454833984e+00
-1.883773684501647949e+00,4.396539181470870972e-03,5.270859599113464355e-01,5.566790699958801270e-01,-1.288395524024963379e-01
-1.632562398910522461e+00,3.169329762458801270e-01,4.174102246761322021e-01,1.049318432807922363e+00,-2.832241535186767578e+00
-1.715117931365966797e+00,-2.874487079679965973e-02,1.277254223823547363e+00,3.516672551631927490e-01,2.330222129821777344e+00
-1.614212036132812500e+00,-7.625730335712432861e-02,-7.285747677087783813e-02,7.337929308414459229e-02,-1.860692620277404785e+00
-1.743478655815124512e+00,3.876679018139839172e-02,2.780266106128692627e-01,1.551600694656372070e-01,7.259237766265869141e-01
-1.647830963134765625e+00,-7.487779855728149414e-02,-9.834038019180297852e-01,3.983847796916961670e-01,2.545731544494628906e+00
-1.774344682693481445e+00,4.955799281597137451e-01,-9.456962347030639648e-01,1.168768167495727539e+00,8.125365376472473145e-01
-1.689216256141662598e+00,8.386803418397903442e-02,2.312429249286651611e-01,7.957144081592559814e-02,2.673831701278686523e+00
