-6.119449138641357422e-01,-2.328364998102188110e-01
2.022282600402832031e+00,2.376534938812255859e+00
-3.050166368484497070e-01,-2.389167994260787964e-01
1.425750970840454102e+00,1.109930276870727539e+00
7.965952754020690918e-01,8.911465406417846680e-01
1.934118866920471191e+00,2.545995235443115234e+00
-2.019904851913452148e+00,-1.928245663642883301e+00
2.202249765396118164e+00,1.856027722358703613e+00
-1.659196376800537109e+00,-1.568274378776550293e+00
1.725651025772094727e+00,1.821723461151123047e+00
-2.070358753204345703e+00,-1.788415312767028809e+00
7.790826559066772461e-01,9.763728976249694824e-01
2.346707582473754883e+00,2.618846893310546875e+00
-1.824185490608215332e+00,-2.353298664093017578e+00
-2.040507078170776367e+00,-1.946503520011901855e+00
-2.470204114913940430e+00,-2.698050975799560547e+00
-6.574185490608215332e-01,-1.446052074432373047e+00
2.383206367492675781e+00,2.832880735397338867e+00
-2.268381595611572266e+00,-2.556066274642944336e+00
-3.099591732025146484e-01,-3.448029160499572754e-01
-6.042268276214599609e-01,-6.512092947959899902e-01
-5.949921607971191406e-01,-7.091782093048095703e-01
-4.461936652660369873e-01,-1.465296447277069092e-01
-2.245565414428710938e+00,-2.650684118270874023e+00
-1.696224570274353027e+00,-2.026242971420288086e+00
-8.507743477821350098e-01,-1.187152504920959473e+00
2.446712970733642578e+00,2.288995981216430664e+00
-1.850168585777282715e+00,-2.210685729980468750e+00
2.476847410202026367e+00,2.695038318634033203e+00
-2.330762743949890137e-01,-1.817964464426040649e-01
-2.730880677700042725e-01,-2.288855612277984619e-01
-4.753702878952026367e-01,-4.149261713027954102e-01
-2.062232494354248047e+00,-1.661440491676330566e+00
-1.934962153434753418e+00,-2.071597337722778320e+00
-4.385075569152832031e-01,-6.435430645942687988e-01
1.486914634704589844e+00,1.400612115859985352e+00
-1.446613669395446777e-01,-1.289817839860916138e-01
-1.441599726676940918e+00,-1.632223963737487793e+00
-2.284506320953369141e+00,-2.590116024017333984e+00
2.530879735946655273e+00,2.750348091125488281e+00
1.532058715820312500e+00,2.214588165283203125e+00
2.404670476913452148e+00,2.744575977325439453e+00
-7.428119182586669922e-01,-8.441882729530334473e-01
1.249516844749450684e+00,1.426616668701171875e+00
-2.667765378952026367e+00,-2.259169816970825195e+00
-5.742844343185424805e-01,-5.055395960807800293e-01
1.518778443336486816e+00,1.572673320770263672e+00
9.140370488166809082e-01,1.403991103172302246e+00
2.244801044464111328e+00,2.486592531204223633e+00
-1.543827295303344727e+00,-1.848242521286010742e+00
-2.063612222671508789e+00,-1.772116422653198242e+00
-2.135752141475677490e-01,-5.558759570121765137e-01
2.798536777496337891e+00,2.936914920806884766e+00
-4.822675287723541260e-01,-4.036359488964080811e-01
-2.292057514190673828e+00,-1.855858683586120605e+00
-2.192927122116088867e+00,-2.386431932449340820e+00
-1.927757978439331055e+00,-2.051121711730957031e+00
-1.547938346862792969e+00,-8.493313193321228027e-01
1.628698348999023438e+00,2.246550083160400391e+00
1.424687385559082031e+00,1.185907244682312012e+00
-2.396038293838500977e+00,-2.280222415924072266e+00
-3.606942296028137207e-01,-6.560614109039306641e-01
2.466911315917968750e+00,2.677673339843750000e+00
-2.666009366512298584e-01,-3.926569595932960510e-03
2.919286251068115234e+00,2.852808713912963867e+00
-1.273191690444946289e+00,-1.479135274887084961e+00
1.766007781028747559e+00,1.655072212219238281e+00
-1.474797487258911133e+00,-1.737340569496154785e+00
-2.633929252624511719e+00,-2.535306453704833984e+00
-1.003720521926879883e+00,-1.330442190170288086e+00
2.098395824432373047e+00,1.971615672111511230e+00
2.006313562393188477e+00,2.026707887649536133e+00
3.591548278927803040e-02,-4.227485954761505127e-01
5.865632891654968262e-01,4.430958628654479980e-01
1.928890347480773926e+00,2.245096445083618164e+00
7.808181643486022949e-01,1.522835254669189453e+00
-2.387760639190673828e+00,-2.270911693572998047e+00
-2.789522409439086914e+00,-2.900368928909301758e+00
-2.062356710433959961e+00,-1.523894548416137695e+00
-1.593879222869873047e+00,-1.071509599685668945e+00
9.224306344985961914e-01,8.946818113327026367e-01
-1.533513426780700684e+00,-1.352694630622863770e+00
2.349696397781372070e+00,2.384499549865722656e+00
1.156372502446174622e-01,-1.299138665199279785e-01
-1.930670142173767090e+00,-1.893071770668029785e+00
-2.494901418685913086e+00,-2.469336748123168945e+00
1.202436208724975586e+00,1.000583767890930176e+00
9.618998765945434570e-01,7.817110419273376465e-01
7.788066864013671875e-01,7.426185607910156250e-01
-1.778196930885314941e+00,-2.167600870132446289e+00
-2.600094795227050781e+00,-2.663218498229980469e+00
-1.699685215950012207e+00,-1.493497133255004883e+00
-7.403583824634552002e-02,3.295394778251647949e-01
2.886899709701538086e+00,2.653777360916137695e+00
1.852300524711608887e+00,1.839604735374450684e+00
-1.233766317367553711e+00,-1.207651972770690918e+00
-1.325672026723623276e-02,8.954865857958793640e-03
-1.524594545364379883e+00,-1.482625842094421387e+00
8.428342640399932861e-02,3.654529154300689697e-02
-2.526469707489013672e+00,-2.065538406372070312e+00
-1.635202050209045410e+00,-1.476554870605468750e+00
2.069318532943725586e+00,2.172907114028930664e+00
1.403296947479248047e+00,1.650672554969787598e+00
-2.849820613861083984e+00,-2.812444210052490234e+00
3.529687821865081787e-01,6.525806784629821777e-01
-1.650824427604675293e+00,-1.880210399627685547e+00
-2.701095342636108398e+00,-2.498431682586669922e+00
-1.438159823417663574e+00,-1.689661145210266113e+00
1.242829680442810059e+00,2.007692813873291016e+00
-1.783863425254821777e+00,-1.499372839927673340e+00
-2.399612814188003540e-01,3.040329925715923309e-02
-2.256839513778686523e+00,-2.422311305999755859e+00
1.410117745399475098e+00,1.102703213691711426e+00
-2.368597030639648438e+00,-2.936170101165771484e+00
-6.562129259109497070e-01,-2.563676238059997559e-01
2.253207921981811523e+00,2.126028060913085938e+00
1.806677937507629395e+00,2.272397518157958984e+00
2.070770025253295898e+00,2.536169767379760742e+00
4.942674636840820312e-01,8.654223680496215820e-01
2.418401241302490234e+00,2.164634704589843750e+00
8.318446874618530273e-01,1.059565663337707520e+00
2.176358461380004883e+00,2.585504293441772461e+00
5.516167879104614258e-01,6.715839505195617676e-01
-4.335175156593322754e-01,-7.273727655410766602e-01
-1.963609904050827026e-01,-4.518130421638488770e-01
-1.580200672149658203e+00,-1.880153179168701172e+00
-2.884964704513549805e+00,-2.671501159667968750e+00
-2.222405433654785156e+00,-2.576771497726440430e+00
-2.015363216400146484e+00,-2.187695026397705078e+00
-5.896995663642883301e-01,-4.542214870452880859e-01
-2.828005552291870117e-01,-2.091661542654037476e-01
1.770374894142150879e+00,1.513259768486022949e+00
8.405308127403259277e-01,1.240674018859863281e+00
2.934378147125244141e+00,2.382145881652832031e+00
-1.485008239746093750e+00,-1.146141767501831055e+00
-1.702420830726623535e+00,-1.671597003936767578e+00
9.431865215301513672e-01,6.874202489852905273e-01
1.271486282348632812e+00,1.581992626190185547e+00
-2.250780820846557617e+00,-2.047648429870605469e+00
7.750543355941772461e-01,9.558246731758117676e-01
7.555788159370422363e-01,8.234812021255493164e-01
1.799772620201110840e+00,1.788930535316467285e+00
5.901820063591003418e-01,9.603620767593383789e-01
1.038313031196594238e+00,8.166997432708740234e-01
-1.517614483833312988e+00,-1.124736547470092773e+00
2.867102861404418945e+00,2.894426584243774414e+00
2.310325622558593750e+00,2.446827650070190430e+00
-1.771489739418029785e+00,-1.848660349845886230e+00
2.002550840377807617e+00,1.896798849105834961e+00
2.078166246414184570e+00,1.647683501243591309e+00
9.953143000602722168e-01,9.090731739997863770e-01
-1.351649761199951172e+00,-1.413180470466613770e+00
-1.609453916549682617e+00,-9.659129381179809570e-01
-1.613178133964538574e+00,-1.950213432312011719e+00
-9.309501945972442627e-02,3.041486442089080811e-01
-4.800665378570556641e-02,-1.999427378177642822e-02
-2.107924222946166992e+00,-1.874743819236755371e+00
1.813903331756591797e+00,1.704868793487548828e+00
1.384400725364685059e+00,1.655597686767578125e+00
-2.540126085281372070e+00,-2.719002723693847656e+00
-1.013208031654357910e+00,-1.415742635726928711e+00
7.952978014945983887e-01,6.613979935646057129e-01
1.724408864974975586e+00,1.826424479484558105e+00
-2.406475305557250977e+00,-2.604897260665893555e+00
-2.009796857833862305e+00,-1.881868839263916016e+00
1.494931429624557495e-01,-3.035880327224731445e-01
-7.458685636520385742e-01,-4.474974274635314941e-01
-2.482414960861206055e+00,-2.386139631271362305e+00
8.463732004165649414e-01,1.423843622207641602e+00
-2.598448514938354492e+00,-2.329362392425537109e+00
6.507386565208435059e-01,5.079395771026611328e-01
-1.558131217956542969e+00,-1.755992054939270020e+00
1.577903151512145996e+00,1.652464866638183594e+00
-1.732407689094543457e+00,-1.440017223358154297e+00
-1.970676660537719727e+00,-1.772056937217712402e+00
-2.102787494659423828e+00,-2.168561220169067383e+00
9.407460093498229980e-01,7.966375350952148438e-01
-2.655864238739013672e+00,-2.903197050094604492e+00
5.461101979017257690e-02,-3.239216208457946777e-01
-1.489601016044616699e+00,-1.782778620719909668e+00
-2.004647016525268555e+00,-1.468817710876464844e+00
-5.516150593757629395e-01,-1.052495002746582031e+00
-2.130779027938842773e+00,-2.304992437362670898e+00
2.416877031326293945e+00,2.423952817916870117e+00
2.264390468597412109e+00,2.269429683685302734e+00
-9.521039128303527832e-01,-1.335057973861694336e+00
6.035633683204650879e-01,1.089015126228332520e+00
1.133602261543273926e+00,1.122523903846740723e+00
8.131362199783325195e-01,1.095505952835083008e+00
4.241433739662170410e-01,9.400822520256042480e-01
1.690918654203414917e-01,3.527745008468627930e-01
1.107852220535278320e+00,1.631503224372863770e+00
-1.438631653785705566e+00,-8.258057236671447754e-01
1.830133199691772461e+00,1.874886870384216309e+00
-1.929037928581237793e+00,-1.956312894821166992e+00
1.028984308242797852e+00,1.453044533729553223e+00
2.965948820114135742e+00,2.841779232025146484e+00
3.526379764080047607e-01,-1.172150671482086182e-01
-2.254407644271850586e+00,-2.172019004821777344e+00
2.399488925933837891e+00,2.452807664871215820e+00
-2.403386592864990234e+00,-2.605227947235107422e+00
-8.354916572570800781e-01,-1.110117673873901367e+00
2.077997684478759766e+00,2.398279190063476562e+00
1.051796197891235352e+00,8.276870250701904297e-01
1.976179242134094238e+00,2.348693609237670898e+00
8.310762047767639160e-01,1.136609911918640137e+00
9.834619164466857910e-01,6.811572909355163574e-01
9.452394247055053711e-01,5.820430517196655273e-01
-9.839026331901550293e-01,-6.058518290519714355e-01
1.961176514625549316e+00,2.248162031173706055e+00
-2.014387369155883789e+00,-1.582860469818115234e+00
1.637236475944519043e+00,1.584608554840087891e+00
-2.280947208404541016e+00,-1.675587534904479980e+00
4.181583225727081299e-01,6.365177631378173828e-01
1.858735918998718262e+00,2.205562114715576172e+00
1.277625441551208496e+00,1.051249504089355469e+00
3.963368013501167297e-02,-1.092096697539091110e-02
7.730335593223571777e-01,8.621191978454589844e-01
3.830999732017517090e-01,3.610390424728393555e-01
1.564209342002868652e+00,1.894955873489379883e+00
-1.110314846038818359e+00,-8.414482474327087402e-01
-1.785389631986618042e-01,4.286608193069696426e-03
2.415323734283447266e+00,2.914704561233520508e+00
-1.994377613067626953e+00,-1.532827377319335938e+00
-8.529266715049743652e-01,-9.319996833801269531e-01
1.516600608825683594e+00,1.574091553688049316e+00
2.376555442810058594e+00,2.532986640930175781e+00
-2.431884288787841797e+00,-2.205953121185302734e+00
-1.399252772331237793e+00,-1.397733449935913086e+00
-1.879776716232299805e+00,-1.502705693244934082e+00
-1.510973647236824036e-02,-2.633715569972991943e-01
1.804321289062500000e+00,1.811178922653198242e+00
2.477775096893310547e+00,2.951937198638916016e+00
-1.393968224525451660e+00,-1.824983716011047363e+00
-1.317392140626907349e-01,-2.432054653763771057e-02
-1.483955141156911850e-02,4.415048658847808838e-01
7.713692188262939453e-01,7.799472808837890625e-01
-1.773392319679260254e+00,-1.557041525840759277e+00
5.779368281364440918e-01,6.805080175399780273e-01
-2.320597320795059204e-01,6.952992081642150879e-01
-2.144780397415161133e+00,-1.826243758201599121e+00
-1.903715968132019043e+00,-1.231151342391967773e+00
2.146092414855957031e+00,2.344995975494384766e+00
-8.913583755493164062e-01,-8.961140513420104980e-01
1.519937038421630859e+00,1.570042252540588379e+00
-7.196722626686096191e-01,-2.063732594251632690e-02
2.423796415328979492e+00,2.580751419067382812e+00
-2.177957773208618164e+00,-1.854905009269714355e+00
-8.892794251441955566e-01,-7.259989380836486816e-01
-1.974071145057678223e+00,-2.051890134811401367e+00
3.158262968063354492e-01,4.093499779701232910e-01
-1.470046758651733398e+00,-1.222435593605041504e+00
-7.410821318626403809e-01,-5.403739809989929199e-01
2.892063379287719727e+00,2.809627532958984375e+00
-2.779266834259033203e+00,-2.412027835845947266e+00
1.702548980712890625e+00,2.242024421691894531e+00
-2.005381107330322266e+00,-1.972301602363586426e+00
3.288328945636749268e-01,3.357108533382415771e-01
-6.942373514175415039e-01,-8.398262262344360352e-01
-1.244765162467956543e+00,-1.450748443603515625e+00
-1.131006479263305664e-01,-1.471655368804931641e-01
1.369435548782348633e+00,1.711086630821228027e+00
-3.695069253444671631e-01,-7.421848773956298828e-01
1.470129013061523438e+00,2.022484064102172852e+00
-1.887848258018493652e+00,-1.586214780807495117e+00
1.689593642950057983e-01,1.096946075558662415e-01
-1.512853026390075684e+00,-1.549755096435546875e+00
-1.081692814826965332e+00,-1.158041477203369141e+00
-2.656181335449218750e+00,-2.833024263381958008e+00
3.277774155139923096e-01,2.594368159770965576e-01
2.761629819869995117e+00,2.834023237228393555e+00
-2.641766548156738281e+00,-2.723176717758178711e+00
4.583487808704376221e-01,7.322348356246948242e-01
2.869338989257812500e+00,2.817122220993041992e+00
1.926114320755004883e+00,1.812008380889892578e+00
4.488011002540588379e-01,2.177695035934448242e-01
3.539888858795166016e-01,4.343328475952148438e-01
1.401471614837646484e+00,1.749220490455627441e+00
-5.152279138565063477e-01,-2.111136317253112793e-01
-2.510727405548095703e+00,-2.259340524673461914e+00
7.274893671274185181e-02,5.688545107841491699e-01
-2.064617156982421875e+00,-1.800621271133422852e+00
6.690956354141235352e-01,8.338261246681213379e-01
-2.419774532318115234e+00,-2.649044990539550781e+00
-7.019041776657104492e-01,-7.815837264060974121e-01
1.038981795310974121e+00,1.587820410728454590e+00
-1.624844789505004883e+00,-1.885646224021911621e+00
-4.532328546047210693e-01,-6.881980895996093750e-01
2.001609563827514648e+00,2.471319913864135742e+00
-4.631016254425048828e-01,-9.152645468711853027e-01
-1.004087686538696289e+00,-1.227795720100402832e+00
-2.137484312057495117e+00,-2.174793720245361328e+00
-1.451383709907531738e+00,-1.468504548072814941e+00
1.110679388046264648e+00,9.539115428924560547e-01
-2.427359819412231445e+00,-2.343071460723876953e+00
-9.453764557838439941e-01,-6.480254530906677246e-01
1.200502991676330566e+00,1.453832268714904785e+00
1.608723044395446777e+00,1.768653631210327148e+00
-1.509294658899307251e-01,-6.171655058860778809e-01
-1.549826979637145996e+00,-1.331574797630310059e+00
5.349310636520385742e-01,8.740908503532409668e-01
2.959150075912475586e+00,2.660991191864013672e+00
2.357081413269042969e+00,2.876050233840942383e+00
-2.171110630035400391e+00,-2.171722412109375000e+00
-1.239172458648681641e+00,-1.233626246452331543e+00
4.256588816642761230e-01,6.048379540443420410e-01
-1.747891187667846680e+00,-1.596732974052429199e+00
-2.692836284637451172e+00,-2.317526102066040039e+00
1.089268207550048828e+00,1.208189249038696289e+00
9.731633067131042480e-01,9.590082764625549316e-01
-1.619027853012084961e+00,-2.101392984390258789e+00
-1.455971837043762207e+00,-1.631178021430969238e+00
-1.524134516716003418e+00,-1.714476585388183594e+00
1.440027117729187012e+00,1.719061493873596191e+00
-2.636618375778198242e+00,-2.923918008804321289e+00
4.109041392803192139e-02,3.662086427211761475e-01
-2.130648136138916016e+00,-1.344627499580383301e+00
-5.762051939964294434e-01,-3.880985677242279053e-01
-1.246345996856689453e+00,-1.087578296661376953e+00
-1.668655395507812500e+00,-1.871132493019104004e+00
-1.154817581176757812e+00,-1.141507267951965332e+00
1.835629105567932129e+00,1.831017136573791504e+00
-1.860371112823486328e+00,-1.755588054656982422e+00
2.421782970428466797e+00,2.088463783264160156e+00
2.840799331665039062e+00,2.794030189514160156e+00
-7.155802249908447266e-01,-5.281574726104736328e-01
2.409174442291259766e+00,2.742854595184326172e+00
-2.359925746917724609e+00,-2.601159095764160156e+00
1.256453752517700195e+00,8.208161592483520508e-01
4.694212377071380615e-01,-2.508916147053241730e-02
-1.244626283645629883e+00,-7.990643382072448730e-01
3.564848899841308594e-01,2.961094975471496582e-01
7.633749246597290039e-01,1.053890824317932129e+00
1.732181668281555176e+00,1.865533113479614258e+00
1.749481201171875000e+00,1.911506891250610352e+00
-1.721916198730468750e+00,-2.230939626693725586e+00
1.319471836090087891e+00,1.058160424232482910e+00
2.103412598371505737e-01,1.024443656206130981e-01
1.419676899909973145e+00,1.159608006477355957e+00
8.260473012924194336e-01,8.436080217361450195e-01
-1.060309052467346191e+00,-6.393288969993591309e-01
-4.472896158695220947e-01,-6.921412348747253418e-01
1.339790463447570801e+00,1.643446683883666992e+00
2.248504638671875000e+00,2.121080398559570312e+00
-1.343227028846740723e+00,-6.347053647041320801e-01
1.491395354270935059e+00,1.360666990280151367e+00
-6.631510257720947266e-01,-1.225067257881164551e+00
8.895724415779113770e-01,4.010076224803924561e-01
-1.919396042823791504e+00,-2.284628629684448242e+00
-2.244284868240356445e+00,-2.090434789657592773e+00
-2.303323030471801758e+00,-2.356941938400268555e+00
2.335395574569702148e+00,2.198273658752441406e+00
1.020349383354187012e+00,1.408138990402221680e+00
2.060340881347656250e+00,2.785634517669677734e+00
-2.237967967987060547e+00,-2.932871341705322266e+00
-2.450778484344482422e+00,-2.368591070175170898e+00
-1.868780612945556641e+00,-1.850570678710937500e+00
1.801550149917602539e+00,1.788542866706848145e+00
2.973233699798583984e+00,2.716432332992553711e+00
1.763866782188415527e+00,1.578645229339599609e+00
2.657991886138916016e+00,2.791351079940795898e+00
1.078941300511360168e-01,-2.260054349899291992e-01
-1.313202619552612305e+00,-1.427111744880676270e+00
2.471813678741455078e+00,2.805672883987426758e+00
-2.139196731150150299e-02,4.910368472337722778e-02
2.412977933883666992e+00,2.381720542907714844e+00
2.691900253295898438e+00,2.742396593093872070e+00
2.242195844650268555e+00,2.508266210556030273e+00
2.628706932067871094e+00,2.494178533554077148e+00
4.115484356880187988e-01,-1.629387140274047852e-01
6.029472947120666504e-01,5.402341485023498535e-01
-7.686955928802490234e-01,-1.101844787597656250e+00
2.938863635063171387e-01,8.963904976844787598e-01
1.553983688354492188e-01,3.057853877544403076e-01
1.228307127952575684e+00,1.204316854476928711e+00
1.663346052169799805e+00,1.552528500556945801e+00
1.520247340202331543e+00,1.279466986656188965e+00
1.680273890495300293e+00,1.663579702377319336e+00
-1.013504624366760254e+00,-1.399846911430358887e+00
2.658248186111450195e+00,2.432149410247802734e+00
-1.997527718544006348e+00,-2.133378744125366211e+00
-2.620208263397216797e+00,-2.441297292709350586e+00
-4.379056394100189209e-01,-5.101019144058227539e-01
-2.718325853347778320e-01,6.925542652606964111e-02
2.530859947204589844e+00,2.850261449813842773e+00
2.257764101028442383e+00,2.692601203918457031e+00
8.875927925109863281e-01,7.155146002769470215e-01
5.088844299316406250e-01,1.011541247367858887e+00
-2.087968111038208008e+00,-2.388872385025024414e+00
-1.821286916732788086e+00,-1.559153199195861816e+00
2.475857734680175781e+00,2.726559638977050781e+00
3.334912955760955811e-01,8.262689225375652313e-03
1.900993347167968750e+00,1.706529974937438965e+00
2.193145275115966797e+00,2.406590700149536133e+00
2.958710432052612305e+00,2.765373706817626953e+00
2.512168884277343750e+00,2.406614303588867188e+00
-1.768688559532165527e+00,-1.708455920219421387e+00
-5.185384154319763184e-01,-5.722832083702087402e-01
-6.755418777465820312e-01,-1.400144457817077637e+00
-1.070279069244861603e-02,-7.008522152900695801e-01
2.612722396850585938e+00,2.519325494766235352e+00
-1.154625415802001953e-01,-7.115876078605651855e-01
-9.986114501953125000e-01,-1.472615957260131836e+00
2.736020326614379883e+00,2.900048971176147461e+00
9.391791224479675293e-01,7.840631008148193359e-01
1.111360907554626465e+00,1.378787875175476074e+00
9.213658422231674194e-02,-4.477260410785675049e-01
-2.068662643432617188e+00,-1.878430128097534180e+00
-1.943486452102661133e+00,-1.853176832199096680e+00
-1.459516286849975586e+00,-1.673437356948852539e+00
1.043083429336547852e+00,1.520089626312255859e+00
1.157617688179016113e+00,1.161814093589782715e+00
-4.274992942810058594e-01,-4.617724567651748657e-02
-1.165457487106323242e+00,-7.347174286842346191e-01
-1.847145915031433105e+00,-1.385614633560180664e+00
1.982523798942565918e+00,1.679684162139892578e+00
-2.491921186447143555e+00,-2.830134630203247070e+00
-9.458205103874206543e-01,-7.452031373977661133e-01
2.437372446060180664e+00,2.633097410202026367e+00
-2.446513175964355469e+00,-2.818360567092895508e+00
2.482854843139648438e+00,2.663734197616577148e+00
-1.739864826202392578e+00,-1.819146275520324707e+00
1.148145079612731934e+00,9.936899542808532715e-01
-2.226968765258789062e+00,-2.467932939529418945e+00
2.137475728988647461e+00,1.873942852020263672e+00
9.081672430038452148e-01,8.296432495117187500e-01
1.419261217117309570e+00,1.838182568550109863e+00
1.168586373329162598e+00,1.446022629737854004e+00
-4.121167957782745361e-01,-1.858278065919876099e-01
8.847026228904724121e-01,9.490139484405517578e-01
-1.224939703941345215e+00,-1.161373615264892578e+00
-2.327015876770019531e+00,-2.663706541061401367e+00
-1.446102261543273926e+00,-1.205379962921142578e+00
2.097476482391357422e+00,2.576515436172485352e+00
1.754308342933654785e+00,1.766456127166748047e+00
7.502102851867675781e-01,-4.856158420443534851e-02
-2.666576862335205078e+00,-2.796622514724731445e+00
-4.580348432064056396e-01,-8.481339812278747559e-01
-2.237644433975219727e+00,-2.035055160522460938e+00
-1.680621981620788574e+00,-1.523260235786437988e+00
-1.934233784675598145e+00,-2.211045742034912109e+00
-1.756193637847900391e+00,-1.856184601783752441e+00
1.953354001045227051e+00,2.568319320678710938e+00
1.167528748512268066e+00,1.045132517814636230e+00
-2.204738140106201172e+00,-2.479016304016113281e+00
-2.712012290954589844e+00,-2.718672275543212891e+00
-7.634578347206115723e-01,-8.051775693893432617e-01
2.167763710021972656e+00,1.907423138618469238e+00
-1.897105097770690918e+00,-1.535360217094421387e+00
-1.920953989028930664e+00,-2.284444570541381836e+00
-2.793678283691406250e+00,-2.573898553848266602e+00
-2.823443889617919922e+00,-2.658117532730102539e+00
1.119590520858764648e+00,5.905871391296386719e-01
2.920388281345367432e-01,7.397301197052001953e-01
-2.281189680099487305e+00,-1.954132914543151855e+00
-5.594942569732666016e-01,-9.896002411842346191e-01
-1.188294496387243271e-02,4.741839766502380371e-01
2.035370171070098877e-01,1.307968348264694214e-01
-2.685024023056030273e+00,-2.939177036285400391e+00
-2.869004726409912109e+00,-2.798985719680786133e+00
2.921285867691040039e+00,2.925719976425170898e+00
1.576092243194580078e+00,1.644046902656555176e+00
1.445932269096374512e+00,1.286741256713867188e+00
-2.109700918197631836e+00,-2.485485792160034180e+00
1.566015005111694336e+00,1.531231045722961426e+00
2.070127487182617188e+00,1.852658987045288086e+00
-9.375960826873779297e-01,-1.248495340347290039e+00
2.357674121856689453e+00,2.461674690246582031e+00
1.155212044715881348e+00,1.589083790779113770e+00
-2.515275478363037109e-01,-5.846278071403503418e-01
-9.165633916854858398e-01,-8.866827487945556641e-01
-3.985371589660644531e-01,-1.722053885459899902e-01
-4.174656569957733154e-01,-4.429783523082733154e-01
1.767107486724853516e+00,1.337128400802612305e+00
2.046308279037475586e+00,2.818886518478393555e+00
-3.708655834197998047e-01,-1.948957741260528564e-01
1.298328280448913574e+00,1.542752027511596680e+00
1.970336198806762695e+00,2.294447660446166992e+00
1.808902740478515625e+00,2.081931352615356445e+00
-2.485192060470581055e+00,-2.616540431976318359e+00
-2.309335708618164062e+00,-2.652416944503784180e+00
1.764279484748840332e+00,1.594454169273376465e+00
-1.056515932083129883e+00,-1.118739843368530273e+00
2.794507026672363281e+00,2.425005912780761719e+00
2.706352949142456055e+00,2.578649520874023438e+00
2.000958681106567383e+00,1.915977001190185547e+00
-1.638311743736267090e+00,-1.597674846649169922e+00
1.481204390525817871e+00,1.745714783668518066e+00
-2.461435794830322266e+00,-2.559798479080200195e+00
-2.840154647827148438e+00,-2.787389039993286133e+00
2.984043657779693604e-01,-1.066192537546157837e-01
-7.555530071258544922e-01,-5.768126845359802246e-01
5.806624293327331543e-01,5.276142358779907227e-01
1.813912153244018555e+00,1.952184200286865234e+00
-4.071365892887115479e-01,-9.902881383895874023e-01
9.755757451057434082e-01,4.631870388984680176e-01
-2.870608806610107422e+00,-2.418606996536254883e+00
-9.305361509323120117e-01,-7.849882841110229492e-01
2.868042469024658203e+00,2.790907382965087891e+00
-2.450052022933959961e+00,-2.302215576171875000e+00
-9.158551096916198730e-01,-1.211273789405822754e+00
2.896461248397827148e+00,2.863136291503906250e+00
3.322582840919494629e-01,5.019524693489074707e-01
1.847635149955749512e+00,1.749489665031433105e+00
5.441758632659912109e-01,6.687876582145690918e-01
-1.875577211380004883e+00,-1.711622238159179688e+00
2.742056846618652344e+00,2.354761123657226562e+00
-5.666989088058471680e-01,-5.503358244895935059e-01
1.206304192543029785e+00,1.295572161674499512e+00
2.032180547714233398e+00,2.239391088485717773e+00
2.065374612808227539e+00,2.347060680389404297e+00
1.743502616882324219e+00,2.299331665039062500e+00
-1.987282514572143555e+00,-1.940324783325195312e+00
-8.836935460567474365e-02,3.626400530338287354e-01
4.059787392616271973e-01,4.895283579826354980e-01
6.531351804733276367e-01,7.813491225242614746e-01
1.370637297630310059e+00,2.180555343627929688e+00
-1.500114202499389648e+00,-1.854259490966796875e+00
8.736515045166015625e-01,1.087460041046142578e+00
1.793725132942199707e+00,2.160193920135498047e+00
-2.956484794616699219e+00,-2.567978382110595703e+00
-2.498045444488525391e+00,-2.797031164169311523e+00
-1.161126852035522461e+00,-1.044514775276184082e+00
-9.109853506088256836e-01,-1.470551967620849609e+00
1.359823584556579590e+00,1.923734903335571289e+00
1.674097657203674316e+00,1.912702083587646484e+00
2.321906805038452148e+00,2.754025936126708984e+00
-2.137008868157863617e-02,3.918642997741699219e-01
8.706353306770324707e-01,1.102604866027832031e+00
2.534513235092163086e+00,2.289043426513671875e+00
-2.770705223083496094e+00,-2.684451341629028320e+00
1.272078633308410645e+00,1.285039544105529785e+00
9.393100738525390625e-01,1.003693103790283203e+00
1.815735936164855957e+00,2.068182468414306641e+00
-1.942862153053283691e+00,-2.205199480056762695e+00
-1.309506297111511230e-01,-9.371780604124069214e-02
2.145983457565307617e+00,2.271322250366210938e+00
7.846232652664184570e-01,8.324409723281860352e-01
2.494024515151977539e+00,2.331878185272216797e+00
2.402374029159545898e+00,2.488293647766113281e+00
3.140782415866851807e-01,5.744617432355880737e-03
-8.668783903121948242e-01,-1.017766237258911133e+00
-2.119626760482788086e+00,-1.925513744354248047e+00
-1.332543849945068359e+00,-1.006848454475402832e+00
1.726420998573303223e+00,2.088972806930541992e+00
2.137651681900024414e+00,2.569386959075927734e+00
-5.994322896003723145e-01,-6.863363981246948242e-01
1.957016706466674805e+00,1.794314861297607422e+00
-2.374753713607788086e+00,-2.534154176712036133e+00
2.879767179489135742e+00,2.778515815734863281e+00
-1.871903777122497559e+00,-1.528572440147399902e+00
7.109447717666625977e-01,4.843125641345977783e-01
2.569735527038574219e+00,2.397170066833496094e+00
-3.800873458385467529e-01,-4.916639029979705811e-01
4.639029800891876221e-01,-5.812615901231765747e-02
8.293541073799133301e-01,8.887804746627807617e-01
1.455585956573486328e+00,1.253023147583007812e+00
8.763858675956726074e-01,1.133747696876525879e+00
4.176932573318481445e-01,5.452179908752441406e-01
-9.025046825408935547e-01,-6.418328881263732910e-01
2.732572317123413086e+00,2.878201007843017578e+00
-4.680735766887664795e-01,-4.010522663593292236e-01
2.039748668670654297e+00,1.485464572906494141e+00
1.149157524108886719e+00,8.713419437408447266e-01
4.993546307086944580e-01,3.615107238292694092e-01
-2.205945968627929688e+00,-2.437092542648315430e+00
-4.468618631362915039e-01,-3.371977508068084717e-01
1.876204848289489746e+00,2.223398685455322266e+00
6.564801931381225586e-01,5.988951325416564941e-01
1.235212445259094238e+00,1.571852207183837891e+00
2.847556829452514648e+00,2.676586866378784180e+00
-1.733564436435699463e-01,1.342891156673431396e-01
2.568266153335571289e+00,2.931389331817626953e+00
1.206215381622314453e+00,1.127475261688232422e+00
1.698622822761535645e+00,2.482364654541015625e+00
-1.660441279411315918e+00,-1.597065091133117676e+00
-2.303032636642456055e+00,-2.545291900634765625e+00
-1.688795804977416992e+00,-1.302052497863769531e+00
3.141669929027557373e-01,4.295668900012969971e-01
1.781183481216430664e-01,3.756429627537727356e-02
4.216998219490051270e-01,4.397534951567649841e-02
1.327240228652954102e+00,1.766095757484436035e+00
8.902993798255920410e-01,1.085814833641052246e+00
-2.155276060104370117e+00,-2.231542110443115234e+00
5.104078352451324463e-02,-1.218495741486549377e-01
6.391720771789550781e-01,4.547829926013946533e-01
-2.079806089401245117e+00,-2.320708990097045898e+00
1.217501044273376465e+00,1.089242815971374512e+00
-5.879929065704345703e-01,-3.402256965637207031e-01
2.616615593433380127e-01,5.372364521026611328e-01
8.010255098342895508e-01,4.171555042266845703e-01
1.842648029327392578e+00,1.786427855491638184e+00
2.347728490829467773e+00,2.514685869216918945e+00
-1.821968793869018555e+00,-1.709652900695800781e+00
-1.264519691467285156e+00,-1.045504570007324219e+00
1.200326800346374512e+00,1.904157757759094238e+00
-2.516620397567749023e+00,-2.398668527603149414e+00
1.962400078773498535e+00,2.471373081207275391e+00
-2.261507749557495117e+00,-2.478262186050415039e+00
4.476065933704376221e-01,1.229574531316757202e-01
-1.410573482513427734e+00,-1.046357989311218262e+00
1.646265864372253418e+00,1.685902357101440430e+00
-3.745700120925903320e-01,7.126590237021446228e-03
3.891360759735107422e-01,7.725480198860168457e-02
3.974993228912353516e-01,4.162500202655792236e-01
-3.749001324176788330e-01,-2.464329600334167480e-01
2.239736318588256836e+00,2.633680105209350586e+00
-2.187013864517211914e+00,-1.963630676269531250e+00
-1.451480537652969360e-01,-6.117701530456542969e-01
-9.530065655708312988e-01,-1.176194667816162109e+00
1.040356040000915527e+00,1.204146504402160645e+00
2.269990921020507812e+00,1.983957767486572266e+00
-1.493471622467041016e+00,-1.773763298988342285e+00
2.933741807937622070e+00,2.866486072540283203e+00
6.932661533355712891e-01,1.285473942756652832e+00
6.203320622444152832e-01,3.371833562850952148e-01
2.433948755264282227e+00,2.177055597305297852e+00
-1.333459377288818359e+00,-1.051408529281616211e+00
-1.203089356422424316e+00,-1.607363700866699219e+00
1.400117039680480957e+00,1.388190269470214844e+00
-1.291462421417236328e+00,-1.237447619438171387e+00
1.363525152206420898e+00,1.244495391845703125e+00
-1.570133119821548462e-01,1.508052051067352295e-01
1.478275656700134277e+00,1.914419651031494141e+00
5.401240587234497070e-01,7.683791518211364746e-01
1.262109756469726562e+00,1.200298428535461426e+00
-1.348512291908264160e+00,-1.285312294960021973e+00
1.209326028823852539e+00,1.648184180259704590e+00
-2.523087739944458008e+00,-2.892803907394409180e+00
8.313709497451782227e-01,1.285218715667724609e+00
2.794635593891143799e-01,-4.548793658614158630e-02
9.012690782546997070e-01,6.389410495758056641e-01
2.450949192047119141e+00,2.258409500122070312e+00
1.222814202308654785e+00,7.282364368438720703e-01
3.764522075653076172e-01,5.508838891983032227e-01
-1.864421129226684570e+00,-1.703590273857116699e+00
-1.269304037094116211e+00,-1.148068189620971680e+00
4.153957962989807129e-01,4.848565459251403809e-01
-1.310862660408020020e+00,-1.448972463607788086e+00
1.704867124557495117e+00,1.657493710517883301e+00
-9.638934731483459473e-01,-9.136466979980468750e-01
-1.766018509864807129e+00,-1.344032406806945801e+00
-4.029855430126190186e-01,-2.920113801956176758e-01
-4.084551334381103516e-01,-7.990061044692993164e-01
-7.495020031929016113e-01,-1.233445048332214355e+00
-1.755845546722412109e+00,-1.818754673004150391e+00
2.925724744796752930e+00,2.517873048782348633e+00
1.426723241806030273e+00,1.063348650932312012e+00
6.668465137481689453e-01,5.892615318298339844e-01
1.497900128364562988e+00,1.353267431259155273e+00
1.726024150848388672e+00,1.465977191925048828e+00
-2.830178737640380859e+00,-2.626141309738159180e+00
2.550380945205688477e+00,2.223526000976562500e+00
2.052259683609008789e+00,1.980735421180725098e+00
8.476960062980651855e-01,1.027977347373962402e+00
1.904626250267028809e+00,1.977498054504394531e+00
1.249485492706298828e+00,1.149780035018920898e+00
-1.067172169685363770e+00,-1.169873833656311035e+00
-8.043774366378784180e-01,-8.949268460273742676e-01
-7.329425215721130371e-02,2.837555715814232826e-03
-6.959428787231445312e-01,-6.015235781669616699e-01
2.332485437393188477e+00,2.215309143066406250e+00
2.960413455963134766e+00,2.898847818374633789e+00
-1.605970025062561035e+00,-1.287125945091247559e+00
2.436137437820434570e+00,2.520906686782836914e+00
-9.021512269973754883e-01,-1.046687126159667969e+00
2.118899583816528320e+00,1.767315030097961426e+00
2.980532169342041016e+00,2.883943080902099609e+00
-6.564062833786010742e-01,-7.902255654335021973e-01
1.995283484458923340e+00,1.978839993476867676e+00
1.497462511062622070e+00,1.370911240577697754e+00
2.911203145980834961e+00,2.557971954345703125e+00
1.397694945335388184e+00,1.417837977409362793e+00
-3.670416176319122314e-01,-2.186276912689208984e-01
1.165719151496887207e+00,1.422866940498352051e+00
-2.112946987152099609e+00,-2.733868360519409180e+00
-3.936481475830078125e-01,-1.457114424556493759e-02
2.961745500564575195e+00,2.877402067184448242e+00
-1.187609314918518066e+00,-1.301188945770263672e+00
-7.499267458915710449e-01,-5.990228056907653809e-01
4.460854828357696533e-02,1.178880110383033752e-01
-2.585223674774169922e+00,-2.660950899124145508e+00
-7.267525792121887207e-01,-8.664865493774414062e-01
-3.882074356079101562e-01,-2.094830572605133057e-01
-9.153297543525695801e-01,-9.966063499450683594e-01
1.036498665809631348e+00,1.016748547554016113e+00
1.312926888465881348e+00,1.544792056083679199e+00
1.079371690750122070e+00,1.511856913566589355e+00
1.970478534698486328e+00,1.479349136352539062e+00
1.581889092922210693e-01,4.354624748229980469e-01
-6.775304079055786133e-01,-1.089502811431884766e+00
-9.777592420578002930e-01,-7.356598377227783203e-01
2.366173744201660156e+00,2.173529148101806641e+00
-1.069858789443969727e+00,-1.448335289955139160e+00
1.716252684593200684e+00,1.925899267196655273e+00
1.567308306694030762e+00,1.282126426696777344e+00
-1.366444945335388184e+00,-1.444239974021911621e+00
-7.224974632263183594e-01,-8.733937144279479980e-01
-7.860414385795593262e-01,-9.428458809852600098e-01
-7.205474972724914551e-01,-7.384271621704101562e-01
2.718176878988742828e-02,-3.160880506038665771e-01
2.335981845855712891e+00,2.371598958969116211e+00
7.052652835845947266e-01,9.952327013015747070e-01
5.030623078346252441e-01,7.176703214645385742e-01
-2.433559417724609375e+00,-2.366536140441894531e+00
-4.442066550254821777e-01,1.771923154592514038e-01
-1.122669223695993423e-02,-3.853944316506385803e-02
1.198836088180541992e+00,1.468397378921508789e+00
-2.754655599594116211e+00,-2.765394449234008789e+00
2.358838558197021484e+00,2.524948596954345703e+00
1.942858576774597168e+00,2.082718610763549805e+00
-1.441076278686523438e+00,-1.290097832679748535e+00
2.251939058303833008e+00,2.359177827835083008e+00
-1.024107262492179871e-02,3.145561516284942627e-01
1.115790963172912598e+00,9.539544582366943359e-01
-1.918911635875701904e-01,-2.069476991891860962e-01
1.906776785850524902e+00,2.096734046936035156e+00
-1.391806483268737793e+00,-9.130641222000122070e-01
1.072548747062683105e+00,1.011013150215148926e+00
-1.837791085243225098e+00,-1.770295143127441406e+00
1.704849123954772949e+00,2.064440727233886719e+00
-1.830940127372741699e+00,-2.139803409576416016e+00
6.892077326774597168e-01,1.130271077156066895e+00
1.722213625907897949e+00,1.412652611732482910e+00
3.198590278625488281e-01,1.046771109104156494e-01
-1.169435143470764160e+00,-1.040671110153198242e+00
-2.658236026763916016e+00,-2.466470956802368164e+00
-2.086662501096725464e-02,-4.165160357952117920e-01
-2.763163805007934570e+00,-2.734963655471801758e+00
-2.375568628311157227e+00,-2.449433088302612305e+00
-2.787045717239379883e+00,-2.725820302963256836e+00
-1.826344251632690430e+00,-2.087196350097656250e+00
1.347930669784545898e+00,1.479024887084960938e+00
6.085019707679748535e-01,3.491735756397247314e-01
1.356852412223815918e+00,1.037363529205322266e+00
-1.801999807357788086e+00,-1.996678829193115234e+00
-1.563227057456970215e+00,-1.333533883094787598e+00
-7.101733684539794922e-01,-5.102946758270263672e-01
-1.403374671936035156e+00,-1.375457286834716797e+00
-6.818691492080688477e-01,-1.051813960075378418e+00
2.218368530273437500e+00,2.579486608505249023e+00
1.684398651123046875e-01,1.164549812674522400e-01
2.302160978317260742e+00,2.418485879898071289e+00
1.911996483802795410e+00,2.157246828079223633e+00
1.848397731781005859e+00,1.602173924446105957e+00
2.059887409210205078e+00,2.586109161376953125e+00
2.194509655237197876e-01,4.882947802543640137e-01
2.674499988555908203e+00,2.634745121002197266e+00
-6.379259824752807617e-01,-7.691832780838012695e-01
-4.682120680809020996e-01,1.014187261462211609e-01
-9.472939372062683105e-01,-1.382847666740417480e+00
-1.707328319549560547e+00,-1.453467369079589844e+00
-1.509325981140136719e+00,-1.724451780319213867e+00
-2.575635671615600586e+00,-2.308515787124633789e+00
3.937372267246246338e-01,1.038486123085021973e+00
1.575177907943725586e+00,1.810239791870117188e+00
-7.330101132392883301e-01,-6.942726969718933105e-01
2.726396799087524414e+00,2.590613603591918945e+00
8.911499381065368652e-01,9.989839196205139160e-01
-6.966418027877807617e-01,-8.548208475112915039e-01
6.869103312492370605e-01,8.885056376457214355e-01
2.513358354568481445e+00,1.941280841827392578e+00
-2.078681230545043945e+00,-1.763411879539489746e+00
1.368337154388427734e+00,1.665324807167053223e+00
-2.169020771980285645e-01,-1.100024804472923279e-01
-1.560123562812805176e+00,-1.510570168495178223e+00
1.847233891487121582e+00,2.101810693740844727e+00
-1.012432813644409180e+00,-1.110316634178161621e+00
-4.207486212253570557e-01,-1.963418424129486084e-01
2.689869642257690430e+00,2.923689842224121094e+00
2.739740163087844849e-02,6.720309704542160034e-02
-1.653759121894836426e+00,-1.260367393493652344e+00
1.133871823549270630e-01,3.484912216663360596e-01
-5.300775170326232910e-01,-6.283265948295593262e-01
2.099240541458129883e+00,2.416615009307861328e+00
2.325209528207778931e-01,3.381173610687255859e-01
-1.734639406204223633e+00,-2.035368680953979492e+00
2.845987796783447266e+00,2.868753194808959961e+00
-2.891055345535278320e+00,-2.946192026138305664e+00
-9.619556665420532227e-01,-1.398897051811218262e+00
2.078819990158081055e+00,2.277576208114624023e+00
1.857158780097961426e+00,1.738995909690856934e+00
5.785670876502990723e-01,7.032510042190551758e-01
-1.752316355705261230e+00,-1.503709793090820312e+00
-1.626358151435852051e+00,-2.058433532714843750e+00
-2.146046638488769531e+00,-1.898543715476989746e+00
-2.612173795700073242e+00,-2.362733602523803711e+00
1.534062743186950684e+00,1.536492228507995605e+00
-2.589304924011230469e+00,-2.847604036331176758e+00
2.870804309844970703e+00,2.439995050430297852e+00
1.096345782279968262e+00,1.403745651245117188e+00
1.057172179222106934e+00,9.711197614669799805e-01
1.181137561798095703e+00,9.955103993415832520e-01
-2.451544761657714844e+00,-2.274213552474975586e+00
-2.491393804550170898e+00,-2.422608375549316406e+00
-2.594742536544799805e+00,-2.657265901565551758e+00
2.608190298080444336e+00,2.604022979736328125e+00
-3.119021058082580566e-01,-3.104908466339111328e-01
-1.295663714408874512e+00,-1.204471468925476074e+00
-1.771264433860778809e+00,-1.833239197731018066e+00
2.315220117568969727e+00,2.073718786239624023e+00
-7.356154918670654297e-01,-8.345193862915039062e-01
6.102691292762756348e-01,1.399840474128723145e+00
1.986898779869079590e+00,2.086555242538452148e+00
1.751308798789978027e+00,1.755279898643493652e+00
2.389961957931518555e+00,2.550618410110473633e+00
7.907329201698303223e-01,1.060367822647094727e+00
-2.964621305465698242e+00,-2.942181110382080078e+00
-7.855421304702758789e-01,-5.548138022422790527e-01
-2.566858530044555664e+00,-2.642804384231567383e+00
-4.695625901222229004e-01,-3.139289319515228271e-01
1.258325576782226562e+00,1.405157327651977539e+00
1.971538543701171875e+00,1.725237965583801270e+00
2.554019689559936523e+00,2.699685335159301758e+00
2.355704069137573242e+00,2.943755149841308594e+00
-8.081900477409362793e-01,-8.699343800544738770e-01
-1.687305688858032227e+00,-2.054100513458251953e+00
-1.692242741584777832e+00,-1.610407114028930664e+00
1.596529036760330200e-02,-4.317098855972290039e-02
-1.761810660362243652e+00,-2.015731811523437500e+00
1.480027079582214355e+00,1.666314840316772461e+00
-1.286445975303649902e+00,-1.075148224830627441e+00
2.585987448692321777e-01,3.673766553401947021e-01
1.245348215103149414e+00,8.880939483642578125e-01
7.592780590057373047e-01,1.391727089881896973e+00
-2.286687374114990234e+00,-2.823126077651977539e+00
1.469829559326171875e+00,1.171912550926208496e+00
4.354527592658996582e-01,-2.389858365058898926e-01
5.202990770339965820e-01,7.864497303962707520e-01
-2.506284713745117188e+00,-2.491583347320556641e+00
1.663095951080322266e+00,1.752681016921997070e+00
-2.645117998123168945e+00,-2.320042133331298828e+00
-2.158460617065429688e+00,-2.006638765335083008e+00
-3.378178179264068604e-01,-1.906482726335525513e-01
-1.874556660652160645e+00,-1.794343709945678711e+00
2.499342679977416992e+00,2.547162771224975586e+00
-1.107984259724617004e-01,-5.189041420817375183e-02
-5.891994833946228027e-01,-5.746079683303833008e-01
-3.943623006343841553e-01,-2.602266371250152588e-01
-2.891813039779663086e+00,-2.962491273880004883e+00
-2.121972799301147461e+00,-1.954314589500427246e+00
-2.047868013381958008e+00,-2.354898691177368164e+00
-1.912089943885803223e+00,-2.106846094131469727e+00
-2.015566378831863403e-01,1.636092923581600189e-02
-1.430664420127868652e+00,-9.244922995567321777e-01
8.150604367256164551e-02,4.632366076111793518e-02
-2.978014469146728516e+00,-2.525777816772460938e+00
7.063727378845214844e-01,7.982354164123535156e-01
1.515599966049194336e+00,1.931931376457214355e+00
1.160920619964599609e+00,1.123293161392211914e+00
1.635019898414611816e+00,1.055699825286865234e+00
5.596370100975036621e-01,2.238186299800872803e-01
2.173015356063842773e+00,2.763120651245117188e+00
-2.025764703750610352e+00,-1.844996809959411621e+00
-2.651665687561035156e+00,-2.516848564147949219e+00
-1.634507656097412109e+00,-9.113448858261108398e-01
-6.637286543846130371e-01,-3.555865287780761719e-01
7.175717949867248535e-01,6.309031248092651367e-01
-1.771827936172485352e+00,-1.439336538314819336e+00
1.404060959815979004e+00,1.608906030654907227e+00
-1.496815562248229980e+00,-2.086317062377929688e+00
2.909787178039550781e+00,2.814153671264648438e+00
1.969090461730957031e+00,2.128567218780517578e+00
2.894420921802520752e-01,4.900025427341461182e-01
2.573246002197265625e+00,2.700451612472534180e+00
2.587211430072784424e-01,4.410971403121948242e-01
2.819410085678100586e+00,2.507328510284423828e+00
3.143070340156555176e-01,2.706620097160339355e-01
2.595382452011108398e+00,2.428916692733764648e+00
1.701608777046203613e+00,1.442095518112182617e+00
-2.126096010208129883e+00,-2.754294395446777344e+00
1.884546756744384766e+00,2.043107748031616211e+00
-1.616665959358215332e+00,-1.314564824104309082e+00
-2.301433086395263672e+00,-2.434961557388305664e+00
-2.355453729629516602e+00,-2.322326898574829102e+00
-2.083886146545410156e+00,-2.073892831802368164e+00
-1.112803578376770020e+00,-8.479983210563659668e-01
1.688726902008056641e+00,1.995852470397949219e+00
-1.794624209403991699e+00,-1.392731189727783203e+00
8.443157672882080078e-01,1.183916330337524414e+00
-1.547824978828430176e+00,-1.274686813354492188e+00
1.469008803367614746e+00,1.461589336395263672e+00
2.817784786224365234e+00,2.862808465957641602e+00
1.940495520830154419e-01,-9.910653531551361084e-02
-1.997284054756164551e+00,-1.513047933578491211e+00
3.580553233623504639e-01,5.511581301689147949e-01
-8.211796283721923828e-01,-1.086164832115173340e+00
-4.528983831405639648e-01,-6.003947257995605469e-01
2.904950857162475586e+00,2.955037593841552734e+00
2.372588634490966797e+00,2.847980022430419922e+00
-1.249767899513244629e+00,-8.937709331512451172e-01
-1.567155838012695312e+00,-1.274087190628051758e+00
-6.000803112983703613e-01,-3.796585500240325928e-01
-1.825464725494384766e+00,-2.065683364868164062e+00
-2.787883996963500977e+00,-2.142650842666625977e+00
-6.983100771903991699e-01,-1.143677473068237305e+00
2.819826841354370117e+00,2.834736585617065430e+00
-2.811923027038574219e+00,-2.994994878768920898e+00
1.709143519401550293e+00,1.657065272331237793e+00
2.013309001922607422e+00,2.057514190673828125e+00
-1.944942474365234375e+00,-1.992352128028869629e+00
1.664458751678466797e+00,1.692767500877380371e+00
-5.797100067138671875e-01,-4.060339629650115967e-01
-2.835840463638305664e+00,-2.758442163467407227e+00
7.001832127571105957e-01,1.122270941734313965e+00
2.334872484207153320e-01,4.192514345049858093e-02
1.964466452598571777e+00,1.895551085472106934e+00
-3.222933113574981689e-01,-1.036545410752296448e-01
1.788493633270263672e+00,1.803210139274597168e+00
2.381808519363403320e+00,2.759613275527954102e+00
-1.165663719177246094e+00,-1.334953904151916504e+00
-2.867022514343261719e+00,-2.738221645355224609e+00
1.814246535301208496e+00,1.423429846763610840e+00
1.642618775367736816e+00,2.086118221282958984e+00
-1.909047961235046387e+00,-2.458032369613647461e+00
1.505808591842651367e+00,1.599227309226989746e+00
-1.720121860504150391e+00,-9.657629132270812988e-01
-3.195278644561767578e-01,-6.963984966278076172e-01
1.040368676185607910e+00,1.052775263786315918e+00
-1.613077521324157715e+00,-1.853498220443725586e+00
-1.254768848419189453e+00,-7.863593101501464844e-01
1.142405271530151367e+00,1.090824961662292480e+00
2.082825899124145508e+00,1.910365819931030273e+00
-2.204620838165283203e+00,-2.051699399948120117e+00
-1.424036026000976562e+00,-7.326979041099548340e-01
-1.855295777320861816e+00,-1.745882153511047363e+00
1.424930244684219360e-01,2.300122231245040894e-01
7.500175833702087402e-01,7.285473346710205078e-01
1.323275417089462280e-01,2.194524854421615601e-01
8.114947676658630371e-01,9.915319085121154785e-01
1.349758982658386230e+00,1.722722887992858887e+00
-1.048475503921508789e+00,-7.435389161109924316e-01
-2.677218437194824219e+00,-2.570313930511474609e+00
2.828688859939575195e+00,2.567530870437622070e+00
-9.587860107421875000e-01,-8.093128204345703125e-01
1.320496201515197754e+00,1.239054560661315918e+00
1.997964143753051758e+00,2.139388084411621094e+00
-1.989850044250488281e+00,-1.654223203659057617e+00
2.209775686264038086e+00,2.034879446029663086e+00
2.329758644104003906e+00,2.303006649017333984e+00
-2.463874340057373047e+00,-2.234245300292968750e+00
7.834327816963195801e-01,8.629301786422729492e-01
-1.134503245353698730e+00,-6.950848698616027832e-01
1.184399008750915527e+00,1.212972521781921387e+00
1.695817351341247559e+00,1.900302052497863770e+00
5.785067677497863770e-01,6.762096881866455078e-01
2.850920855998992920e-01,8.193653076887130737e-02
-2.053359270095825195e+00,-1.411236166954040527e+00
-1.769860684871673584e-01,-1.698827594518661499e-01
-8.877416700124740601e-02,-3.394851088523864746e-02
5.240027606487274170e-02,3.769262731075286865e-01
-5.736619234085083008e-01,-4.384015202522277832e-01
9.903213977813720703e-01,9.882972836494445801e-01
8.528910279273986816e-01,1.048695683479309082e+00
1.114169239997863770e+00,1.265828132629394531e+00
2.309468746185302734e+00,2.362864971160888672e+00
-3.253467977046966553e-01,1.511631626635789871e-02
-1.469960927963256836e+00,-1.179282188415527344e+00
-2.644904136657714844e+00,-2.756488323211669922e+00
-2.478071451187133789e+00,-2.532720804214477539e+00
1.305565476417541504e+00,1.714491009712219238e+00
-1.602942228317260742e+00,-1.703453779220581055e+00
2.734022438526153564e-01,4.117284119129180908e-01
1.622336149215698242e+00,2.177234172821044922e+00
2.182422637939453125e+00,2.163238763809204102e+00
-7.251896858215332031e-01,-5.947695970535278320e-01
-2.825474500656127930e+00,-2.863492727279663086e+00
1.405425429344177246e+00,1.074407696723937988e+00
-1.387178182601928711e+00,-1.680984020233154297e+00
1.499189138412475586e+00,1.494046926498413086e+00
-1.099375247955322266e+00,-1.468098878860473633e+00
-1.449716806411743164e+00,-1.623000383377075195e+00
9.251106381416320801e-01,8.531700968742370605e-01
-1.661118865013122559e+00,-1.368960142135620117e+00
-1.747582674026489258e+00,-2.139241933822631836e+00
8.287022113800048828e-01,6.570364832878112793e-01
-1.342626571655273438e+00,-1.131321310997009277e+00
-2.057634353637695312e+00,-2.245715141296386719e+00
2.013643503189086914e+00,2.351012945175170898e+00
-1.474629759788513184e+00,-1.941315054893493652e+00
8.818349242210388184e-01,1.161872863769531250e+00
1.661454200744628906e+00,1.950465917587280273e+00
-9.554003179073333740e-02,-4.771178364753723145e-01
4.343001246452331543e-01,7.333896160125732422e-01
-2.325440168380737305e+00,-2.644543409347534180e+00
-2.846102952957153320e+00,-2.859765768051147461e+00
1.716968536376953125e+00,2.106576919555664062e+00
-1.050814986228942871e+00,-1.530768275260925293e+00
-1.554715156555175781e+00,-1.065238356590270996e+00
-1.148183122277259827e-01,-6.011268123984336853e-02
7.315317392349243164e-01,6.539483666419982910e-01
-2.851420640945434570e+00,-2.611712932586669922e+00
-1.757553696632385254e+00,-1.557084083557128906e+00
2.119410991668701172e+00,1.559956192970275879e+00
-1.272371768951416016e+00,-1.677619099617004395e+00
-3.435350060462951660e-01,-8.034864664077758789e-01
-2.566865682601928711e+00,-2.814588308334350586e+00
2.227657318115234375e+00,2.261461496353149414e+00
1.913581252098083496e+00,2.114845752716064453e+00
-1.748385190963745117e+00,-1.422796249389648438e+00
