8.608471751213073730e-01,9.495996832847595215e-01
-7.225519418716430664e-01,-1.261272668838500977e+00
-1.251074552536010742e+00,-1.154147624969482422e+00
-1.254868268966674805e+00,-6.887339353561401367e-01
-8.977220058441162109e-01,-1.085604786872863770e+00
-9.650733470916748047e-01,-8.834989070892333984e-01
-8.326831459999084473e-01,-1.290086150169372559e+00
-7.991136908531188965e-01,-1.141124248504638672e+00
1.002057552337646484e+00,3.898474276065826416e-01
-8.673171401023864746e-01,-9.217681288719177246e-01
1.095342278480529785e+00,7.843790054321289062e-01
7.676043510437011719e-01,8.608058094978332520e-01
-7.988340258598327637e-01,-1.126736044883728027e+00
1.233224749565124512e+00,1.131869673728942871e+00
9.608842730522155762e-01,6.460434794425964355e-01
-7.265971899032592773e-01,-8.224300146102905273e-01
-1.119548916816711426e+00,-1.086016297340393066e+00
-1.360163569450378418e+00,-9.754186272621154785e-01
-6.650986671447753906e-01,-6.438557505607604980e-01
-1.125860691070556641e+00,-8.608258366584777832e-01
1.377156376838684082e+00,1.081212759017944336e+00
-1.020925641059875488e+00,-1.270663022994995117e+00
-8.842658400535583496e-01,-8.400108814239501953e-01
1.220661640167236328e+00,8.344207406044006348e-01
-8.014815449714660645e-01,-1.130112767219543457e+00
-9.024909734725952148e-01,-1.257137417793273926e+00
-1.244351744651794434e+00,-1.284202337265014648e+00
-8.634695410728454590e-01,-7.474877238273620605e-01
-1.190724968910217285e+00,-9.867063164710998535e-01
6.748787760734558105e-01,7.034859061241149902e-01
9.821314215660095215e-01,8.617913722991943359e-01
1.113229393959045410e+00,1.055798053741455078e+00
8.631157279014587402e-01,1.290036320686340332e+00
6.907941699028015137e-01,8.623293042182922363e-01
-8.247131109237670898e-01,-1.287061572074890137e+00
1.282638788223266602e+00,9.810941219329833984e-01
-6.602852940559387207e-01,-1.342095136642456055e+00
-8.937733173370361328e-01,-1.215059161186218262e+00
-1.239689588546752930e+00,-1.233337998390197754e+00
8.515254855155944824e-01,1.187140345573425293e+00
-7.403978705406188965e-01,-1.063327908515930176e+00
-1.492203831672668457e+00,-7.611572146415710449e-01
8.282688260078430176e-01,5.755268931388854980e-01
-7.590450048446655273e-01,-6.230477094650268555e-01
-1.051309585571289062e+00,-8.539338111877441406e-01
-9.013586640357971191e-01,-1.050939083099365234e+00
-1.205227613449096680e+00,-1.504772067070007324e+00
7.999235391616821289e-01,9.744328856468200684e-01
-1.090316057205200195e+00,-6.904833912849426270e-01
-1.145676016807556152e+00,-8.891377449035644531e-01
1.131393671035766602e+00,1.315899968147277832e+00
1.008361577987670898e+00,7.923512458801269531e-01
-7.684751152992248535e-01,-6.645826697349548340e-01
-9.971550107002258301e-01,-9.595769643783569336e-01
7.985858321189880371e-01,1.104381322860717773e+00
1.148990511894226074e+00,8.091106414794921875e-01
6.364642977714538574e-01,9.186829328536987305e-01
-1.266002655029296875e+00,-9.873424172401428223e-01
-9.369549751281738281e-01,-1.148810386657714844e+00
-1.075890541076660156e+00,-1.223827958106994629e+00
8.604048490524291992e-01,1.193152070045471191e+00
-9.898640513420104980e-01,-7.873961925506591797e-01
1.343447446823120117e+00,1.315097808837890625e+00
1.156008362770080566e+00,1.130928039550781250e+00
1.174951910972595215e+00,1.079471349716186523e+00
-9.566630721092224121e-01,-1.250194430351257324e+00
-7.520483732223510742e-01,-1.556137561798095703e+00
1.057462811470031738e+00,1.235862970352172852e+00
8.052620887756347656e-01,5.338130593299865723e-01
9.936773180961608887e-01,8.425367474555969238e-01
-6.769517064094543457e-01,-1.156867504119873047e+00
-8.430886268615722656e-01,-6.010514497756958008e-01
8.268292546272277832e-01,6.498738527297973633e-01
-1.113184928894042969e+00,-9.181208610534667969e-01
-9.683148264884948730e-01,-1.143271327018737793e+00
-1.021161317825317383e+00,-1.501688122749328613e+00
1.149085044860839844e+00,1.007841825485229492e+00
1.163997173309326172e+00,1.041014552116394043e+00
9.322297573089599609e-01,9.833562970161437988e-01
-5.746451616287231445e-01,-9.682673811912536621e-01
-1.108867764472961426e+00,-9.738102555274963379e-01
-1.208267569541931152e+00,-1.265335679054260254e+00
8.610987663269042969e-01,1.077549695968627930e+00
9.564005136489868164e-01,6.977632045745849609e-01
-9.717996120452880859e-01,-1.223623752593994141e+00
-1.427875995635986328e+00,-8.613323569297790527e-01
-5.072880387306213379e-01,-5.357372760772705078e-01
-9.038744568824768066e-01,-1.395555973052978516e+00
-9.476285576820373535e-01,-1.141937613487243652e+00
-6.079695820808410645e-01,-1.273882150650024414e+00
-8.739037513732910156e-01,-9.150047302246093750e-01
-8.235951066017150879e-01,-1.050662040710449219e+00
-5.734517574310302734e-01,-5.858396887779235840e-01
-1.227694630622863770e+00,-9.738886952400207520e-01
8.955330848693847656e-01,8.780597448348999023e-01
-9.784594774246215820e-01,-7.984387874603271484e-01
1.224780440330505371e+00,6.607051491737365723e-01
-1.033423185348510742e+00,-9.220739006996154785e-01
1.170992493629455566e+00,1.111266732215881348e+00
6.315061450004577637e-01,1.114244937896728516e+00
-9.218065738677978516e-01,-1.051343202590942383e+00
9.075821638107299805e-01,9.117474555969238281e-01
1.320762872695922852e+00,7.358360886573791504e-01
-9.294828176498413086e-01,-9.909151792526245117e-01
8.856839537620544434e-01,1.071344256401062012e+00
8.930109739303588867e-01,1.110347628593444824e+00
1.299025893211364746e+00,8.677586913108825684e-01
-1.043274044990539551e+00,-1.100669741630554199e+00
-1.170331597328186035e+00,-1.118309497833251953e+00
7.042911648750305176e-01,1.560215234756469727e+00
9.118237495422363281e-01,1.215381383895874023e+00
-9.986211061477661133e-01,-8.409495353698730469e-01
-8.843971490859985352e-01,-1.121168375015258789e+00
-1.276874899864196777e+00,-9.754027724266052246e-01
-7.706430554389953613e-01,-1.096377611160278320e+00
1.123346924781799316e+00,8.542593121528625488e-01
5.108218193054199219e-01,7.457686662673950195e-01
1.134504914283752441e+00,8.085085153579711914e-01
-1.019741296768188477e+00,-9.902301430702209473e-01
-1.249787211418151855e+00,-9.788972139358520508e-01
-8.224537968635559082e-01,-1.344108462333679199e+00
9.509261846542358398e-01,1.333905816078186035e+00
9.645747542381286621e-01,1.463027954101562500e+00
9.988580942153930664e-01,1.072153210639953613e+00
-7.722999453544616699e-01,-1.156781911849975586e+00
1.149099826812744141e+00,1.255312085151672363e+00
-1.034140706062316895e+00,-6.380154490470886230e-01
1.072945237159729004e+00,6.046540737152099609e-01
8.904739618301391602e-01,8.982018232345581055e-01
-8.762024044990539551e-01,-8.914106488227844238e-01
7.928856611251831055e-01,8.873704671859741211e-01
-1.107894420623779297e+00,-1.187467336654663086e+00
-8.382831215858459473e-01,-1.127585053443908691e+00
-1.142929196357727051e+00,-9.366818666458129883e-01
7.336415648460388184e-01,7.906711697578430176e-01
-9.217764735221862793e-01,-1.137153506278991699e+00
-5.448570847511291504e-01,-1.180053830146789551e+00
-1.117302417755126953e+00,-1.054059863090515137e+00
7.320742607116699219e-01,6.569142937660217285e-01
1.334298729896545410e+00,1.474001169204711914e+00
-5.104771852493286133e-01,-8.032068610191345215e-01
1.012974023818969727e+00,1.308223009109497070e+00
1.221280455589294434e+00,6.320745944976806641e-01
-1.243551611900329590e+00,-1.287008285522460938e+00
-7.106497883796691895e-01,-8.837863802909851074e-01
1.225663781166076660e+00,8.886316418647766113e-01
-4.663979113101959229e-01,-9.472097754478454590e-01
-8.501022458076477051e-01,-1.039429903030395508e+00
-6.353180408477783203e-01,-9.335827827453613281e-01
5.591707825660705566e-01,6.508570909500122070e-01
-5.935586690902709961e-01,-1.140536308288574219e+00
-1.095495820045471191e+00,-1.069171190261840820e+00
-9.141681790351867676e-01,-6.168159842491149902e-01
-1.145742416381835938e+00,-1.093374013900756836e+00
-1.069519162178039551e+00,-9.735165238380432129e-01
-1.101708889007568359e+00,-6.477670669555664062e-01
-7.755906581878662109e-01,-9.395416378974914551e-01
1.180574417114257812e+00,1.119974493980407715e+00
5.353237986564636230e-01,1.047318220138549805e+00
1.201111078262329102e+00,6.678162217140197754e-01
1.336599946022033691e+00,1.146899938583374023e+00
-7.898724079132080078e-01,-8.864336013793945312e-01
4.655364155769348145e-01,6.606514453887939453e-01
-1.036054849624633789e+00,-9.055289626121520996e-01
-1.073073744773864746e+00,-9.958215355873107910e-01
1.483822345733642578e+00,9.649425148963928223e-01
1.116335272789001465e+00,1.052218079566955566e+00
-7.512584924697875977e-01,-1.055471897125244141e+00
-7.680020928382873535e-01,-1.082971096038818359e+00
8.867202401161193848e-01,8.850708603858947754e-01
-1.029099941253662109e+00,-8.183304667472839355e-01
-6.936586499214172363e-01,-1.149339079856872559e+00
-1.300008535385131836e+00,-7.641763687133789062e-01
-1.038178801536560059e+00,-1.067498445510864258e+00
1.175445914268493652e+00,9.943525791168212891e-01
-1.040678381919860840e+00,-1.538320302963256836e+00
-9.629880785942077637e-01,-1.036604881286621094e+00
8.372055292129516602e-01,9.177763462066650391e-01
1.031795501708984375e+00,9.729081392288208008e-01
1.297549724578857422e+00,5.668997168540954590e-01
8.550060391426086426e-01,9.828490018844604492e-01
8.437437415122985840e-01,8.025329113006591797e-01
-8.089599609375000000e-01,-8.276842236518859863e-01
-6.464072465896606445e-01,-1.516454458236694336e+00
1.078678488731384277e+00,5.425766706466674805e-01
8.227350115776062012e-01,1.109756231307983398e+00
-8.515704274177551270e-01,-1.155903816223144531e+00
1.083974361419677734e+00,8.970388174057006836e-01
1.216786265373229980e+00,7.171620726585388184e-01
-6.478755474090576172e-01,-1.205868959426879883e+00
-1.033687353134155273e+00,-7.708853483200073242e-01
9.395810961723327637e-01,8.177011013031005859e-01
-1.060137391090393066e+00,-1.023961424827575684e+00
1.180395007133483887e+00,9.297488331794738770e-01
1.270367503166198730e+00,9.026323556900024414e-01
1.105955719947814941e+00,8.314923644065856934e-01
-1.639521598815917969e+00,-1.042046904563903809e+00
9.525656700134277344e-01,8.451453447341918945e-01
-8.909959197044372559e-01,-8.030973076820373535e-01
-8.200841546058654785e-01,-1.089444756507873535e+00
-7.674711942672729492e-01,-1.421430587768554688e+00
-1.064834237098693848e+00,-9.664183259010314941e-01
4.551278054714202881e-01,8.114863038063049316e-01
-8.974635004997253418e-01,-6.359642744064331055e-01
-1.322584390640258789e+00,-9.775427579879760742e-01
9.531300067901611328e-01,8.854795098304748535e-01
-1.112953901290893555e+00,-7.288243174552917480e-01
1.007870554924011230e+00,1.057187795639038086e+00
1.288895130157470703e+00,8.728172779083251953e-01
7.409495115280151367e-01,1.276801586151123047e+00
8.400076627731323242e-01,1.050537824630737305e+00
1.107760906219482422e+00,7.099612951278686523e-01
-1.082406163215637207e+00,-8.396368622779846191e-01
1.019889950752258301e+00,8.161551952362060547e-01
8.690270185470581055e-01,1.049545407295227051e+00
-1.060353398323059082e+00,-1.232806205749511719e+00
1.060557961463928223e+00,1.047952175140380859e+00
8.468961715698242188e-01,1.187807202339172363e+00
1.160901188850402832e+00,8.911442160606384277e-01
1.024014115333557129e+00,9.268545508384704590e-01
-1.467507719993591309e+00,-9.731275439262390137e-01
7.904608845710754395e-01,4.368539750576019287e-01
-8.316112160682678223e-01,-7.116708159446716309e-01
-1.150152683258056641e+00,-1.256737351417541504e+00
8.531309962272644043e-01,1.355857372283935547e+00
1.262360095977783203e+00,9.141687154769897461e-01
-5.354539155960083008e-01,-9.588869214057922363e-01
-9.896720051765441895e-01,-6.360874176025390625e-01
8.678107261657714844e-01,1.023516654968261719e+00
6.927332282066345215e-01,1.394259810447692871e+00
-1.221900820732116699e+00,-1.105966448783874512e+00
9.567782878875732422e-01,8.563892841339111328e-01
1.016645908355712891e+00,8.760216236114501953e-01
-1.353450179100036621e+00,-9.229971170425415039e-01
-9.591607451438903809e-01,-7.165503501892089844e-01
7.470381259918212891e-01,1.088504552841186523e+00
1.101862430572509766e+00,1.326177000999450684e+00
-1.041327595710754395e+00,-9.060938358306884766e-01
1.188876032829284668e+00,1.061789870262145996e+00
7.296811938285827637e-01,1.453940510749816895e+00
8.471948504447937012e-01,1.267518639564514160e+00
-1.044975042343139648e+00,-1.198723196983337402e+00
1.059946060180664062e+00,9.798200726509094238e-01
1.241517543792724609e+00,1.114464282989501953e+00
6.171938180923461914e-01,9.545498490333557129e-01
8.979902863502502441e-01,1.202519655227661133e+00
9.264575839042663574e-01,9.765707850456237793e-01
9.851399064064025879e-01,1.106328845024108887e+00
8.127658963203430176e-01,1.085681080818176270e+00
1.521128654479980469e+00,1.118200182914733887e+00
4.688251316547393799e-01,6.935654878616333008e-01
4.729852378368377686e-01,5.116401910781860352e-01
1.142365574836730957e+00,6.952189803123474121e-01
8.264790773391723633e-01,1.274466514587402344e+00
1.324762225151062012e+00,9.176135063171386719e-01
-1.268666744232177734e+00,-7.691293954849243164e-01
-9.957379698753356934e-01,-8.610820770263671875e-01
-9.490031599998474121e-01,-1.036443710327148438e+00
7.287928462028503418e-01,5.088274478912353516e-01
9.630506038665771484e-01,8.685173988342285156e-01
9.682372212409973145e-01,9.554725885391235352e-01
-1.124884963035583496e+00,-1.592555284500122070e+00
8.228841423988342285e-01,9.373795390129089355e-01
-1.145693659782409668e+00,-1.151802778244018555e+00
1.167908906936645508e+00,8.414900898933410645e-01
-6.878628730773925781e-01,-7.355658411979675293e-01
9.115550518035888672e-01,1.072529435157775879e+00
-8.855359554290771484e-01,-1.011217951774597168e+00
1.100531458854675293e+00,7.987532615661621094e-01
-7.853803038597106934e-01,-1.207152605056762695e+00
-8.847685456275939941e-01,-1.407948255538940430e+00
-1.240058422088623047e+00,-1.207200765609741211e+00
-1.127345204353332520e+00,-1.484439611434936523e+00
5.846403241157531738e-01,1.130771279335021973e+00
9.458190202713012695e-01,1.242779731750488281e+00
-1.430644392967224121e+00,-1.071370482444763184e+00
1.141634821891784668e+00,9.231353402137756348e-01
1.174904346466064453e+00,7.001006007194519043e-01
9.860891103744506836e-01,7.844463586807250977e-01
7.835231423377990723e-01,1.119964599609375000e+00
-1.074137926101684570e+00,-1.030495643615722656e+00
-1.286722779273986816e+00,-1.148829936981201172e+00
-8.576738238334655762e-01,-5.865535736083984375e-01
8.867051005363464355e-01,1.069292068481445312e+00
8.791749477386474609e-01,9.396910071372985840e-01
-8.706129789352416992e-01,-1.357930064201354980e+00
1.219520568847656250e+00,8.929535746574401855e-01
9.312236905097961426e-01,1.044130444526672363e+00
1.210619330406188965e+00,1.033216357231140137e+00
-9.764219522476196289e-01,-9.558114409446716309e-01
-1.019349932670593262e+00,-1.238697886466979980e+00
-1.191713333129882812e+00,-9.447475671768188477e-01
-6.989518404006958008e-01,-1.016153216361999512e+00
-8.726708889007568359e-01,-1.153982877731323242e+00
1.165408492088317871e+00,1.087953448295593262e+00
-1.343831300735473633e+00,-1.325474381446838379e+00
1.079621672630310059e+00,9.442586302757263184e-01
1.336242794990539551e+00,9.636734724044799805e-01
3.729907274246215820e-01,9.392832517623901367e-01
-1.307983636856079102e+00,-1.188408493995666504e+00
-8.039330840110778809e-01,-9.767971038818359375e-01
-6.362212896347045898e-01,-9.521869421005249023e-01
1.059204816818237305e+00,1.095552802085876465e+00
-1.096474766731262207e+00,-7.553264498710632324e-01
-8.309394717216491699e-01,-1.323711872100830078e+00
-1.092472553253173828e+00,-1.158783793449401855e+00
-1.099187612533569336e+00,-7.542659640312194824e-01
1.132360339164733887e+00,1.024268865585327148e+00
-1.098457455635070801e+00,-7.815380096435546875e-01
9.433306455612182617e-01,6.871005892753601074e-01
-1.105389714241027832e+00,-9.519383311271667480e-01
1.410308003425598145e+00,5.804587602615356445e-01
1.097085475921630859e+00,1.314518570899963379e+00
8.974248766899108887e-01,6.927579045295715332e-01
5.210429430007934570e-01,6.595733761787414551e-01
1.064328670501708984e+00,1.064920902252197266e+00
-1.032959938049316406e+00,-9.900079965591430664e-01
6.965310573577880859e-01,1.148592472076416016e+00
1.098559856414794922e+00,1.442170858383178711e+00
1.215769767761230469e+00,6.328382492065429688e-01
1.084173560142517090e+00,1.201855540275573730e+00
9.673963785171508789e-01,1.183097839355468750e+00
1.168835043907165527e+00,8.776881098747253418e-01
1.049328088760375977e+00,8.656727075576782227e-01
9.659947752952575684e-01,1.122974872589111328e+00
1.322865247726440430e+00,1.171851515769958496e+00
-1.004998326301574707e+00,-1.119070410728454590e+00
1.016287565231323242e+00,1.141667962074279785e+00
-8.553138971328735352e-01,-7.611763477325439453e-01
1.147458076477050781e+00,1.082778215408325195e+00
-6.720568537712097168e-01,-9.534428119659423828e-01
-7.811189889907836914e-01,-9.708342552185058594e-01
1.246053457260131836e+00,9.648100733757019043e-01
1.018697381019592285e+00,1.088817834854125977e+00
-9.255713820457458496e-01,-8.869756460189819336e-01
-1.058970332145690918e+00,-6.786430478096008301e-01
8.657960891723632812e-01,1.062891483306884766e+00
1.008731603622436523e+00,9.325913786888122559e-01
-9.178888797760009766e-01,-1.120452761650085449e+00
8.959052562713623047e-01,1.338362812995910645e+00
-1.160812258720397949e+00,-7.903488874435424805e-01
9.896965622901916504e-01,4.694342315196990967e-01
-8.550234436988830566e-01,-1.085275650024414062e+00
-7.057455778121948242e-01,-1.121178865432739258e+00
1.272332668304443359e+00,9.612511396408081055e-01
9.455717802047729492e-01,9.335184097290039062e-01
-9.035798907279968262e-01,-1.005093097686767578e+00
1.089605093002319336e+00,7.587335705757141113e-01
1.233966946601867676e+00,1.099035382270812988e+00
1.306647062301635742e+00,7.518224716186523438e-01
-1.144631981849670410e+00,-1.017199516296386719e+00
-1.036816000938415527e+00,-8.096235990524291992e-01
1.160049557685852051e+00,1.009698271751403809e+00
-7.438827157020568848e-01,-8.379906415939331055e-01
1.072442054748535156e+00,1.063169121742248535e+00
9.720634818077087402e-01,1.018069028854370117e+00
9.282759428024291992e-01,1.092451333999633789e+00
7.619597315788269043e-01,5.724561214447021484e-01
-1.005012989044189453e+00,-8.206794857978820801e-01
1.259781837463378906e+00,6.779354214668273926e-01
-6.479345560073852539e-01,-1.319225192070007324e+00
9.312911629676818848e-01,5.048642158508300781e-01
-1.029364824295043945e+00,-1.280132532119750977e+00
-9.508054256439208984e-01,-7.178138494491577148e-01
1.060436725616455078e+00,1.202899336814880371e+00
-1.008194565773010254e+00,-9.395408630371093750e-01
9.674535989761352539e-01,7.644203305244445801e-01
-1.193754911422729492e+00,-8.765767812728881836e-01
9.698455929756164551e-01,6.739665269851684570e-01
-7.238273620605468750e-01,-6.252313256263732910e-01
1.274484395980834961e+00,6.510946154594421387e-01
8.289324045181274414e-01,5.763742923736572266e-01
7.313101291656494141e-01,1.136185884475708008e+00
1.124192357063293457e+00,1.106502771377563477e+00
8.517526388168334961e-01,1.170006275177001953e+00
9.100940227508544922e-01,1.399931311607360840e+00
1.018071651458740234e+00,8.714510202407836914e-01
1.069639921188354492e+00,8.032770752906799316e-01
9.881124496459960938e-01,1.311457753181457520e+00
-9.274011254310607910e-01,-1.024949073791503906e+00
-1.270807623863220215e+00,-6.312514543533325195e-01
7.409569621086120605e-01,7.949075102806091309e-01
-8.097582459449768066e-01,-5.911519527435302734e-01
-1.200019121170043945e+00,-9.131606221199035645e-01
-1.187418818473815918e+00,-8.073109388351440430e-01
-1.065014481544494629e+00,-6.468033194541931152e-01
8.028419017791748047e-01,1.216846466064453125e+00
8.028879761695861816e-01,9.661755561828613281e-01
8.864475488662719727e-01,7.021309733390808105e-01
-6.976748704910278320e-01,-1.331466674804687500e+00
1.030797600746154785e+00,9.970660209655761719e-01
-6.479691267013549805e-01,-1.089316487312316895e+00
-1.082130312919616699e+00,-9.431835412979125977e-01
-8.939583301544189453e-01,-1.224733591079711914e+00
1.097182035446166992e+00,1.259518265724182129e+00
-9.903681874275207520e-01,-1.019278168678283691e+00
9.018143415451049805e-01,1.007155179977416992e+00
-1.040369510650634766e+00,-6.352082490921020508e-01
7.215402722358703613e-01,7.683895826339721680e-01
-9.174335002899169922e-01,-9.015907645225524902e-01
-8.461463451385498047e-01,-5.760655403137207031e-01
-1.023402452468872070e+00,-7.870497107505798340e-01
1.199797987937927246e+00,1.087593317031860352e+00
-1.162658452987670898e+00,-8.202835917472839355e-01
-1.195756316184997559e+00,-6.113228797912597656e-01
-8.251550197601318359e-01,-9.181254506111145020e-01
-8.519150018692016602e-01,-1.288908958435058594e+00
1.485355377197265625e+00,8.323850631713867188e-01
-1.272012829780578613e+00,-1.038705945014953613e+00
-1.167929887771606445e+00,-1.029144287109375000e+00
9.002448916435241699e-01,1.219472885131835938e+00
-1.045024275779724121e+00,-8.439695835113525391e-01
-1.267266750335693359e+00,-1.177011609077453613e+00
-8.650587201118469238e-01,-1.184074521064758301e+00
1.018030524253845215e+00,1.036755204200744629e+00
1.125777244567871094e+00,9.742731451988220215e-01
7.776148319244384766e-01,7.878341674804687500e-01
-9.810714125633239746e-01,-7.493685483932495117e-01
-1.035223484039306641e+00,-8.309712409973144531e-01
-9.569853544235229492e-01,-8.662536144256591797e-01
-1.029735684394836426e+00,-1.091758251190185547e+00
1.052175998687744141e+00,5.979930758476257324e-01
-1.294858574867248535e+00,-1.547655582427978516e+00
1.313942670822143555e+00,1.094109058380126953e+00
-7.168425321578979492e-01,-9.803432822227478027e-01
-4.868687093257904053e-01,-8.598080277442932129e-01
-5.594181418418884277e-01,-7.271457910537719727e-01
7.363281250000000000e-01,1.067257761955261230e+00
9.668982625007629395e-01,6.725959777832031250e-01
7.303923964500427246e-01,7.767497897148132324e-01
1.072201371192932129e+00,1.015692472457885742e+00
1.145148754119873047e+00,8.285084962844848633e-01
-9.017966985702514648e-01,-1.119866609573364258e+00
1.137492775917053223e+00,8.303414583206176758e-01
8.973942399024963379e-01,5.862115025520324707e-01
5.941153168678283691e-01,1.000580787658691406e+00
9.224312305450439453e-01,9.674710035324096680e-01
1.073743104934692383e+00,9.296076297760009766e-01
5.330275893211364746e-01,7.477221488952636719e-01
-1.007428646087646484e+00,-5.777805447578430176e-01
-9.601905345916748047e-01,-7.266808748245239258e-01
7.794743180274963379e-01,9.475702047348022461e-01
6.927983164787292480e-01,3.155820667743682861e-01
-8.391707539558410645e-01,-5.754352807998657227e-01
1.009275913238525391e+00,8.395555615425109863e-01
1.057854652404785156e+00,1.008926510810852051e+00
-1.170674204826354980e+00,-1.358278989791870117e+00
9.643487334251403809e-01,1.315553903579711914e+00
-1.032422661781311035e+00,-1.040168881416320801e+00
1.146998763084411621e+00,1.110312223434448242e+00
1.089429020881652832e+00,7.528497576713562012e-01
7.313417792320251465e-01,5.066750645637512207e-01
9.701637029647827148e-01,1.197205543518066406e+00
-9.716952443122863770e-01,-8.237899541854858398e-01
1.139508128166198730e+00,1.083319425582885742e+00
-5.842484235763549805e-01,-1.115995526313781738e+00
1.266591429710388184e+00,1.022174835205078125e+00
-8.321319222450256348e-01,-1.039695858955383301e+00
-1.285082340240478516e+00,-9.648353457450866699e-01
-8.861041069030761719e-01,-1.358222961425781250e+00
-1.025583624839782715e+00,-1.263245463371276855e+00
-1.156408786773681641e+00,-6.086398959159851074e-01
1.081074357032775879e+00,9.112820029258728027e-01
-6.426297426223754883e-01,-8.226461410522460938e-01
8.871260285377502441e-01,7.875962257385253906e-01
1.029674410820007324e+00,9.891705513000488281e-01
7.710680365562438965e-01,6.391377449035644531e-01
-1.221504092216491699e+00,-1.250074625015258789e+00
-1.049183249473571777e+00,-1.080811142921447754e+00
-9.723148941993713379e-01,-1.039372801780700684e+00
-1.072847843170166016e+00,-8.059794306755065918e-01
1.306041598320007324e+00,8.559831380844116211e-01
-1.246136665344238281e+00,-1.221736431121826172e+00
-9.049686193466186523e-01,-9.956487417221069336e-01
7.574738264083862305e-01,1.106996536254882812e+00
-8.481736779212951660e-01,-9.991377592086791992e-01
-8.776404261589050293e-01,-8.521010875701904297e-01
-1.023430228233337402e+00,-7.991432547569274902e-01
-9.755607247352600098e-01,-1.205379962921142578e+00
-1.280656456947326660e+00,-1.071451544761657715e+00
9.788188934326171875e-01,7.124688029289245605e-01
-7.165887355804443359e-01,-1.017501950263977051e+00
-1.171435117721557617e+00,-1.147043824195861816e+00
-6.897090077400207520e-01,-1.241121888160705566e+00
1.336603403091430664e+00,9.117463827133178711e-01
1.021304845809936523e+00,1.014151811599731445e+00
7.975516915321350098e-01,1.282528996467590332e+00
-1.260396242141723633e+00,-6.125102639198303223e-01
7.036951184272766113e-01,1.004392623901367188e+00
1.076208829879760742e+00,1.193287014961242676e+00
1.477663040161132812e+00,1.018363714218139648e+00
-6.692816019058227539e-01,-1.160674929618835449e+00
-1.227802157402038574e+00,-1.488413333892822266e+00
9.419026970863342285e-01,1.194632411003112793e+00
-7.722859978675842285e-01,-1.181901812553405762e+00
1.137657284736633301e+00,6.760640740394592285e-01
8.090916275978088379e-01,9.392868876457214355e-01
7.207466959953308105e-01,9.419077634811401367e-01
-7.819058895111083984e-01,-1.176096081733703613e+00
-1.283335804939270020e+00,-8.793308734893798828e-01
-7.768719792366027832e-01,-7.949870228767395020e-01
9.822083711624145508e-01,1.140434384346008301e+00
-7.266321778297424316e-01,-1.382806062698364258e+00
-6.671895980834960938e-01,-1.273590922355651855e+00
1.236356735229492188e+00,1.120416522026062012e+00
-1.216802120208740234e+00,-1.033810615539550781e+00
-6.919051408767700195e-01,-6.102542877197265625e-01
-8.170745372772216797e-01,-8.326994776725769043e-01
-1.113042235374450684e+00,-1.022908687591552734e+00
1.158257246017456055e+00,7.736125588417053223e-01
-8.519271016120910645e-01,-9.939011931419372559e-01
-4.567717313766479492e-01,-1.224241375923156738e+00
6.556135416030883789e-01,6.701359748840332031e-01
8.645046353340148926e-01,9.051027894020080566e-01
1.163890123367309570e+00,8.204430341720581055e-01
7.231497168540954590e-01,1.073096275329589844e+00
-8.789078593254089355e-01,-8.358880281448364258e-01
-7.844647765159606934e-01,-1.303040027618408203e+00
-1.059000015258789062e+00,-8.342730998992919922e-01
-1.124280333518981934e+00,-9.759349822998046875e-01
-1.103173613548278809e+00,-1.296735882759094238e+00
-1.073550581932067871e+00,-7.968397140502929688e-01
-1.138762593269348145e+00,-5.839525461196899414e-01
-7.769459486007690430e-01,-4.687394797801971436e-01
-7.667061686515808105e-01,-1.391763567924499512e+00
-1.275181412696838379e+00,-8.410524129867553711e-01
-1.139681458473205566e+00,-9.009500145912170410e-01
1.121303677558898926e+00,7.348910570144653320e-01
-8.039813637733459473e-01,-1.347946763038635254e+00
9.783099889755249023e-01,8.628784418106079102e-01
-8.113152980804443359e-01,-1.073550939559936523e+00
-6.787529587745666504e-01,-9.048497676849365234e-01
-7.751119136810302734e-01,-8.263223767280578613e-01
-6.233155727386474609e-01,-8.139018416404724121e-01
1.627853155136108398e+00,1.012784957885742188e+00
-1.295756936073303223e+00,-8.646569848060607910e-01
-1.231069922447204590e+00,-1.289720773696899414e+00
-1.315426707267761230e+00,-1.047240972518920898e+00
8.833631873130798340e-01,9.915220141410827637e-01
7.926993370056152344e-01,1.317079544067382812e+00
1.317677497863769531e+00,8.180000782012939453e-01
-6.532381772994995117e-01,-1.394835352897644043e+00
-7.969143390655517578e-01,-1.166187763214111328e+00
1.060036659240722656e+00,7.691181898117065430e-01
5.675131082534790039e-01,8.556413650512695312e-01
1.118766307830810547e+00,9.190140366554260254e-01
-1.131952881813049316e+00,-9.458202123641967773e-01
-6.966053247451782227e-01,-9.159584641456604004e-01
1.094792604446411133e+00,8.817760348320007324e-01
-7.268255352973937988e-01,-1.166461110115051270e+00
-1.162287592887878418e+00,-8.531033396720886230e-01
7.941951155662536621e-01,7.322653532028198242e-01
-1.122478485107421875e+00,-1.028902411460876465e+00
1.118504285812377930e+00,9.282950162887573242e-01
-6.555975675582885742e-01,-9.211210012435913086e-01
9.082160592079162598e-01,9.828572273254394531e-01
-1.286987185478210449e+00,-8.683492541313171387e-01
-1.098590373992919922e+00,-1.003078460693359375e+00
7.275854945182800293e-01,5.437605381011962891e-01
8.808832764625549316e-01,1.425051689147949219e+00
-1.001581788063049316e+00,-1.272725939750671387e+00
1.406028747558593750e+00,1.050563335418701172e+00
9.196001291275024414e-01,9.471040368080139160e-01
1.084372997283935547e+00,1.027859568595886230e+00
1.286835908889770508e+00,6.874883770942687988e-01
-1.065302252769470215e+00,-1.055565118789672852e+00
7.889793515205383301e-01,7.249843478202819824e-01
-8.244315981864929199e-01,-9.310138821601867676e-01
-1.096557140350341797e+00,-7.185288071632385254e-01
1.243777513504028320e+00,1.053441524505615234e+00
3.206634223461151123e-01,7.719616889953613281e-01
1.015275120735168457e+00,8.135858178138732910e-01
1.171386957168579102e+00,8.998293876647949219e-01
7.043634057044982910e-01,8.727582693099975586e-01
1.111503124237060547e+00,1.073815107345581055e+00
6.518052220344543457e-01,6.582381725311279297e-01
7.270858287811279297e-01,1.171538233757019043e+00
-1.035645246505737305e+00,-1.244531393051147461e+00
1.101286649703979492e+00,8.762696385383605957e-01
-8.355675339698791504e-01,-1.081240534782409668e+00
-1.112203478813171387e+00,-9.956732392311096191e-01
-1.219633579254150391e+00,-9.586272239685058594e-01
7.956575751304626465e-01,1.014522790908813477e+00
-9.779843091964721680e-01,-1.117171883583068848e+00
1.341740608215332031e+00,1.434450626373291016e+00
-9.285996556282043457e-01,-1.324881911277770996e+00
1.309352874755859375e+00,7.503522038459777832e-01
7.731832265853881836e-01,1.006458282470703125e+00
-9.839406609535217285e-01,-9.717183709144592285e-01
-1.165951609611511230e+00,-1.121204733848571777e+00
-1.160725951194763184e+00,-6.222466826438903809e-01
-1.004928588867187500e+00,-7.194325327873229980e-01
-1.034519791603088379e+00,-9.190113544464111328e-01
9.063737988471984863e-01,1.237726569175720215e+00
-7.898600101470947266e-01,-1.142472982406616211e+00
-8.010307550430297852e-01,-1.079704642295837402e+00
7.633268833160400391e-01,9.343058466911315918e-01
8.189035058021545410e-01,1.062237024307250977e+00
9.934366345405578613e-01,1.305358886718750000e+00
-9.682598710060119629e-01,-1.280463337898254395e+00
8.858564496040344238e-01,1.038999676704406738e+00
1.268079400062561035e+00,8.118650913238525391e-01
-6.731663942337036133e-01,-1.398763418197631836e+00
1.177097558975219727e+00,9.226131439208984375e-01
-9.355608820915222168e-01,-1.267683625221252441e+00
-1.001213192939758301e+00,-1.083680152893066406e+00
1.165166139602661133e+00,1.167041420936584473e+00
7.848494052886962891e-01,8.521155714988708496e-01
1.069151759147644043e+00,1.018667101860046387e+00
1.057985544204711914e+00,5.999673008918762207e-01
9.751290678977966309e-01,7.943070530891418457e-01
8.786260485649108887e-01,8.096693158149719238e-01
-1.184601664543151855e+00,-9.433700442314147949e-01
1.086130738258361816e+00,1.160370349884033203e+00
-9.011730551719665527e-01,-1.464720368385314941e+00
1.053251981735229492e+00,1.122805118560791016e+00
9.720439314842224121e-01,6.545718908309936523e-01
9.085987806320190430e-01,9.265702366828918457e-01
-1.173400998115539551e+00,-6.694087386131286621e-01
1.174961686134338379e+00,1.206845402717590332e+00
-8.851280808448791504e-01,-4.918601214885711670e-01
-1.099699378013610840e+00,-1.123510837554931641e+00
-9.594086408615112305e-01,-5.823770761489868164e-01
-1.194549679756164551e+00,-1.361073493957519531e+00
9.833182096481323242e-01,8.804416060447692871e-01
1.129843592643737793e+00,8.025490641593933105e-01
-1.268947839736938477e+00,-1.004896879196166992e+00
-6.388601064682006836e-01,-9.628442525863647461e-01
1.240006804466247559e+00,6.710201501846313477e-01
1.113817691802978516e+00,1.048585891723632812e+00
-1.168904900550842285e+00,-1.123373985290527344e+00
9.895294308662414551e-01,1.173562645912170410e+00
-7.793473005294799805e-01,-1.319418430328369141e+00
8.981984257698059082e-01,1.085766315460205078e+00
-9.789340496063232422e-01,-9.574222564697265625e-01
1.268032431602478027e+00,9.601286649703979492e-01
1.080181598663330078e+00,8.006501197814941406e-01
-1.247234821319580078e+00,-8.547593951225280762e-01
1.022458434104919434e+00,1.088170647621154785e+00
-7.865223884582519531e-01,-9.724279642105102539e-01
-1.341169238090515137e+00,-1.276825547218322754e+00
-1.080306768417358398e+00,-6.944104433059692383e-01
9.198596477508544922e-01,9.614931941032409668e-01
8.736452460289001465e-01,9.756170511245727539e-01
1.057857275009155273e+00,6.138054132461547852e-01
-8.412740826606750488e-01,-1.108518362045288086e+00
-1.217422723770141602e+00,-6.747779250144958496e-01
-8.211910128593444824e-01,-1.011169910430908203e+00
-9.136438369750976562e-01,-8.616405725479125977e-01
1.038777589797973633e+00,1.217696905136108398e+00
-1.053631544113159180e+00,-7.778502106666564941e-01
-9.448572397232055664e-01,-1.195082187652587891e+00
6.747278571128845215e-01,9.351193308830261230e-01
-1.280109763145446777e+00,-6.537564992904663086e-01
-9.148265719413757324e-01,-1.100087285041809082e+00
1.151432514190673828e+00,9.228245019912719727e-01
-1.443243622779846191e+00,-8.023096323013305664e-01
-9.117326140403747559e-01,-1.013324141502380371e+00
-7.421917915344238281e-01,-6.898092031478881836e-01
5.703561305999755859e-01,9.976295828819274902e-01
9.169201254844665527e-01,9.512788653373718262e-01
9.047326445579528809e-01,7.855322957038879395e-01
8.578887581825256348e-01,1.269582509994506836e+00
-9.208690524101257324e-01,-9.798091650009155273e-01
7.790736556053161621e-01,6.982313990592956543e-01
-6.394954919815063477e-01,-9.813831448554992676e-01
7.995331287384033203e-01,8.646816611289978027e-01
1.126036167144775391e+00,1.083299994468688965e+00
7.291811108589172363e-01,1.118993878364562988e+00
1.328074932098388672e+00,9.235346317291259766e-01
9.703596830368041992e-01,5.493271350860595703e-01
9.114137291908264160e-01,9.398580789566040039e-01
-8.772957921028137207e-01,-1.509244680404663086e+00
1.017442703247070312e+00,9.486736059188842773e-01
-1.078485369682312012e+00,-1.728662967681884766e+00
9.303973913192749023e-01,9.944314956665039062e-01
1.459460139274597168e+00,1.115783214569091797e+00
-1.343065500259399414e+00,-1.245639204978942871e+00
1.149841308593750000e+00,6.221007704734802246e-01
1.224113821983337402e+00,9.056838750839233398e-01
-5.886054635047912598e-01,-7.738787531852722168e-01
-1.030390858650207520e+00,-7.855963110923767090e-01
1.203136682510375977e+00,6.601997613906860352e-01
-9.604096412658691406e-01,-1.141733407974243164e+00
-1.350817918777465820e+00,-6.213567256927490234e-01
8.000136613845825195e-01,1.073075056076049805e+00
9.420386552810668945e-01,1.189665913581848145e+00
-1.239708185195922852e+00,-9.481715559959411621e-01
-7.867782115936279297e-01,-1.216060996055603027e+00
-8.429919481277465820e-01,-1.039284944534301758e+00
1.054034829139709473e+00,1.229801654815673828e+00
9.647002220153808594e-01,1.097092628479003906e+00
8.719068765640258789e-01,5.936021208763122559e-01
7.501197457313537598e-01,8.080613017082214355e-01
-1.061364650726318359e+00,-9.746068120002746582e-01
-8.924536108970642090e-01,-8.043549060821533203e-01
-8.034766912460327148e-01,-9.384976029396057129e-01
8.829663395881652832e-01,8.668341040611267090e-01
-8.945037722587585449e-01,-8.757252693176269531e-01
8.451731204986572266e-01,1.011638522148132324e+00
-9.194726943969726562e-01,-8.802718520164489746e-01
-8.071746826171875000e-01,-9.755193591117858887e-01
-9.676270484924316406e-01,-1.058941483497619629e+00
1.060305953025817871e+00,8.428789973258972168e-01
1.245622515678405762e+00,8.805170655250549316e-01
-7.317777872085571289e-01,-1.022970795631408691e+00
-1.252486944198608398e+00,-1.013533830642700195e+00
6.998315453529357910e-01,5.255154371261596680e-01
-1.124727129936218262e+00,-1.016370058059692383e+00
-6.920605301856994629e-01,-9.782603979110717773e-01
1.056088328361511230e+00,1.327713370323181152e+00
1.080140113830566406e+00,8.704491853713989258e-01
-1.050928473472595215e+00,-1.366444826126098633e+00
-1.033808231353759766e+00,-1.021059274673461914e+00
-5.806875228881835938e-01,-8.362156152725219727e-01
-1.132759928703308105e+00,-1.147730588912963867e+00
8.607484102249145508e-01,1.336349368095397949e+00
7.383084297180175781e-01,9.774405360221862793e-01
-1.350204944610595703e+00,-1.009033679962158203e+00
8.096385598182678223e-01,1.003026008605957031e+00
7.126867771148681641e-01,8.078573346138000488e-01
6.775511503219604492e-01,7.872358560562133789e-01
-1.059345006942749023e+00,-8.891344666481018066e-01
9.207319617271423340e-01,8.090519905090332031e-01
8.196794390678405762e-01,1.007639527320861816e+00
1.058631420135498047e+00,7.825241684913635254e-01
-9.215141534805297852e-01,-7.864889502525329590e-01
-9.428652524948120117e-01,-1.299668669700622559e+00
8.290963172912597656e-01,8.497384190559387207e-01
1.021225094795227051e+00,1.116896867752075195e+00
6.277658939361572266e-01,6.765215396881103516e-01
-7.972726225852966309e-01,-1.021180868148803711e+00
9.769899249076843262e-01,1.027354717254638672e+00
-9.579664468765258789e-01,-6.716519594192504883e-01
1.249524950981140137e+00,8.736678957939147949e-01
7.085676193237304688e-01,1.068618059158325195e+00
8.723378181457519531e-01,9.631314277648925781e-01
1.038576483726501465e+00,1.117410898208618164e+00
-9.036729931831359863e-01,-1.324052095413208008e+00
8.451162576675415039e-01,7.217943072319030762e-01
1.096006870269775391e+00,1.025278687477111816e+00
-8.117493987083435059e-01,-1.227418780326843262e+00
-1.254722356796264648e+00,-1.017233848571777344e+00
-6.623088717460632324e-01,-1.323043107986450195e+00
-8.985561728477478027e-01,-1.078313827514648438e+00
-8.225415349006652832e-01,-1.298948645591735840e+00
-7.917950749397277832e-01,-1.165973901748657227e+00
9.977027773857116699e-01,9.469280838966369629e-01
1.220628738403320312e+00,1.002837657928466797e+00
7.847610712051391602e-01,8.628450632095336914e-01
-1.450709104537963867e+00,-1.115893006324768066e+00
1.259653568267822266e+00,8.271739482879638672e-01
1.451945662498474121e+00,9.783161878585815430e-01
9.867299795150756836e-01,1.243313193321228027e+00
-1.199908733367919922e+00,-1.324465632438659668e+00
1.414474606513977051e+00,1.061447024345397949e+00
-8.493962287902832031e-01,-7.104407548904418945e-01
1.408033132553100586e+00,9.003340601921081543e-01
1.475831747055053711e+00,8.510187268257141113e-01
9.656867384910583496e-01,8.184924125671386719e-01
-9.402171969413757324e-01,-1.132998228073120117e+00
-1.423137545585632324e+00,-1.160879731178283691e+00
-7.530698776245117188e-01,-1.124031066894531250e+00
-1.074231982231140137e+00,-8.882666826248168945e-01
-1.139615297317504883e+00,-1.359813928604125977e+00
8.459729552268981934e-01,9.465610384941101074e-01
6.411111950874328613e-01,8.810603618621826172e-01
1.012216210365295410e+00,9.912202954292297363e-01
1.089234709739685059e+00,7.797323465347290039e-01
-1.024677157402038574e+00,-1.122967481613159180e+00
8.666792511940002441e-01,7.500639557838439941e-01
9.555464386940002441e-01,1.231583833694458008e+00
-8.697374463081359863e-01,-9.755519032478332520e-01
-1.055036902427673340e+00,-1.453081130981445312e+00
-5.635559558868408203e-01,-1.178381204605102539e+00
-8.942758440971374512e-01,-1.176580548286437988e+00
-1.125678420066833496e+00,-9.780019521713256836e-01
-4.909986555576324463e-01,-8.832252025604248047e-01
-5.360832810401916504e-01,-1.270357608795166016e+00
-8.831294178962707520e-01,-1.275167942047119141e+00
-7.193127274513244629e-01,-9.251428246498107910e-01
1.001783728599548340e+00,8.536823987960815430e-01
1.158498525619506836e+00,1.221403598785400391e+00
8.619547486305236816e-01,1.151937484741210938e+00
6.797931194305419922e-01,5.964851975440979004e-01
-9.692666530609130859e-01,-1.214416384696960449e+00
7.432823777198791504e-01,1.201555728912353516e+00
1.325187802314758301e+00,9.198433160781860352e-01
-8.879945874214172363e-01,-1.085545301437377930e+00
1.075445890426635742e+00,6.968286633491516113e-01
8.392295837402343750e-01,7.418406605720520020e-01
1.545778036117553711e+00,7.936520576477050781e-01
8.872968554496765137e-01,1.027391433715820312e+00
-9.802880287170410156e-01,-1.410392165184020996e+00
9.590108394622802734e-01,8.977572917938232422e-01
7.370064854621887207e-01,1.285103321075439453e+00
-7.991724014282226562e-01,-1.383756041526794434e+00
1.058420538902282715e+00,9.091336131095886230e-01
1.131478428840637207e+00,1.015340328216552734e+00
7.646561264991760254e-01,1.101737499237060547e+00
1.129240870475769043e+00,9.785439968109130859e-01
9.966728091239929199e-01,7.375606894493103027e-01
9.381415843963623047e-01,9.963633418083190918e-01
9.198996424674987793e-01,1.009756565093994141e+00
-9.757801890373229980e-01,-7.921434640884399414e-01
1.221864223480224609e+00,1.040379405021667480e+00
1.357832908630371094e+00,1.287220716476440430e+00
7.736789584159851074e-01,9.066495895385742188e-01
-9.027233719825744629e-01,-1.494497299194335938e+00
1.117929100990295410e+00,9.363912940025329590e-01
-9.247390031814575195e-01,-1.130032420158386230e+00
8.842415809631347656e-01,9.029057025909423828e-01
-1.058686256408691406e+00,-1.232661008834838867e+00
-1.008361577987670898e+00,-1.199729561805725098e+00
-1.140345335006713867e+00,-9.866998195648193359e-01
8.775345683097839355e-01,1.273583769798278809e+00
-7.776180505752563477e-01,-9.837402105331420898e-01
-1.083867192268371582e+00,-1.298996329307556152e+00
1.038095474243164062e+00,7.716685533523559570e-01
-1.003789782524108887e+00,-9.829652905464172363e-01
1.109173655509948730e+00,9.931900501251220703e-01
1.176020979881286621e+00,7.713947296142578125e-01
-9.139928817749023438e-01,-1.198914766311645508e+00
1.315408706665039062e+00,1.005189299583435059e+00
-1.205801486968994141e+00,-1.019257545471191406e+00
8.185373544692993164e-01,9.057789444923400879e-01
1.489016532897949219e+00,1.172850966453552246e+00
-8.087751269340515137e-01,-1.154020309448242188e+00
1.317603349685668945e+00,9.251297116279602051e-01
9.616985917091369629e-01,8.961054086685180664e-01
9.709954261779785156e-01,1.020329833030700684e+00
1.327549099922180176e+00,9.439235925674438477e-01
9.816421866416931152e-01,1.309190273284912109e+00
-7.867476940155029297e-01,-9.257640838623046875e-01
-1.108342885971069336e+00,-1.031288623809814453e+00
7.405744194984436035e-01,9.857231974601745605e-01
8.307850956916809082e-01,9.550382494926452637e-01
-1.236408472061157227e+00,-1.003378152847290039e+00
1.134132742881774902e+00,8.742654919624328613e-01
-8.843357563018798828e-01,-1.093897581100463867e+00
9.053597450256347656e-01,7.905508279800415039e-01
8.957020640373229980e-01,8.261995911598205566e-01
-6.921511292457580566e-01,-8.465398550033569336e-01
-8.498095870018005371e-01,-9.087380766868591309e-01
-5.899854302406311035e-01,-1.170466184616088867e+00
1.202783703804016113e+00,5.711346864700317383e-01
-9.943445920944213867e-01,-9.947932958602905273e-01
9.369651675224304199e-01,6.526083350181579590e-01
5.102970004081726074e-01,8.530208468437194824e-01
-8.733647465705871582e-01,-8.340788483619689941e-01
-7.426844835281372070e-01,-1.080731749534606934e+00
-8.843486905097961426e-01,-8.432490229606628418e-01
7.584924101829528809e-01,8.812600374221801758e-01
7.886987924575805664e-01,1.089829802513122559e+00
-9.389847517013549805e-01,-1.318891406059265137e+00
1.119127392768859863e+00,9.672082066535949707e-01
-9.435130357742309570e-01,-1.085702776908874512e+00
8.729539513587951660e-01,9.249331951141357422e-01
-1.024368524551391602e+00,-1.203053236007690430e+00
-8.688648939132690430e-01,-1.411090850830078125e+00
8.752434849739074707e-01,1.085534811019897461e+00
-1.027851223945617676e+00,-9.059828519821166992e-01
-6.673252582550048828e-01,-1.015843749046325684e+00
-7.999742031097412109e-01,-9.115899205207824707e-01
-1.235236644744873047e+00,-7.602564096450805664e-01
1.277642369270324707e+00,1.293628215789794922e+00
9.104132652282714844e-01,5.826358199119567871e-01
9.376829862594604492e-01,1.170092463493347168e+00
1.264927387237548828e+00,1.178271651268005371e+00
-1.421611428260803223e+00,-9.654545187950134277e-01
-7.833887934684753418e-01,-8.672885298728942871e-01
1.113138318061828613e+00,8.827316164970397949e-01
8.706071376800537109e-01,1.092068195343017578e+00
-9.348116517066955566e-01,-1.486320734024047852e+00
1.114368677139282227e+00,1.048016548156738281e+00
-4.974126815795898438e-01,-7.639016509056091309e-01
1.098919034004211426e+00,1.198071360588073730e+00
1.058338522911071777e+00,9.964159131050109863e-01
9.258177876472473145e-01,1.042006969451904297e+00
-1.078768610954284668e+00,-1.442671418190002441e+00
1.208074450492858887e+00,1.089429497718811035e+00
1.248577475547790527e+00,8.931660652160644531e-01
-8.302245736122131348e-01,-1.374860167503356934e+00
8.891516327857971191e-01,6.932947635650634766e-01
-9.438553452491760254e-01,-1.204269766807556152e+00
9.735295176506042480e-01,9.639702439308166504e-01
9.540742039680480957e-01,1.009220838546752930e+00
8.940457105636596680e-01,8.590827584266662598e-01
1.247848153114318848e+00,1.223127961158752441e+00
8.668431043624877930e-01,8.851099014282226562e-01
-9.994614124298095703e-01,-7.938272356986999512e-01
-1.208501577377319336e+00,-7.170322537422180176e-01
1.075345635414123535e+00,9.806109666824340820e-01
1.210381507873535156e+00,1.137077569961547852e+00
-8.467524051666259766e-01,-8.964249491691589355e-01
1.032973408699035645e+00,1.168552398681640625e+00
-9.578623175621032715e-01,-1.044959664344787598e+00
-9.725191593170166016e-01,-9.487612843513488770e-01
-1.202847599983215332e+00,-1.057739377021789551e+00
7.240671515464782715e-01,5.893134474754333496e-01
9.601254463195800781e-01,5.743615627288818359e-01
8.871474862098693848e-01,6.280142068862915039e-01
-1.148061752319335938e+00,-8.904852867126464844e-01
-1.346481800079345703e+00,-1.076953291893005371e+00
7.783900499343872070e-01,1.110282540321350098e+00
1.023420333862304688e+00,1.287518143653869629e+00
7.754185199737548828e-01,1.131239533424377441e+00
-6.287782192230224609e-01,-1.100458502769470215e+00
7.950567007064819336e-01,8.362821340560913086e-01
-1.124913930892944336e+00,-8.615725040435791016e-01
-1.093404889106750488e+00,-7.363049983978271484e-01
1.390959024429321289e+00,8.216873407363891602e-01
1.061770200729370117e+00,7.312303781509399414e-01
-9.632058143615722656e-01,-8.581393957138061523e-01
-1.004402518272399902e+00,-1.070975899696350098e+00
-7.216434478759765625e-01,-8.332226276397705078e-01
1.025526404380798340e+00,8.956614136695861816e-01
1.258654713630676270e+00,9.045533537864685059e-01
-8.206006288528442383e-01,-8.626055121421813965e-01
1.277850031852722168e+00,1.108704924583435059e+00
1.211675524711608887e+00,1.252070069313049316e+00
-1.237212300300598145e+00,-8.278002142906188965e-01
-1.019135832786560059e+00,-8.598735928535461426e-01
-7.604856491088867188e-01,-1.152842402458190918e+00
1.192757964134216309e+00,1.063915252685546875e+00
6.454887986183166504e-01,6.897547841072082520e-01
1.061505198478698730e+00,1.074114799499511719e+00
-1.026060104370117188e+00,-1.317315697669982910e+00
1.091935753822326660e+00,8.527117371559143066e-01
1.011466264724731445e+00,9.660495519638061523e-01
-1.193811058998107910e+00,-1.187500357627868652e+00
5.709964036941528320e-01,1.179995656013488770e+00
1.368197321891784668e+00,1.034502625465393066e+00
-7.643169164657592773e-01,-1.382625460624694824e+00
-3.322763741016387939e-01,-9.804009199142456055e-01
7.405520677566528320e-01,1.021811246871948242e+00
1.136122107505798340e+00,9.545558691024780273e-01
8.191646337509155273e-01,1.093819379806518555e+00
-1.317688345909118652e+00,-9.066596031188964844e-01
-9.781118631362915039e-01,-1.142287850379943848e+00
-8.603104352951049805e-01,-1.055184006690979004e+00
-9.938721656799316406e-01,-7.140799760818481445e-01
-1.327682852745056152e+00,-1.036266684532165527e+00
-1.133190035820007324e+00,-7.207243442535400391e-01
9.303474426269531250e-01,1.140945553779602051e+00
9.774465560913085938e-01,8.723512887954711914e-01
1.155887603759765625e+00,8.365887999534606934e-01
1.005288720130920410e+00,9.257971644401550293e-01
1.273186564445495605e+00,1.084159374237060547e+00
-9.067013263702392578e-01,-5.323837995529174805e-01
7.661923170089721680e-01,1.256188511848449707e+00
1.104853272438049316e+00,1.102220654487609863e+00
-8.415079712867736816e-01,-1.112376213073730469e+00
-1.168420672416687012e+00,-9.523779749870300293e-01
9.679503440856933594e-01,5.364196896553039551e-01
1.331571102142333984e+00,7.398436665534973145e-01
-6.581953167915344238e-01,-8.522402048110961914e-01
6.872214674949645996e-01,1.209805846214294434e+00
9.201977849006652832e-01,1.075255393981933594e+00
-1.155482411384582520e+00,-9.560823440551757812e-01
-1.151250720024108887e+00,-1.328685402870178223e+00
1.074040532112121582e+00,9.211583733558654785e-01
9.419532418251037598e-01,1.242031931877136230e+00
5.969754457473754883e-01,7.656465768814086914e-01
-9.135697484016418457e-01,-7.886878848075866699e-01
1.303599119186401367e+00,8.287177085876464844e-01
-1.179273962974548340e+00,-1.142509102821350098e+00
1.033795475959777832e+00,9.064348340034484863e-01
7.797531485557556152e-01,1.092843174934387207e+00
-7.697508335113525391e-01,-1.158198475837707520e+00
1.254517912864685059e+00,4.924542605876922607e-01
9.111332297325134277e-01,8.609201908111572266e-01
7.447039484977722168e-01,1.279882431030273438e+00
-9.696673750877380371e-01,-1.212764382362365723e+00
-7.619100809097290039e-01,-1.106810212135314941e+00
9.904469251632690430e-01,6.223421096801757812e-01
1.420197486877441406e+00,8.685067892074584961e-01
-9.161309003829956055e-01,-9.935497641563415527e-01
-6.417028903961181641e-01,-1.120695829391479492e+00
1.013663887977600098e+00,9.184710979461669922e-01
-7.925971150398254395e-01,-1.568009972572326660e+00
1.151445388793945312e+00,6.756899952888488770e-01
-1.187966823577880859e+00,-9.994410872459411621e-01
-1.118886828422546387e+00,-7.692630290985107422e-01
9.532740116119384766e-01,1.164477467536926270e+00
9.376045465469360352e-01,9.406879544258117676e-01
-9.420150518417358398e-01,-9.662677645683288574e-01
-7.002995610237121582e-01,-1.010000944137573242e+00
-1.014234662055969238e+00,-1.139910936355590820e+00
9.305654764175415039e-01,7.609163522720336914e-01
9.065829515457153320e-01,1.076978921890258789e+00
-1.085608243942260742e+00,-4.120783507823944092e-01
7.299160957336425781e-01,1.170004606246948242e+00
1.305377244949340820e+00,7.079493403434753418e-01
1.321684002876281738e+00,1.165697216987609863e+00
1.138629794120788574e+00,8.848095536231994629e-01
-1.052763819694519043e+00,-1.011448979377746582e+00
-1.315152406692504883e+00,-1.173248410224914551e+00
1.074714422225952148e+00,8.035731315612792969e-01
1.429745674133300781e+00,1.004574179649353027e+00
