-1.962090253829956055e+00,-1.094204783439636230e+00
-4.425732791423797607e-01,-8.213371634483337402e-01
-1.059902071952819824e+00,-9.594946503639221191e-01
-1.184966683387756348e+00,-8.232896327972412109e-01
-6.990618705749511719e-01,-6.939272284507751465e-01
-1.470863580703735352e+00,-1.088260293006896973e+00
-8.219671845436096191e-01,-6.366810202598571777e-01
-1.164776921272277832e+00,-1.178703188896179199e+00
-8.287434577941894531e-01,-7.719571590423583984e-01
-4.594204723834991455e-01,-9.088860154151916504e-01
-1.864123582839965820e+00,-1.016345024108886719e+00
-1.335285782814025879e+00,-1.228313088417053223e+00
-1.060085415840148926e+00,-1.014797091484069824e+00
-1.845083832740783691e+00,-9.712799191474914551e-01
-8.439941406250000000e-01,-9.263135790824890137e-01
-1.017118096351623535e+00,-1.316349625587463379e+00
-1.055574297904968262e+00,-1.254572033882141113e+00
-1.144563317298889160e+00,-7.997642755508422852e-01
-1.016448497772216797e+00,-1.388552188873291016e+00
-1.504254817962646484e+00,-1.066221356391906738e+00
-8.730196952819824219e-01,-1.206165313720703125e+00
-1.324772000312805176e+00,-8.423772454261779785e-01
-6.964330077171325684e-01,-9.945533275604248047e-01
-9.281907081604003906e-01,-9.574617743492126465e-01
-8.135820627212524414e-01,-1.069520354270935059e+00
-1.220479726791381836e+00,-2.286386936902999878e-01
-8.392757773399353027e-01,-9.282216429710388184e-01
-7.372481822967529297e-01,-1.165671467781066895e+00
-6.420242190361022949e-01,-6.529204249382019043e-01
-1.216580510139465332e+00,-1.107174158096313477e+00
-1.155382394790649414e+00,-1.148479700088500977e+00
-1.561148643493652344e+00,-7.240386605262756348e-01
-1.203519582748413086e+00,-9.405998587608337402e-01
-1.309569716453552246e+00,-8.551421165466308594e-01
-1.810017347335815430e+00,-3.769811987876892090e-01
-4.223249852657318115e-01,-1.276901483535766602e+00
-2.366116046905517578e-01,-4.109297692775726318e-01
-1.725002646446228027e+00,-1.373142600059509277e+00
-7.920650839805603027e-01,-1.174312710762023926e+00
-1.355095744132995605e+00,-9.857391715049743652e-01
-1.098094344139099121e+00,-8.445136547088623047e-01
-7.613002657890319824e-01,-7.427042722702026367e-01
-4.121547639369964600e-01,-1.403083801269531250e+00
-7.110569477081298828e-01,-7.661480903625488281e-01
-1.094790697097778320e+00,-1.210526943206787109e+00
-7.870420217514038086e-01,-4.194407463073730469e-01
-3.715638220310211182e-01,-1.041799426078796387e+00
-8.641100525856018066e-01,-8.701581358909606934e-01
-6.573929190635681152e-01,-2.199512481689453125e+00
-1.034333705902099609e-01,-1.181780099868774414e+00
-1.622705221176147461e+00,-8.554052710533142090e-01
-8.394578099250793457e-01,-1.022621631622314453e+00
-1.473155975341796875e+00,-1.298142790794372559e+00
-6.120551228523254395e-01,-1.056097745895385742e+00
1.560849905014038086e+00,-9.586374163627624512e-01
-1.242037415504455566e+00,-8.966323733329772949e-01
-1.479238152503967285e+00,-9.405655264854431152e-01
-1.420268893241882324e+00,-1.631886839866638184e+00
-1.059322595596313477e+00,-9.707058072090148926e-01
-1.238047003746032715e+00,-8.345012068748474121e-01
-1.266093969345092773e+00,-1.227027058601379395e+00
-1.306563735008239746e+00,-1.108473896980285645e+00
-1.261957049369812012e+00,-1.791129827499389648e+00
-7.856125831604003906e-01,-9.889897108078002930e-01
-4.985677301883697510e-01,-2.338630914688110352e+00
-1.574069380760192871e+00,-7.903123497962951660e-01
-9.564704298973083496e-01,-1.217006683349609375e+00
-1.092331886291503906e+00,-7.939641475677490234e-01
-8.474653363227844238e-01,-1.503914952278137207e+00
-7.816383242607116699e-01,-8.754336237907409668e-01
-9.242911338806152344e-01,-5.323423743247985840e-01
-1.447712182998657227e+00,-1.014970183372497559e+00
-8.944080471992492676e-01,-1.253089189529418945e+00
-1.925022602081298828e+00,-9.550703763961791992e-01
-7.431072592735290527e-01,-1.141422390937805176e+00
-5.929933786392211914e-01,-1.130150556564331055e+00
-8.848717808723449707e-01,-1.163384079933166504e+00
-8.337472081184387207e-01,-1.113582134246826172e+00
-7.623825073242187500e-01,-8.350734710693359375e-01
-1.023506760597229004e+00,-1.143974542617797852e+00
-1.342700600624084473e+00,-9.353460669517517090e-01
-9.682909846305847168e-01,-1.208053231239318848e+00
-1.115079879760742188e+00,-1.171017408370971680e+00
-9.589083194732666016e-01,-6.673111915588378906e-01
-7.611157894134521484e-01,-9.078901410102844238e-01
-6.695200204849243164e-01,-8.664632439613342285e-01
-1.166523933410644531e+00,-8.787381649017333984e-01
-6.678287982940673828e-01,-1.359212160110473633e+00
-9.866915345191955566e-01,-8.897004127502441406e-01
-9.564635157585144043e-01,-1.229132890701293945e+00
-1.017393231391906738e+00,-1.796308040618896484e+00
-1.474054574966430664e+00,-1.300008177757263184e+00
-1.231760740280151367e+00,-1.070436835289001465e+00
-1.085371851921081543e+00,-9.375631213188171387e-01
-7.731491327285766602e-01,-7.982731461524963379e-01
-6.977732181549072266e-01,-9.137910008430480957e-01
-3.384193480014801025e-01,-9.589982628822326660e-01
-1.025538086891174316e+00,-3.510831892490386963e-01
-3.504765629768371582e-01,-8.108433485031127930e-01
-1.077440023422241211e+00,-1.488785266876220703e+00
-1.167245030403137207e+00,-9.952294826507568359e-01
-4.278717637062072754e-01,-1.145836949348449707e+00
-1.531111240386962891e+00,-1.144518256187438965e+00
-1.189886212348937988e+00,-1.138597846031188965e+00
-1.327141165733337402e+00,-1.088615536689758301e+00
-1.817356467247009277e+00,-1.103211402893066406e+00
-1.046012520790100098e+00,-1.174832224845886230e+00
-6.596899628639221191e-01,-6.172972321510314941e-01
-8.911179304122924805e-01,-1.007702589035034180e+00
-1.635302424430847168e+00,-1.567461609840393066e+00
-8.561811447143554688e-01,-9.822009205818176270e-01
-1.373017668724060059e+00,-2.559982776641845703e+00
-1.570512890815734863e+00,-1.243783950805664062e+00
-6.113262772560119629e-01,-8.379353284835815430e-01
-9.965827465057373047e-01,-9.095144867897033691e-01
-1.112370967864990234e+00,-9.984424710273742676e-01
-1.251722812652587891e+00,-6.642750501632690430e-01
-1.338606476783752441e+00,-9.423957467079162598e-01
-1.204941987991333008e+00,-4.824345707893371582e-01
-1.208625674247741699e+00,-9.945692420005798340e-01
-8.025776743888854980e-01,-1.513419270515441895e+00
-1.121345996856689453e+00,-1.127903819084167480e+00
-1.273636460304260254e+00,-3.851577639579772949e-01
-3.126141428947448730e-01,-1.249515175819396973e+00
-1.090147495269775391e+00,-1.551235556602478027e+00
-1.494847178459167480e+00,-1.027323961257934570e+00
-1.084425449371337891e+00,-1.186900973320007324e+00
-6.704937815666198730e-01,-9.253656864166259766e-01
-1.762786984443664551e+00,-1.220040202140808105e+00
-1.323323249816894531e+00,-1.279822587966918945e+00
-1.252321839332580566e+00,-9.191567301750183105e-01
-1.131250739097595215e+00,-9.484385251998901367e-01
-1.133102774620056152e+00,-1.296804308891296387e+00
-1.325322747230529785e+00,-1.144116520881652832e+00
-1.216290831565856934e+00,-1.202342152595520020e+00
-7.903831601142883301e-01,-9.787448048591613770e-01
-1.089569926261901855e+00,-9.910385608673095703e-01
-5.206021070480346680e-01,-4.367786943912506104e-01
-1.410155177116394043e+00,-6.093483567237854004e-01
-4.296809434890747070e-01,-1.253852486610412598e+00
-7.599459290504455566e-01,-5.488144159317016602e-01
-1.394487261772155762e+00,-1.927020400762557983e-01
-1.580707907676696777e+00,-1.496384263038635254e+00
-1.129075050354003906e+00,-7.380203604698181152e-01
-1.087722659111022949e+00,-1.588318586349487305e+00
-3.322927057743072510e-01,-6.772966980934143066e-01
-9.762784242630004883e-01,-1.170670866966247559e+00
-8.546740412712097168e-01,-8.169025778770446777e-01
-4.604526162147521973e-01,-9.705985784530639648e-01
-1.294143497943878174e-01,-6.748555898666381836e-01
-9.010718464851379395e-01,-1.007350206375122070e+00
-1.166088223457336426e+00,-1.222632408142089844e+00
-8.389000892639160156e-01,-1.425603628158569336e+00
-1.224950671195983887e+00,-1.166950225830078125e+00
-6.613863706588745117e-01,-1.004028916358947754e+00
-6.377459168434143066e-01,-9.821469187736511230e-01
-1.146965742111206055e+00,-1.857465028762817383e+00
-1.054234385490417480e+00,-1.369163393974304199e+00
-5.951161384582519531e-01,-1.069546461105346680e+00
-1.005442023277282715e+00,-6.423012614250183105e-01
-1.383609056472778320e+00,-8.982521295547485352e-01
-1.642959237098693848e+00,-1.210019230842590332e+00
-1.168298244476318359e+00,-7.460266351699829102e-01
-9.242204427719116211e-01,-9.387096762657165527e-01
-9.086282849311828613e-01,-6.491764187812805176e-01
-7.167423963546752930e-01,-6.686274409294128418e-01
-1.435437917709350586e+00,-9.275225996971130371e-01
-1.608626723289489746e+00,-5.519164204597473145e-01
-8.619396090507507324e-01,-5.572260618209838867e-01
-9.713175892829895020e-01,-1.206424236297607422e+00
-9.929912686347961426e-01,-1.165329813957214355e+00
-9.747558832168579102e-01,-2.183721780776977539e+00
-1.139840841293334961e+00,-7.622247338294982910e-01
-3.952267765998840332e-01,-1.251045227050781250e+00
-1.114451169967651367e+00,-1.216840147972106934e+00
-1.522261977195739746e+00,-9.336878657341003418e-01
-1.504836916923522949e+00,-1.126300215721130371e+00
-1.741313576698303223e+00,-1.111340403556823730e+00
-7.676435112953186035e-01,-1.750201702117919922e+00
-9.953688383102416992e-01,-1.278198480606079102e+00
-1.511414051055908203e+00,-3.307205140590667725e-01
-1.350384831428527832e+00,-1.102216601371765137e+00
-7.488259077072143555e-01,-1.264774322509765625e+00
-9.208767414093017578e-01,-6.347737908363342285e-01
-1.091092705726623535e+00,-8.906574845314025879e-01
-1.062436223030090332e+00,-1.181480526924133301e+00
-1.192358613014221191e+00,3.139657676219940186e-01
-2.206405639648437500e+00,-1.186970472335815430e+00
-1.058064937591552734e+00,-1.230867981910705566e+00
-8.017926216125488281e-01,-1.174507260322570801e+00
-1.289206981658935547e+00,-1.415540218353271484e+00
-7.744596600532531738e-01,-1.122147083282470703e+00
-7.416490316390991211e-01,-4.448533654212951660e-01
-1.662804007530212402e+00,-6.713523268699645996e-01
-1.136653184890747070e+00,-9.287139773368835449e-01
-1.066381812095642090e+00,-1.223992347717285156e+00
-1.068388938903808594e+00,-1.015782833099365234e+00
-8.550806641578674316e-01,-7.042261362075805664e-01
-1.211733698844909668e+00,-7.657149434089660645e-01
-1.499007225036621094e+00,-1.392157673835754395e+00
-1.103279829025268555e+00,-1.511846661567687988e+00
-8.428552150726318359e-01,-1.223324894905090332e+00
-6.778354048728942871e-01,-1.356295228004455566e+00
-1.142215728759765625e+00,-1.089872956275939941e+00
-1.018358469009399414e+00,-8.934226036071777344e-01
-1.352339506149291992e+00,-1.317653536796569824e+00
-1.269769310951232910e+00,-9.138919711112976074e-01
-5.892321467399597168e-01,-8.559443354606628418e-01
-8.204028606414794922e-01,-6.898400783538818359e-01
-1.140662550926208496e+00,-9.286874532699584961e-01
-1.202605843544006348e+00,-9.754401445388793945e-01
-1.611714124679565430e+00,-3.182055950164794922e-01
-1.125817179679870605e+00,-5.173192024230957031e-01
-6.045360565185546875e-01,-8.583909869194030762e-01
-9.021551609039306641e-01,-9.821711182594299316e-01
-8.399763107299804688e-01,-6.041904091835021973e-01
-1.356193900108337402e+00,-1.093705892562866211e+00
-1.675951957702636719e+00,-6.172913312911987305e-01
-1.116464972496032715e+00,-8.170259594917297363e-01
-1.137532353401184082e+00,-7.580257654190063477e-01
-9.777373671531677246e-01,-6.249707937240600586e-01
-7.659710049629211426e-01,-1.163312911987304688e+00
-1.008727431297302246e+00,-1.202523827552795410e+00
-7.181255817413330078e-01,-9.756061434745788574e-01
-1.100090384483337402e+00,-1.030004620552062988e+00
-9.043406248092651367e-01,-1.308937907218933105e+00
-7.202535271644592285e-01,-1.211286902427673340e+00
-1.177749514579772949e+00,-1.385683298110961914e+00
-1.562058776617050171e-01,-8.972424268722534180e-01
-7.542858719825744629e-01,-1.742918252944946289e+00
-1.255212306976318359e+00,-8.543546795845031738e-01
-9.224922657012939453e-01,-8.206825256347656250e-01
-8.540621399879455566e-01,-1.449320554733276367e+00
-1.181214332580566406e+00,-1.403802514076232910e+00
-6.463599205017089844e-01,-7.083895206451416016e-01
-1.159957647323608398e+00,-1.166351675987243652e+00
-1.178018569946289062e+00,-9.534345865249633789e-01
-1.576649069786071777e+00,-6.535930037498474121e-01
-1.708920359611511230e+00,-1.145331978797912598e+00
-7.165398597717285156e-01,-6.689220666885375977e-01
-1.484912514686584473e+00,-1.290179252624511719e+00
-3.295734524726867676e-01,-1.035209178924560547e+00
-1.136744856834411621e+00,-9.721189141273498535e-01
-1.172170042991638184e+00,-1.044856667518615723e+00
-4.841591417789459229e-01,-1.510462164878845215e+00
-1.122722268104553223e+00,-1.035261273384094238e+00
-1.087030887603759766e+00,-9.092485904693603516e-01
-8.707938194274902344e-01,-9.862794876098632812e-01
-3.124064207077026367e-01,-2.086864233016967773e+00
-1.225370049476623535e+00,-9.995493292808532715e-01
-1.065594315528869629e+00,-1.046480655670166016e+00
-4.363986551761627197e-01,-1.298133254051208496e+00
-1.597512125968933105e+00,-1.205331444740295410e+00
-9.374083876609802246e-01,-1.080775976181030273e+00
-1.363991737365722656e+00,-1.696323156356811523e+00
-8.490237593650817871e-01,-1.299852371215820312e+00
-9.021922945976257324e-01,-9.679481387138366699e-01
-1.207180380821228027e+00,-1.155673742294311523e+00
-1.150092005729675293e+00,-1.322464585304260254e+00
-1.119235038757324219e+00,-7.452273964881896973e-01
-8.365313410758972168e-01,-1.434627532958984375e+00
-1.271235346794128418e+00,-8.268067240715026855e-01
-1.051783323287963867e+00,-1.582850456237792969e+00
-2.178493499755859375e+00,-1.002578854560852051e+00
-9.056313037872314453e-01,-8.507823944091796875e-01
-1.207352995872497559e+00,-9.705354571342468262e-01
-1.116234779357910156e+00,-1.068622231483459473e+00
-6.161321401596069336e-01,-9.978117942810058594e-01
-7.369517087936401367e-01,-3.350960910320281982e-01
-1.130243897438049316e+00,-5.062837004661560059e-01
-9.262008666992187500e-01,-1.202539920806884766e+00
-1.557225465774536133e+00,-9.026799798011779785e-01
-7.755333781242370605e-01,-1.171303391456604004e+00
-1.567660450935363770e+00,-1.125474452972412109e+00
-1.966966271400451660e+00,-1.128601670265197754e+00
-1.421225309371948242e+00,-1.811316490173339844e+00
-7.039895653724670410e-01,-6.760050058364868164e-01
-1.138667225837707520e+00,-9.802691936492919922e-01
-1.108793497085571289e+00,-9.878454208374023438e-01
-1.176409006118774414e+00,-1.730869889259338379e+00
-1.107619762420654297e+00,-1.026406407356262207e+00
-1.383411169052124023e+00,-9.016779661178588867e-01
-1.279956459999084473e+00,-1.015088319778442383e+00
-1.553910851478576660e+00,-2.109329462051391602e+00
-1.592844486236572266e+00,-7.637285590171813965e-01
-1.241123676300048828e+00,-1.412515759468078613e+00
-1.777469873428344727e+00,-8.922152519226074219e-01
-1.180373430252075195e+00,-3.288432955741882324e-01
-1.179387211799621582e+00,-1.056285262107849121e+00
-1.297643423080444336e+00,-1.362128376960754395e+00
-1.355887889862060547e+00,-6.480722427368164062e-01
-1.222191333770751953e+00,-7.690968513488769531e-01
-1.485962748527526855e+00,-1.215370893478393555e+00
-1.236420273780822754e+00,-1.085242390632629395e+00
6.352624893188476562e-01,-1.118972301483154297e+00
-1.690037488937377930e+00,-9.856348633766174316e-01
-1.011453390121459961e+00,-1.777848243713378906e+00
-1.291429281234741211e+00,-8.390816450119018555e-01
-2.699370682239532471e-01,-1.191815972328186035e+00
-1.551320791244506836e+00,-1.017330884933471680e+00
-1.615978002548217773e+00,-8.264209628105163574e-01
-1.157418727874755859e+00,-1.211597204208374023e+00
-5.174459815025329590e-01,-1.005762934684753418e+00
-8.333999514579772949e-01,-6.311244964599609375e-01
-7.702720761299133301e-01,-1.007861256599426270e+00
-8.439424633979797363e-01,-9.510854482650756836e-01
-6.181697249412536621e-01,-1.840565502643585205e-01
-9.086729884147644043e-01,-8.373586535453796387e-01
-6.549101471900939941e-01,-1.020138263702392578e+00
-1.159475684165954590e+00,-1.434225201606750488e+00
-1.156148910522460938e+00,-9.474423527717590332e-01
-5.871233940124511719e-01,-7.215427160263061523e-01
-1.163039088249206543e+00,-1.031660437583923340e+00
-7.663889527320861816e-01,-1.066402673721313477e+00
-1.320733070373535156e+00,-1.106982111930847168e+00
-1.163819670677185059e+00,-7.404057979583740234e-01
-1.097856283187866211e+00,-6.766247153282165527e-01
-1.327719569206237793e+00,-8.919858932495117188e-01
-8.690973520278930664e-01,-7.930518984794616699e-01
-1.443907976150512695e+00,-5.781923532485961914e-01
-1.120778799057006836e+00,1.760116219520568848e+00
-1.310558676719665527e+00,-1.390111804008483887e+00
-1.606377720832824707e+00,-7.581065893173217773e-01
-1.433109045028686523e+00,-1.051799297332763672e+00
-1.170041799545288086e+00,-1.414604783058166504e+00
-1.010298490524291992e+00,-1.595259547233581543e+00
-1.235245108604431152e+00,-9.875532984733581543e-01
-8.084338903427124023e-01,-1.174085140228271484e+00
-6.570785045623779297e-01,-1.326185941696166992e+00
-1.268754601478576660e+00,-1.434881448745727539e+00
-1.320833802223205566e+00,-8.370775580406188965e-01
-1.165491104125976562e+00,-8.198242783546447754e-01
-1.160356044769287109e+00,-1.466514825820922852e+00
-1.000700235366821289e+00,-1.186553955078125000e+00
-6.515001654624938965e-01,1.968039721250534058e-01
-1.080491304397583008e+00,-1.266056776046752930e+00
-1.336036324501037598e+00,-1.138249993324279785e+00
-8.881863951683044434e-01,-1.071219563484191895e+00
-1.105012416839599609e+00,-7.771501541137695312e-01
-7.615988850593566895e-01,-8.216622471809387207e-01
-1.260499000549316406e+00,-7.053896784782409668e-01
-4.355872869491577148e-01,-3.469005525112152100e-01
-1.288819909095764160e+00,-1.080928087234497070e+00
-1.157354235649108887e+00,-1.089056491851806641e+00
-1.394064188003540039e+00,-1.053862929344177246e+00
-7.049021720886230469e-01,-9.738928079605102539e-01
-1.810393333435058594e+00,-1.032400727272033691e+00
-1.358594894409179688e+00,-6.239624619483947754e-01
-1.321836471557617188e+00,-1.145804762840270996e+00
-8.867037296295166016e-01,-5.392117500305175781e-01
-1.123456120491027832e+00,-1.183669209480285645e+00
-9.381765723228454590e-01,-1.112125396728515625e+00
-1.441418051719665527e+00,-1.158099889755249023e+00
-1.303118705749511719e+00,-1.009624719619750977e+00
-1.404672741889953613e+00,-1.114208936691284180e+00
-1.190866827964782715e+00,-1.359522938728332520e+00
-1.400121450424194336e+00,-1.278618693351745605e+00
-7.082823514938354492e-01,-1.185155868530273438e+00
-1.173922419548034668e+00,-1.040927290916442871e+00
-6.756532788276672363e-01,-8.643242716789245605e-01
-7.349147200584411621e-01,-1.127794146537780762e+00
-1.067362666130065918e+00,-1.445802092552185059e+00
-8.546993136405944824e-01,-1.512165665626525879e+00
-1.067352771759033203e+00,-1.165789484977722168e+00
-1.608073472976684570e+00,-1.001059412956237793e+00
-1.327472925186157227e+00,-9.511845111846923828e-01
-1.667642235755920410e+00,-1.139275431632995605e+00
-1.193205833435058594e+00,-1.004172682762145996e+00
-1.355671048164367676e+00,-1.088482618331909180e+00
-1.732923746109008789e+00,-8.760131001472473145e-01
-8.922518491744995117e-01,-8.904048800468444824e-01
-1.516830325126647949e+00,-9.005390405654907227e-01
-1.148674368858337402e+00,-9.740175008773803711e-01
-1.226657032966613770e+00,-1.628808975219726562e+00
-8.705396056175231934e-01,-8.893945813179016113e-01
-1.681429147720336914e+00,-1.365794062614440918e+00
-3.781628906726837158e-01,-8.472006916999816895e-01
-6.048933863639831543e-01,-1.197599768638610840e+00
-9.857818484306335449e-01,-1.176684498786926270e+00
-1.293980121612548828e+00,-1.002604246139526367e+00
-1.328453302383422852e+00,-9.636907577514648438e-01
-9.922454357147216797e-01,-1.123572111129760742e+00
-6.803531050682067871e-01,-1.001941800117492676e+00
-7.317819595336914062e-01,-6.548401713371276855e-01
-1.229516029357910156e+00,-1.274874806404113770e+00
-1.044888138771057129e+00,-2.045297384262084961e+00
-1.622023701667785645e+00,-9.678774476051330566e-01
-1.150886416435241699e+00,-8.784552812576293945e-01
-1.020679235458374023e+00,-1.275695323944091797e+00
-1.009062886238098145e+00,-1.097074866294860840e+00
-2.522464692592620850e-01,-1.124200701713562012e+00
-1.427893161773681641e+00,-8.614349365234375000e-01
-2.563095092773437500e+00,-8.484959006309509277e-01
-6.910883784294128418e-01,-1.179310679435729980e+00
-3.884687125682830811e-01,-1.088952898979187012e+00
-1.070020437240600586e+00,-8.946961164474487305e-01
-7.171983718872070312e-01,-1.355358362197875977e+00
-1.352262854576110840e+00,-7.547853589057922363e-01
-9.217275381088256836e-01,-1.120577692985534668e+00
-1.242736339569091797e+00,-9.734024405479431152e-01
-8.556143045425415039e-01,-9.239317774772644043e-01
-8.441936969757080078e-01,-7.620518207550048828e-01
-1.625426411628723145e+00,-1.444429308176040649e-01
-6.369775533676147461e-01,-9.194245338439941406e-01
-1.336498737335205078e+00,-7.588974833488464355e-01
-1.035279393196105957e+00,-3.923434317111968994e-01
-5.261467695236206055e-01,-1.153119802474975586e+00
-1.522011041641235352e+00,-1.142493486404418945e+00
-1.214880228042602539e+00,-1.366182208061218262e+00
-1.045903921127319336e+00,-6.822898983955383301e-01
-1.050971984863281250e+00,-1.602882504463195801e+00
-8.245897293090820312e-01,-1.267800450325012207e+00
-7.785125374794006348e-01,-1.269734978675842285e+00
-1.936991661787033081e-01,-1.033744931221008301e+00
-1.805867075920104980e+00,-1.115870118141174316e+00
-1.207583069801330566e+00,-1.303506493568420410e+00
-7.494940757751464844e-01,-1.164605259895324707e+00
-1.685932040214538574e+00,-1.012880086898803711e+00
-1.503713369369506836e+00,-1.170049309730529785e+00
-1.906352281570434570e+00,-1.126783013343811035e+00
-7.922762632369995117e-01,-1.224754810333251953e+00
-5.384494662284851074e-01,-8.362463712692260742e-01
-7.552407979965209961e-01,-1.430180430412292480e+00
-7.268510460853576660e-01,-6.734522581100463867e-01
-1.024576783180236816e+00,-9.533232450485229492e-01
-4.718616902828216553e-01,-1.611091494560241699e+00
-3.828332424163818359e-01,-1.694940209388732910e+00
-5.351139307022094727e-01,-7.065507173538208008e-01
-1.489326715469360352e+00,-1.582345008850097656e+00
-1.319502472877502441e+00,-1.486714243888854980e+00
-8.946147561073303223e-01,-8.835799098014831543e-01
-1.403555274009704590e+00,-1.268970251083374023e+00
-1.289120674133300781e+00,-8.866547942161560059e-01
-1.302931547164916992e+00,-1.385229349136352539e+00
-8.518055081367492676e-01,-8.823413848876953125e-01
-7.134952545166015625e-01,-1.002806067466735840e+00
-1.858606815338134766e+00,-7.181597948074340820e-01
-1.181745171546936035e+00,-8.980259895324707031e-01
-9.392059445381164551e-01,-1.109250903129577637e+00
-1.185868263244628906e+00,-1.022634983062744141e+00
-5.183067321777343750e-01,-6.213729977607727051e-01
-1.087009787559509277e+00,-4.776459634304046631e-01
-1.202566146850585938e+00,-9.675606489181518555e-01
-8.616565465927124023e-01,-9.408876895904541016e-01
-1.113753676414489746e+00,-1.223004221916198730e+00
-6.851218342781066895e-01,-1.147675514221191406e+00
-5.061113238334655762e-01,-5.308004021644592285e-01
-1.219009041786193848e+00,-9.973305463790893555e-01
-7.862106561660766602e-01,-1.186512351036071777e+00
-1.303828477859497070e+00,-8.997968435287475586e-01
-1.093460321426391602e+00,-4.405830502510070801e-01
-9.141105413436889648e-01,-4.876428544521331787e-01
-1.226963877677917480e+00,-1.270284056663513184e+00
-1.110822319984436035e+00,-1.151491284370422363e+00
-1.128298163414001465e+00,-1.071188971400260925e-01
-6.100535988807678223e-01,-1.021342992782592773e+00
-1.049694895744323730e+00,-1.414183259010314941e+00
-1.030323982238769531e+00,-4.020109176635742188e-01
-1.034586429595947266e+00,-1.212542772293090820e+00
-1.358705282211303711e+00,-1.209531307220458984e+00
-1.254234910011291504e+00,-6.966295838356018066e-01
-6.733610033988952637e-01,-5.474770665168762207e-01
-1.129862427711486816e+00,-8.023579120635986328e-01
-1.417851448059082031e+00,-1.209085106849670410e+00
-1.501913428306579590e+00,-8.522605299949645996e-01
-6.937249302864074707e-01,-7.376908659934997559e-01
-1.334201812744140625e+00,-1.190948724746704102e+00
-1.288935542106628418e+00,-1.292502045631408691e+00
-6.825311779975891113e-01,-7.534773945808410645e-01
-1.128530263900756836e+00,-8.249161243438720703e-01
-1.256183862686157227e+00,-1.007661581039428711e+00
-9.877997040748596191e-01,-1.245817542076110840e+00
-1.720633625984191895e+00,-1.132096886634826660e+00
-6.630510091781616211e-01,-1.327756285667419434e+00
-5.744163990020751953e-01,-8.949283361434936523e-01
-4.741126000881195068e-01,-9.315208196640014648e-01
-8.841751217842102051e-01,-1.137304425239562988e+00
-1.030386090278625488e+00,-1.209251523017883301e+00
-1.594606637954711914e+00,-7.586991786956787109e-01
-1.737646102905273438e+00,-1.040057659149169922e+00
-1.148397326469421387e+00,-1.053640365600585938e+00
-2.790282666683197021e-01,-9.178937673568725586e-01
-7.850508689880371094e-01,-9.099239110946655273e-01
-1.142319917678833008e+00,-1.235780239105224609e+00
-1.421842575073242188e+00,-9.593746066093444824e-01
-1.419985175132751465e+00,-6.662921905517578125e-01
-1.073989987373352051e+00,-1.106057167053222656e+00
-1.055738568305969238e+00,-1.269345998764038086e+00
-1.550843715667724609e+00,-1.193879365921020508e+00
-1.243334650993347168e+00,-1.202714204788208008e+00
-1.101946234703063965e+00,-1.454006910324096680e+00
-1.064585804939270020e+00,-1.092660546302795410e+00
-4.344972670078277588e-01,-6.051307320594787598e-01
-1.122804522514343262e+00,-9.814217090606689453e-01
-1.251025319099426270e+00,-9.959446787834167480e-01
-1.142848730087280273e+00,-8.430638909339904785e-01
-6.479208469390869141e-01,-1.350178480148315430e+00
-6.952052116394042969e-01,-1.097577929496765137e+00
-1.123446583747863770e+00,-1.041767120361328125e+00
-1.089360356330871582e+00,-1.034995675086975098e+00
-1.420530319213867188e+00,-9.795613288879394531e-01
-7.191947102546691895e-01,-1.197094917297363281e+00
-1.147785425186157227e+00,-1.064880132675170898e+00
-7.625681161880493164e-01,-1.879669189453125000e+00
-1.175616025924682617e+00,-8.879303336143493652e-01
-9.863434433937072754e-01,-8.289753198623657227e-01
-1.309057623147964478e-01,-9.995731115341186523e-01
-7.724174261093139648e-01,-9.626129269599914551e-01
-1.214842557907104492e+00,-8.125093579292297363e-01
-1.106531262397766113e+00,-1.488745331764221191e+00
-8.707696199417114258e-01,-1.420878529548645020e+00
-6.186719536781311035e-01,-1.082316040992736816e+00
-1.402770280838012695e+00,-1.144187450408935547e+00
-8.880394697189331055e-01,-3.823159039020538330e-01
-1.222495794296264648e+00,-1.607246398925781250e+00
-1.140940666198730469e+00,-8.023151010274887085e-02
-1.124715566635131836e+00,-6.635051369667053223e-01
-8.211013674736022949e-01,-1.132992267608642578e+00
-7.328881621360778809e-01,-6.537784934043884277e-01
-1.228401660919189453e+00,-1.085793137550354004e+00
-9.616023898124694824e-01,-7.285639047622680664e-01
-8.857759237289428711e-01,-1.127980947494506836e+00
-1.100544214248657227e+00,-2.201163768768310547e+00
-1.010287761688232422e+00,-9.842686653137207031e-01
-6.873916983604431152e-01,-7.526435852050781250e-01
-1.089659452438354492e+00,-9.837244153022766113e-01
-6.630599498748779297e-01,-1.001736283302307129e+00
-1.192764163017272949e+00,-7.097205519676208496e-01
-6.463102698326110840e-01,-7.679668068885803223e-01
-8.368374109268188477e-01,-8.604589104652404785e-01
-6.796845793724060059e-01,-1.218407034873962402e+00
-1.018153309822082520e+00,-8.930692672729492188e-01
-5.012733936309814453e-01,-1.387221693992614746e+00
-1.720427870750427246e+00,-2.162627130746841431e-01
-1.231745481491088867e+00,-1.547603845596313477e+00
-6.249709129333496094e-01,-8.209127187728881836e-01
-6.881368756294250488e-01,-1.237509727478027344e+00
-6.993179917335510254e-01,-1.211966753005981445e+00
-5.685542821884155273e-01,-1.002230167388916016e+00
-6.542118787765502930e-01,-9.348416328430175781e-01
-6.586275696754455566e-01,-1.047260761260986328e+00
-1.387438416481018066e+00,-1.057412743568420410e+00
-1.183266401290893555e+00,-9.443699717521667480e-01
-1.223711371421813965e+00,-1.162217736244201660e+00
-1.194564580917358398e+00,-1.255394339561462402e+00
-9.271502494812011719e-01,-1.451039195060729980e+00
-7.565094828605651855e-01,-1.265663385391235352e+00
-1.157793641090393066e+00,-9.161382913589477539e-01
-1.335816979408264160e+00,-4.484165608882904053e-01
-7.701122760772705078e-01,-4.758086800575256348e-01
-1.244524717330932617e+00,-8.675416707992553711e-01
-1.242177009582519531e+00,-4.903678297996520996e-01
-6.720135807991027832e-01,-1.052721023559570312e+00
-2.139549732208251953e+00,-6.212149262428283691e-01
-1.155945777893066406e+00,-1.035345435142517090e+00
-8.129552006721496582e-01,-9.494862556457519531e-01
-9.293807148933410645e-01,-9.379663467407226562e-01
-1.183385729789733887e+00,-8.210084438323974609e-01
-1.371893048286437988e+00,-1.137838006019592285e+00
-1.152766108512878418e+00,-8.511898517608642578e-01
-7.676289677619934082e-01,-1.302442789077758789e+00
-1.288450479507446289e+00,-1.081898450851440430e+00
-7.579590082168579102e-01,-1.105400204658508301e+00
-7.346654534339904785e-01,-1.089485526084899902e+00
-1.192461490631103516e+00,-1.427918076515197754e+00
-1.305425167083740234e+00,-1.134028196334838867e+00
-8.463427424430847168e-01,-1.284492135047912598e+00
-1.380263805389404297e+00,-1.017655014991760254e+00
-1.463897347450256348e+00,-9.995573759078979492e-01
-1.543674230575561523e+00,-1.012294769287109375e+00
-7.950012683868408203e-01,-1.061929583549499512e+00
-4.024350941181182861e-01,-9.900209903717041016e-01
-1.188993573188781738e+00,-1.354002594947814941e+00
-1.788209915161132812e+00,-1.001380562782287598e+00
-9.716484546661376953e-01,-1.188481569290161133e+00
-1.347896814346313477e+00,-1.301169037818908691e+00
-8.119274377822875977e-01,-4.731115102767944336e-01
-1.083686351776123047e+00,-1.058665037155151367e+00
-1.384207129478454590e+00,-1.032536506652832031e+00
-1.332483410835266113e+00,-9.269018769264221191e-01
-1.201578617095947266e+00,-1.651410460472106934e+00
-6.979054212570190430e-01,-1.195616483688354492e+00
-1.002440333366394043e+00,-9.128097295761108398e-01
-1.585850596427917480e+00,-1.000137805938720703e+00
-1.165394663810729980e+00,-8.358570337295532227e-01
-8.961903452873229980e-01,-8.175645470619201660e-01
-9.669907093048095703e-01,-7.448027729988098145e-01
-8.962816596031188965e-01,-8.678820729255676270e-01
-6.650375127792358398e-01,-6.186921596527099609e-01
-8.438995480537414551e-01,-1.276722908020019531e+00
-1.725673556327819824e+00,-1.104044914245605469e+00
-1.180171728134155273e+00,-1.046385049819946289e+00
-1.230614185333251953e+00,-1.270910263061523438e+00
-4.109540879726409912e-01,-1.045647859573364258e+00
-6.820055842399597168e-01,-9.661497473716735840e-01
-1.501494050025939941e+00,-1.042568325996398926e+00
-1.191015720367431641e+00,-7.878727912902832031e-01
-1.227321863174438477e+00,-9.634336829185485840e-01
-8.486605882644653320e-01,-8.116907477378845215e-01
-5.685864686965942383e-01,-1.182516813278198242e+00
-1.807770371437072754e+00,-1.126960992813110352e+00
-1.457513451576232910e+00,-1.071534872055053711e+00
-3.122449517250061035e-01,-4.322826862335205078e-01
-8.781842589378356934e-01,-1.132456183433532715e+00
-1.183954238891601562e+00,-1.089184999465942383e+00
-1.388514280319213867e+00,-5.604870319366455078e-01
-1.174189090728759766e+00,-9.673837423324584961e-01
-6.562847495079040527e-01,-1.502166271209716797e+00
-1.670482158660888672e+00,-1.034319639205932617e+00
-1.135288357734680176e+00,-1.134496212005615234e+00
-7.531225681304931641e-01,-3.163164854049682617e-01
-1.247219085693359375e+00,-1.254496812820434570e+00
-1.162569999694824219e+00,-5.750035643577575684e-01
-1.215020537376403809e+00,-2.029860019683837891e+00
-7.611669898033142090e-01,-2.369327068328857422e+00
-1.101755857467651367e+00,-4.043208360671997070e-01
-7.681591510772705078e-01,-1.464036822319030762e+00
-9.252676367759704590e-01,-5.985348224639892578e-01
-1.065485835075378418e+00,-8.920924663543701172e-01
-1.078061580657958984e+00,-1.197392821311950684e+00
-1.323335170745849609e+00,-1.057112097740173340e+00
-1.245381951332092285e+00,-4.969658851623535156e-01
-1.252721786499023438e+00,-9.004871845245361328e-01
-3.075470030307769775e-01,-1.039119482040405273e+00
-8.576749563217163086e-01,-9.704225659370422363e-01
-1.184032082557678223e+00,-9.308113455772399902e-01
-1.119661688804626465e+00,-1.280218601226806641e+00
-1.449173927307128906e+00,-8.629489541053771973e-01
-1.668208241462707520e-01,-7.950613498687744141e-01
-1.359343290328979492e+00,-1.276491522789001465e+00
-1.369645953178405762e+00,-1.407675743103027344e+00
-5.587899088859558105e-01,-1.012102842330932617e+00
-1.314167141914367676e+00,-1.105440974235534668e+00
-6.558675765991210938e-01,-1.214401364326477051e+00
-1.501813650131225586e+00,-1.151250243186950684e+00
-1.258250951766967773e+00,-1.261015176773071289e+00
-8.772543072700500488e-01,-4.816428720951080322e-01
-8.564773201942443848e-01,-1.058770060539245605e+00
-3.704797029495239258e-01,-1.465634703636169434e+00
-8.947730064392089844e-01,-1.344129323959350586e+00
-8.311627507209777832e-01,-1.319250106811523438e+00
-1.103835582733154297e+00,-7.178224325180053711e-01
-7.808265089988708496e-01,-8.959671854972839355e-01
-1.237135052680969238e+00,-1.324542999267578125e+00
-1.001245498657226562e+00,-1.176628112792968750e+00
-1.288786530494689941e+00,-7.645832896232604980e-01
-7.531175613403320312e-01,-8.358531594276428223e-01
-8.611617088317871094e-01,-1.622059464454650879e+00
-1.202968716621398926e+00,-1.136984467506408691e+00
-8.467837572097778320e-01,-1.045736551284790039e+00
-1.145271778106689453e+00,-7.346841692924499512e-01
-6.490578651428222656e-01,-1.102254033088684082e+00
-1.214153051376342773e+00,-1.103783011436462402e+00
-7.197509407997131348e-01,-3.555139899253845215e-01
-1.073348999023437500e+00,-1.166171312332153320e+00
-1.781173586845397949e+00,-7.565069794654846191e-01
-1.454024195671081543e+00,-3.651333749294281006e-01
-9.306339621543884277e-01,-7.533521056175231934e-01
-9.955091476440429688e-01,-7.451180219650268555e-01
-6.674599647521972656e-01,-8.695964217185974121e-01
-1.204356908798217773e+00,-1.040661096572875977e+00
-1.624025583267211914e+00,-1.023623585700988770e+00
-5.488247871398925781e-01,-7.834418416023254395e-01
-1.392828941345214844e+00,-1.127506256103515625e+00
-6.304796934127807617e-01,-7.394273281097412109e-01
-6.114791035652160645e-01,-1.019911050796508789e+00
-1.004349231719970703e+00,-9.939385056495666504e-01
-7.884983420372009277e-01,-7.914763689041137695e-01
-7.393789291381835938e-01,-8.538418412208557129e-01
-1.316508769989013672e+00,-9.085401296615600586e-01
-1.089596629142761230e+00,-1.088857769966125488e+00
-6.944282650947570801e-01,-2.067638635635375977e+00
-1.312199592590332031e+00,-7.693719267845153809e-01
-3.465229868888854980e-01,-7.009345293045043945e-01
-7.584356069564819336e-01,-1.452792882919311523e+00
-1.735782146453857422e+00,-9.271040558815002441e-01
-1.223527193069458008e+00,-9.437244534492492676e-01
-5.104897618293762207e-01,-8.717011213302612305e-01
-1.144145965576171875e+00,-1.878263235092163086e+00
-1.014431476593017578e+00,-5.667091608047485352e-01
-1.518175601959228516e+00,-1.182079672813415527e+00
-1.230500817298889160e+00,-5.050822496414184570e-01
-1.097740650177001953e+00,-1.077946662902832031e+00
-1.305871248245239258e+00,-1.279301404953002930e+00
-1.503377914428710938e+00,-1.107760190963745117e+00
-3.888664543628692627e-01,-5.721761584281921387e-01
-8.396698236465454102e-01,-9.468254446983337402e-01
2.274754643440246582e-01,-3.752759397029876709e-01
-3.043875396251678467e-01,-1.009319782257080078e+00
-1.118242025375366211e+00,-5.639668703079223633e-01
-1.667272210121154785e+00,-1.076244354248046875e+00
-1.219640851020812988e+00,-1.567122340202331543e-02
-1.630238294601440430e+00,-8.145768046379089355e-01
-8.779624700546264648e-01,-1.095430374145507812e+00
-9.380330443382263184e-01,-1.015008211135864258e+00
-1.052935242652893066e+00,-1.303393721580505371e+00
-5.198622345924377441e-01,-7.647864222526550293e-01
2.518673896789550781e+00,-1.045879840850830078e+00
-1.062618255615234375e+00,-1.127606749534606934e+00
-7.446395158767700195e-01,-1.225700855255126953e+00
-1.218849778175354004e+00,-1.185396671295166016e+00
-1.197466373443603516e+00,-1.185689330101013184e+00
-8.060804605484008789e-01,-9.323430061340332031e-01
-9.251075387001037598e-01,-1.045652031898498535e+00
-1.228496074676513672e+00,-9.587934017181396484e-01
-7.872490882873535156e-01,-1.036522865295410156e+00
-7.355937957763671875e-01,-1.349399805068969727e+00
-4.888386428356170654e-01,-8.855618834495544434e-01
-9.595556855201721191e-01,-9.393522143363952637e-01
-1.054526209831237793e+00,-6.222188472747802734e-01
-6.317735314369201660e-01,-8.583296537399291992e-01
-1.050606846809387207e+00,-9.978398084640502930e-01
-3.592793345451354980e-01,-1.013741970062255859e+00
-1.096864223480224609e+00,-1.139988899230957031e+00
-1.031032562255859375e+00,4.092968069016933441e-03
8.766818791627883911e-05,-1.184015393257141113e+00
-1.180835723876953125e+00,-9.915510416030883789e-01
-7.051436305046081543e-01,-1.543939232826232910e+00
-8.996711373329162598e-01,-1.336309552192687988e+00
-1.277878284454345703e+00,-1.248257398605346680e+00
-1.279659152030944824e+00,-2.287204027175903320e+00
-3.962545096874237061e-01,-9.998534321784973145e-01
-8.516237735748291016e-01,-1.027755618095397949e+00
-1.206762313842773438e+00,-1.503046751022338867e+00
-6.343157291412353516e-01,-2.157438546419143677e-01
-1.142956137657165527e+00,-1.117834925651550293e+00
-7.625078558921813965e-01,-1.559002041816711426e+00
-1.162725329399108887e+00,-1.041583538055419922e+00
-1.192956209182739258e+00,-1.168875575065612793e+00
-1.297394275665283203e+00,-1.524371504783630371e+00
-7.868332266807556152e-01,-1.479949593544006348e+00
-1.258715152740478516e+00,-1.372589707374572754e+00
9.335889816284179688e-01,-1.098700165748596191e+00
-1.098282098770141602e+00,-9.782630205154418945e-01
-9.374277591705322266e-01,-2.491328001022338867e+00
-8.374082446098327637e-01,-9.431752562522888184e-01
-4.114161133766174316e-01,1.891517937183380127e-01
-1.191936135292053223e+00,-4.297985434532165527e-01
-1.607972383499145508e-01,-1.337031960487365723e+00
-1.037549972534179688e+00,-9.478966593742370605e-01
-1.034575343132019043e+00,-8.500545620918273926e-01
-9.126005768775939941e-01,-6.855234503746032715e-01
-1.254096746444702148e+00,-9.611345529556274414e-01
-4.418131113052368164e-01,-1.104309082031250000e+00
-1.807326793670654297e+00,-1.189195394515991211e+00
-8.065122365951538086e-01,-9.940380454063415527e-01
-9.628748297691345215e-01,-8.146435618400573730e-01
-1.133951067924499512e+00,-1.823760747909545898e+00
-9.272122383117675781e-01,-1.110444188117980957e+00
-2.975125908851623535e-01,-1.233061671257019043e+00
-1.326718330383300781e+00,-9.383133649826049805e-01
-1.075493931770324707e+00,-9.641371965408325195e-01
-1.144332885742187500e+00,-7.641662359237670898e-01
-1.148962020874023438e+00,-1.547061204910278320e+00
-6.998070478439331055e-01,-1.417838096618652344e+00
-9.631907939910888672e-01,-6.083124876022338867e-01
-1.073179364204406738e+00,-7.886912226676940918e-01
-1.256277799606323242e+00,-1.018983125686645508e+00
-6.694504618644714355e-01,-8.402853608131408691e-01
-4.897828698158264160e-01,-8.045917749404907227e-01
-6.147993206977844238e-01,-9.838688373565673828e-01
-8.897441625595092773e-01,-4.809769690036773682e-01
-1.218697547912597656e+00,-9.912583231925964355e-01
-8.107171654701232910e-01,-1.251992702484130859e+00
-1.503814101219177246e+00,-6.849769949913024902e-01
-7.290398478507995605e-01,-8.879615664482116699e-01
-1.524834036827087402e+00,-9.522660374641418457e-01
-1.137867927551269531e+00,-9.695979952812194824e-01
-4.129289388656616211e-01,-1.533978343009948730e+00
-1.141006588935852051e+00,-1.101253271102905273e+00
-1.065405726432800293e+00,-1.253916144371032715e+00
-4.338216781616210938e-01,-4.445278644561767578e-01
-1.180270791053771973e+00,-8.782814145088195801e-01
-1.153577923774719238e+00,-7.704684138298034668e-01
-1.232743501663208008e+00,-9.767997264862060547e-01
-1.116268992424011230e+00,-7.725977301597595215e-01
-1.048554301261901855e+00,-7.606272101402282715e-01
-1.111723542213439941e+00,-6.373438239097595215e-01
-6.976488828659057617e-01,-1.129195451736450195e+00
-1.095663309097290039e+00,-6.967738866806030273e-01
-1.638182163238525391e+00,-1.137025833129882812e+00
-2.992891669273376465e-01,-6.836599111557006836e-01
-3.782822787761688232e-01,-5.421795845031738281e-01
-4.098310470581054688e-01,-1.147148847579956055e+00
-1.044034719467163086e+00,-1.028827548027038574e+00
-1.662006020545959473e+00,-1.558752775192260742e+00
-4.029695391654968262e-01,-8.187823891639709473e-01
-6.412179470062255859e-01,-9.766993522644042969e-01
-1.387877464294433594e+00,-8.709525465965270996e-01
-5.935365557670593262e-01,-1.335625886917114258e+00
-1.586985230445861816e+00,-1.330044746398925781e+00
-5.861092805862426758e-01,-9.320238232612609863e-01
-1.098948836326599121e+00,-9.114335179328918457e-01
-1.201696395874023438e+00,-1.173015713691711426e+00
-1.643791317939758301e+00,-7.645375132560729980e-01
-8.507328629493713379e-01,-9.584295153617858887e-01
-8.606905937194824219e-01,-9.871750473976135254e-01
-3.294163644313812256e-01,-1.026366353034973145e+00
-9.626619815826416016e-01,-3.983956873416900635e-01
-1.286836266517639160e+00,-1.517284870147705078e+00
-1.564875721931457520e+00,-9.710298776626586914e-01
-1.387286782264709473e+00,-1.118097424507141113e+00
-4.050602912902832031e-01,-9.413626790046691895e-01
-7.081149220466613770e-01,-9.262082576751708984e-01
-1.486261367797851562e+00,-1.019316673278808594e+00
-1.192998528480529785e+00,-1.044014096260070801e+00
-9.504232406616210938e-01,-1.076632976531982422e+00
-1.969871044158935547e+00,-9.154698252677917480e-01
-6.842569112777709961e-01,-9.256529808044433594e-01
-9.999175667762756348e-01,-1.145584225654602051e+00
-6.349321603775024414e-01,-7.390304803848266602e-01
-7.612025737762451172e-01,-1.255011916160583496e+00
-1.085241675376892090e+00,-1.110981702804565430e+00
-1.168598055839538574e+00,-1.214802742004394531e+00
-1.173751473426818848e+00,-8.018003106117248535e-01
-1.013210535049438477e+00,-1.178357481956481934e+00
-1.303417801856994629e+00,-1.010835289955139160e+00
-6.874290108680725098e-01,-1.290559768676757812e+00
-1.078822016716003418e+00,-1.122750639915466309e+00
-6.897723674774169922e-01,-1.292826771736145020e+00
-1.066557049751281738e+00,-6.559681296348571777e-01
-1.642071723937988281e+00,-1.120769739151000977e+00
-3.724444210529327393e-01,-8.773913979530334473e-01
-1.037562012672424316e+00,-9.650237560272216797e-01
-1.500011324882507324e+00,-1.418678641319274902e+00
-1.565107822418212891e+00,-1.009854674339294434e+00
-7.830349802970886230e-01,-7.682659626007080078e-01
-1.238707423210144043e+00,-1.253085613250732422e+00
-7.982446551322937012e-01,-1.191466450691223145e+00
-7.964148521423339844e-01,-1.077454090118408203e+00
-1.231829881668090820e+00,-6.337453722953796387e-01
-6.479807496070861816e-01,-1.307992219924926758e+00
-1.655890822410583496e+00,-9.798133969306945801e-01
-7.512831687927246094e-01,-1.013003349304199219e+00
-9.390280842781066895e-01,-1.072415351867675781e+00
-8.635594248771667480e-01,-5.256406068801879883e-01
-1.492651581764221191e+00,-8.630712628364562988e-01
-1.318450212478637695e+00,-7.713117003440856934e-01
-1.467296004295349121e+00,-1.169597148895263672e+00
-5.139592885971069336e-01,-1.168557047843933105e+00
-1.013987898826599121e+00,-6.670204997062683105e-01
-1.173064827919006348e+00,-6.727566719055175781e-01
-1.419540762901306152e+00,-8.028945922851562500e-01
-1.008965969085693359e+00,-1.547926545143127441e+00
-1.280841112136840820e+00,-1.266150236129760742e+00
-1.302940130233764648e+00,-6.737118959426879883e-01
-1.039926052093505859e+00,-9.531748294830322266e-01
-1.164149045944213867e+00,-1.029702067375183105e+00
-1.085427045822143555e+00,-6.525531411170959473e-01
-3.885764777660369873e-01,-1.256645202636718750e+00
-1.539453268051147461e+00,-1.100684165954589844e+00
-1.185806870460510254e+00,-1.040660262107849121e+00
-1.305893301963806152e+00,-1.844478130340576172e+00
-1.086321115493774414e+00,-6.243119239807128906e-01
-1.283221483230590820e+00,-7.801127433776855469e-01
-6.497200727462768555e-01,-1.139750838279724121e+00
-1.337565898895263672e+00,-1.107268214225769043e+00
-1.227636933326721191e+00,-1.195124268531799316e+00
-1.291267633438110352e+00,-1.088265538215637207e+00
-1.667427659034729004e+00,-8.495415449142456055e-01
-8.483627438545227051e-01,-9.212319254875183105e-01
-8.758317232131958008e-01,1.200760006904602051e+00
-1.193725347518920898e+00,-4.119522273540496826e-01
-8.414461016654968262e-01,-1.114319801330566406e+00
-1.411425352096557617e+00,-1.152045965194702148e+00
-1.259338021278381348e+00,-4.636463522911071777e-01
-1.128816843032836914e+00,-1.576011776924133301e+00
-1.062218904495239258e+00,-7.991893887519836426e-01
-7.077822685241699219e-01,-6.700514554977416992e-01
-1.364338755607604980e+00,-8.157992362976074219e-01
-1.122558116912841797e+00,-1.104746937751770020e+00
-4.799193739891052246e-01,-5.643677711486816406e-01
-9.511914849281311035e-01,-1.349763631820678711e+00
-6.738200187683105469e-01,-5.589267611503601074e-01
-6.647385954856872559e-01,-8.593128919601440430e-01
-1.319340229034423828e+00,-6.904639601707458496e-01
-6.573731899261474609e-01,-1.080534100532531738e+00
-9.375295639038085938e-01,-6.424467563629150391e-01
-1.261156678199768066e+00,-1.174885272979736328e+00
-1.051831960678100586e+00,-1.632078051567077637e+00
-7.874406576156616211e-01,-6.574463844299316406e-01
-6.780948638916015625e-01,-9.659244418144226074e-01
-1.124026656150817871e+00,-1.261532187461853027e+00
-1.358850717544555664e+00,-9.459474682807922363e-01
-1.220445156097412109e+00,-3.338387608528137207e-01
-7.382620573043823242e-01,-4.953613281250000000e-01
-1.406140923500061035e+00,-1.163165092468261719e+00
-1.183430910110473633e+00,-1.284316301345825195e+00
-7.256283760070800781e-01,-1.014736652374267578e+00
-5.651748180389404297e-01,-1.085566639900207520e+00
-1.088506817817687988e+00,-9.977782368659973145e-01
-7.418320178985595703e-01,-5.962181687355041504e-01
-7.560555934906005859e-01,-9.358786940574645996e-01
-7.277603745460510254e-01,-7.745690345764160156e-01
-5.691419243812561035e-01,-9.745032191276550293e-01
-7.523964643478393555e-01,-1.208565354347229004e+00
-7.913952469825744629e-01,-1.127111554145812988e+00
-1.008406877517700195e+00,-1.115866661071777344e+00
-1.144855976104736328e+00,-7.480860352516174316e-01
-1.168152809143066406e+00,-9.112760424613952637e-01
-1.212600708007812500e+00,-1.273290038108825684e+00
-1.229936838150024414e+00,-1.087202429771423340e+00
-9.110595583915710449e-01,-1.182930231094360352e+00
-1.044294714927673340e+00,-1.048837542533874512e+00
-1.116003036499023438e+00,-1.042797565460205078e+00
-1.350664138793945312e+00,-1.673464179039001465e+00
-9.435498118400573730e-01,-8.876171708106994629e-01
-1.099743127822875977e+00,-7.501856088638305664e-01
-8.884683251380920410e-01,-1.438791632652282715e+00
-1.257425904273986816e+00,-1.410857319831848145e+00
-1.172839283943176270e+00,-7.463275194168090820e-01
-1.521052360534667969e+00,-1.519013285636901855e+00
-6.940557956695556641e-01,-1.112591385841369629e+00
-7.180130481719970703e-01,-9.325137734413146973e-01
-1.137133121490478516e+00,-9.959723949432373047e-01
-1.172133207321166992e+00,-7.366913557052612305e-01
-4.813980758190155029e-01,-1.090228319168090820e+00
-7.021240592002868652e-01,-1.242580533027648926e+00
-7.998595833778381348e-01,-7.458193898200988770e-01
-3.733376860618591309e-01,-8.595589995384216309e-01
-8.982261419296264648e-01,-1.138495087623596191e+00
-7.712887525558471680e-01,-4.847337603569030762e-01
-1.087038993835449219e+00,-1.161998391151428223e+00
-4.267942607402801514e-01,-9.433841705322265625e-01
-5.198290944099426270e-01,-8.466869592666625977e-01
-3.572982549667358398e-01,-1.015751957893371582e+00
-1.216319561004638672e+00,-1.238993644714355469e+00
-1.082902431488037109e+00,-1.208743453025817871e+00
-4.022245705127716064e-01,-1.184449195861816406e+00
-9.602279663085937500e-01,-1.282242178916931152e+00
-9.891764521598815918e-01,-7.337397933006286621e-01
-2.080035924911499023e+00,-1.341171503067016602e+00
-7.103486061096191406e-01,-5.582854747772216797e-01
-1.236552476882934570e+00,-9.593648910522460938e-01
-8.252296447753906250e-01,-1.462674140930175781e+00
-1.229041337966918945e+00,-9.019141793251037598e-01
-1.028796911239624023e+00,-6.258382797241210938e-01
-1.246351599693298340e+00,-9.944264888763427734e-01
-4.294722080230712891e-01,-7.944611310958862305e-01
-1.500035524368286133e+00,-8.601688146591186523e-01
-9.456019401550292969e-01,-9.829499125480651855e-01
-7.516024708747863770e-01,-9.307616353034973145e-01
-1.228286981582641602e+00,-1.409758210182189941e+00
-1.093893289566040039e+00,-1.002397894859313965e+00
-4.921863675117492676e-01,-1.260175824165344238e+00
-1.682968139648437500e+00,-8.960335850715637207e-01
-1.436378240585327148e+00,-9.979104995727539062e-01
-1.209955215454101562e+00,-5.864192247390747070e-01
-1.338045239448547363e+00,-1.311813473701477051e+00
-1.264662027359008789e+00,-1.190523147583007812e+00
-9.803918004035949707e-01,-9.713110327720642090e-01
-1.323262929916381836e+00,-1.168194413185119629e+00
-1.629939913749694824e+00,-1.277167439460754395e+00
-1.547930955886840820e+00,-1.069606542587280273e+00
-1.009945034980773926e+00,-1.062011480331420898e+00
-9.481688737869262695e-01,-1.025143623352050781e+00
-1.440435290336608887e+00,-8.306379914283752441e-01
-1.413177371025085449e+00,-4.922739267349243164e-01
-5.575814843177795410e-01,-7.096596956253051758e-01
-7.339651584625244141e-01,-1.166439652442932129e+00
-9.385888576507568359e-01,-5.730087757110595703e-01
-1.369946718215942383e+00,-1.544311523437500000e+00
-1.094736456871032715e+00,-1.462250828742980957e+00
-1.439676880836486816e+00,-9.312329888343811035e-01
-6.716496348381042480e-01,-1.117073059082031250e+00
-1.107985734939575195e+00,-1.121636390686035156e+00
-5.989292263984680176e-01,-1.262153029441833496e+00
-1.502263069152832031e+00,-2.713700771331787109e+00
-1.140419960021972656e+00,-1.389347553253173828e+00
-1.157056927680969238e+00,-6.677197813987731934e-01
-1.568493843078613281e+00,-7.780409455299377441e-01
-1.176235795021057129e+00,3.809589445590972900e-01
-7.582073807716369629e-01,-1.073241353034973145e+00
-6.076856255531311035e-01,-9.651031494140625000e-01
-1.261748909950256348e+00,-1.128360152244567871e+00
-7.376508712768554688e-01,-9.211931824684143066e-01
-7.168515920639038086e-01,-1.319676041603088379e+00
-1.239332795143127441e+00,-6.801419854164123535e-01
-6.309239864349365234e-01,-1.207118749618530273e+00
-3.260537981986999512e-01,-8.710212707519531250e-01
-1.009740471839904785e+00,-8.258786201477050781e-01
-1.306175708770751953e+00,-1.535998344421386719e+00
-1.183349251747131348e+00,-1.792252182960510254e+00
-6.492002010345458984e-01,-1.158910036087036133e+00
-1.233286023139953613e+00,-3.917734622955322266e-01
-1.085198163986206055e+00,-1.157142639160156250e+00
-1.132872104644775391e+00,-1.119058012962341309e+00
-1.122664928436279297e+00,-1.616968512535095215e+00
-4.266305267810821533e-01,-8.999962806701660156e-01
-1.237651824951171875e+00,-1.084847688674926758e+00
-1.096349596977233887e+00,-1.171927809715270996e+00
-1.532301306724548340e+00,-1.211658716201782227e+00
-9.298239946365356445e-01,-9.700772166252136230e-01
-1.239394187927246094e+00,-1.122918486595153809e+00
-1.413121700286865234e+00,-1.190006852149963379e+00
-9.069209694862365723e-01,-1.061131000518798828e+00
-1.042551159858703613e+00,-1.504868388175964355e+00
-5.797274112701416016e-01,-7.477912902832031250e-01
-1.623385667800903320e+00,-1.319723844528198242e+00
-6.239957809448242188e-01,-1.021447420120239258e+00
