-1.198551416397094727e+00,-1.051151275634765625e+00
-9.614365696907043457e-01,-9.230508208274841309e-01
-9.744779467582702637e-01,-8.779788017272949219e-01
-7.765507698059082031e-01,-9.167215228080749512e-01
1.138701438903808594e+00,9.128277301788330078e-01
-1.196491003036499023e+00,-1.181257605552673340e+00
1.092066526412963867e+00,1.235822677612304688e+00
7.090243697166442871e-01,8.820486068725585938e-01
-1.139204144477844238e+00,-8.968998193740844727e-01
-1.116420269012451172e+00,-1.087031006813049316e+00
-1.035357952117919922e+00,-8.720370531082153320e-01
-1.150921821594238281e+00,-1.006682276725769043e+00
1.059497475624084473e+00,1.326554894447326660e+00
9.171085357666015625e-01,8.433490991592407227e-01
-1.301656246185302734e+00,-1.273286223411560059e+00
8.930121660232543945e-01,1.183421969413757324e+00
-5.868268013000488281e-01,-7.964369058609008789e-01
9.662853479385375977e-01,1.137777209281921387e+00
8.997233510017395020e-01,9.657144546508789062e-01
-1.308201313018798828e+00,-1.066041469573974609e+00
-9.643242955207824707e-01,-1.035869836807250977e+00
1.003074526786804199e+00,9.944778680801391602e-01
-1.089606642723083496e+00,-6.247162222862243652e-01
-1.206196546554565430e+00,-1.285279512405395508e+00
-1.269224882125854492e+00,-1.010739684104919434e+00
-1.446180105209350586e+00,-1.206206917762756348e+00
1.015656232833862305e+00,9.688753485679626465e-01
-9.181730151176452637e-01,-9.002162218093872070e-01
-1.106911659240722656e+00,-1.281030416488647461e+00
-1.169754028320312500e+00,-1.368235468864440918e+00
-1.171648144721984863e+00,-1.094964027404785156e+00
-1.349252581596374512e+00,-9.417501688003540039e-01
-9.165632724761962891e-01,-6.668452024459838867e-01
-9.361882209777832031e-01,-8.358553051948547363e-01
9.232046008110046387e-01,1.199927926063537598e+00
8.465459942817687988e-01,7.384045124053955078e-01
1.261349201202392578e+00,1.038267970085144043e+00
-7.246506214141845703e-01,-8.621591329574584961e-01
-7.755658030509948730e-01,-4.411390423774719238e-01
-1.282378792762756348e+00,-1.210077643394470215e+00
7.637166976928710938e-01,8.199665546417236328e-01
-5.795562267303466797e-01,-9.733734726905822754e-01
-1.136956810951232910e+00,-1.159006595611572266e+00
-9.106839895248413086e-01,-7.739792466163635254e-01
1.001876831054687500e+00,1.126085877418518066e+00
1.062185049057006836e+00,9.787150621414184570e-01
-1.159077882766723633e+00,-1.224264264106750488e+00
-9.421283006668090820e-01,-9.740417003631591797e-01
1.272268891334533691e+00,9.485133886337280273e-01
7.172958850860595703e-01,1.557552099227905273e+00
1.173444747924804688e+00,1.048992633819580078e+00
-7.388623356819152832e-01,-1.212206721305847168e+00
-8.707625865936279297e-01,-8.105115890502929688e-01
9.074100852012634277e-01,6.750844717025756836e-01
-7.195324301719665527e-01,-9.222645163536071777e-01
1.025777101516723633e+00,1.057821750640869141e+00
-1.147546529769897461e+00,-8.238447308540344238e-01
-6.455225348472595215e-01,-9.340680837631225586e-01
8.368422985076904297e-01,1.350199460983276367e+00
-1.014238595962524414e+00,-1.063811182975769043e+00
-1.012249112129211426e+00,-1.188453316688537598e+00
8.649284839630126953e-01,9.358155727386474609e-01
-1.241838097572326660e+00,-9.844645261764526367e-01
9.425307512283325195e-01,8.675773143768310547e-01
-1.002793669700622559e+00,-1.055557489395141602e+00
-8.867563009262084961e-01,-7.691686153411865234e-01
1.174001097679138184e+00,1.014014840126037598e+00
1.031680822372436523e+00,8.320291042327880859e-01
1.326526999473571777e+00,9.559118151664733887e-01
-1.044502973556518555e+00,-9.737049341201782227e-01
1.081997513771057129e+00,9.998133778572082520e-01
7.415424585342407227e-01,1.069496989250183105e+00
-1.001277685165405273e+00,-1.075299859046936035e+00
-1.059636473655700684e+00,-1.151294469833374023e+00
1.078624367713928223e+00,1.082662582397460938e+00
-9.072202444076538086e-01,-1.005965471267700195e+00
9.006823897361755371e-01,1.072764873504638672e+00
6.925716996192932129e-01,1.208039999008178711e+00
-1.152840018272399902e+00,-1.088583350181579590e+00
-8.220861554145812988e-01,-5.969618558883666992e-01
5.061831474304199219e-01,6.779779791831970215e-01
1.154465556144714355e+00,1.045343160629272461e+00
1.360881805419921875e+00,1.292933702468872070e+00
-9.417310953140258789e-01,-1.232499957084655762e+00
7.711111307144165039e-01,7.753269076347351074e-01
1.010988354682922363e+00,8.470727205276489258e-01
-1.283683776855468750e+00,-1.179463028907775879e+00
1.126938343048095703e+00,9.134950637817382812e-01
-1.282257080078125000e+00,-6.264555454254150391e-01
-6.450772285461425781e-01,-6.967618465423583984e-01
9.760928153991699219e-01,1.157086133956909180e+00
8.495333790779113770e-01,9.046263098716735840e-01
-8.573083877563476562e-01,-1.390125393867492676e+00
-9.952768683433532715e-01,-1.143310308456420898e+00
1.445820808410644531e+00,1.164987087249755859e+00
-9.089226722717285156e-01,-8.880171775817871094e-01
1.486499905586242676e+00,1.051702380180358887e+00
9.684589505195617676e-01,1.115664958953857422e+00
-7.553343176841735840e-01,-8.416469693183898926e-01
1.092930078506469727e+00,1.196534752845764160e+00
-9.172801971435546875e-01,-1.104782223701477051e+00
-7.381184697151184082e-01,-1.014571070671081543e+00
1.164799690246582031e+00,7.202023863792419434e-01
1.313565850257873535e+00,8.800458908081054688e-01
8.459976911544799805e-01,6.973912715911865234e-01
7.469184994697570801e-01,1.296814322471618652e+00
-1.040866374969482422e+00,-1.237718820571899414e+00
-1.046140193939208984e+00,-9.208414554595947266e-01
9.348492622375488281e-01,1.422000408172607422e+00
5.446371436119079590e-01,1.074613571166992188e+00
-9.587768912315368652e-01,-1.203194141387939453e+00
-1.228661894798278809e+00,-7.321075797080993652e-01
-8.244233131408691406e-01,-8.536320328712463379e-01
-7.309937477111816406e-01,-1.253062129020690918e+00
-1.130490541458129883e+00,-1.177585482597351074e+00
9.019263386726379395e-01,9.421874284744262695e-01
1.333655238151550293e+00,1.134825587272644043e+00
-7.658379077911376953e-01,-9.956771731376647949e-01
1.412397027015686035e+00,1.060976028442382812e+00
1.006293535232543945e+00,1.058208942413330078e+00
8.609877228736877441e-01,1.179749727249145508e+00
-1.152695298194885254e+00,-1.039326190948486328e+00
-1.172108769416809082e+00,-1.080081224441528320e+00
-1.109030723571777344e+00,-8.949326872825622559e-01
1.380737662315368652e+00,7.760431766510009766e-01
1.086387991905212402e+00,1.166759490966796875e+00
-9.369384646415710449e-01,-7.327613830566406250e-01
1.132979989051818848e+00,9.500076770782470703e-01
-8.829791545867919922e-01,-7.445176839828491211e-01
-1.205119371414184570e+00,-6.474571228027343750e-01
1.346169233322143555e+00,9.350621104240417480e-01
8.690631389617919922e-01,1.206702589988708496e+00
-1.428368449211120605e+00,-8.455123901367187500e-01
-8.033419251441955566e-01,-9.454942941665649414e-01
-1.333402037620544434e+00,-1.444534420967102051e+00
1.372906565666198730e+00,8.312176465988159180e-01
-7.208850383758544922e-01,-1.080320954322814941e+00
9.140458703041076660e-01,8.133946657180786133e-01
9.431911110877990723e-01,1.169277667999267578e+00
-9.962869286537170410e-01,-1.335110306739807129e+00
-1.134889245033264160e+00,-1.377858638763427734e+00
1.015546798706054688e+00,1.360722184181213379e+00
-1.067767620086669922e+00,-1.093393683433532715e+00
-9.938415884971618652e-01,-1.118437886238098145e+00
-1.059216380119323730e+00,-1.069473862648010254e+00
1.039395689964294434e+00,8.601571321487426758e-01
-7.720870971679687500e-01,-9.617649912834167480e-01
-1.084765911102294922e+00,-7.857648730278015137e-01
-6.499476432800292969e-01,-1.022342681884765625e+00
6.445776224136352539e-01,7.870775461196899414e-01
-7.898435592651367188e-01,-7.231793403625488281e-01
8.276405334472656250e-01,9.973428845405578613e-01
5.662307143211364746e-01,1.242735147476196289e+00
-1.361717224121093750e+00,-9.611485600471496582e-01
7.042943239212036133e-01,1.009161710739135742e+00
1.066033482551574707e+00,8.938179612159729004e-01
9.669052362442016602e-01,9.386184215545654297e-01
6.804784536361694336e-01,1.154710173606872559e+00
1.140107631683349609e+00,1.287757515907287598e+00
-1.213689923286437988e+00,-1.033268451690673828e+00
-9.328293204307556152e-01,-1.152073383331298828e+00
1.052380323410034180e+00,1.143341302871704102e+00
-1.139308094978332520e+00,-8.312700390815734863e-01
-1.086586952209472656e+00,-7.383219003677368164e-01
1.230263352394104004e+00,1.139771580696105957e+00
9.013807773590087891e-01,1.100817084312438965e+00
1.093659400939941406e+00,8.594009876251220703e-01
1.010338783264160156e+00,8.936930894851684570e-01
9.007853269577026367e-01,8.141806125640869141e-01
-1.039857149124145508e+00,-9.063500165939331055e-01
1.045566916465759277e+00,8.762722611427307129e-01
1.320934891700744629e+00,1.017210245132446289e+00
9.485867619514465332e-01,1.443605184555053711e+00
1.369688987731933594e+00,7.606768608093261719e-01
-1.090780496597290039e+00,-7.151104211807250977e-01
-1.063578844070434570e+00,-1.075473070144653320e+00
-1.143883228302001953e+00,-7.560186386108398438e-01
-8.204196095466613770e-01,-8.728225231170654297e-01
-1.078719139099121094e+00,-1.004968047142028809e+00
7.906180620193481445e-01,9.676948785781860352e-01
8.073459863662719727e-01,9.126715064048767090e-01
-1.001709580421447754e+00,-9.910800457000732422e-01
5.815756320953369141e-01,8.696529269218444824e-01
7.067365050315856934e-01,1.016047239303588867e+00
-1.126339912414550781e+00,-1.148201704025268555e+00
1.152335405349731445e+00,8.709828853607177734e-01
1.052880167961120605e+00,8.880235552787780762e-01
-7.092605829238891602e-01,-1.059257745742797852e+00
1.263581275939941406e+00,1.151129245758056641e+00
-7.505687475204467773e-01,-8.423727154731750488e-01
1.237953186035156250e+00,9.039599895477294922e-01
-5.492746829986572266e-01,-7.656485438346862793e-01
-1.015619635581970215e+00,-1.074466586112976074e+00
1.094242572784423828e+00,1.136803388595581055e+00
-8.980160355567932129e-01,-1.156034708023071289e+00
-9.883068799972534180e-01,-8.423529863357543945e-01
9.658268690109252930e-01,5.823229551315307617e-01
-8.407309055328369141e-01,-9.007567167282104492e-01
9.370416402816772461e-01,1.004203677177429199e+00
-1.010909438133239746e+00,-1.162320613861083984e+00
5.608322620391845703e-01,1.064050793647766113e+00
-8.454557061195373535e-01,-1.033332824707031250e+00
-1.136763572692871094e+00,-1.250277161598205566e+00
-8.759720325469970703e-01,-1.017975091934204102e+00
8.785435557365417480e-01,5.880525112152099609e-01
1.038307189941406250e+00,1.032704591751098633e+00
8.939549326896667480e-01,1.050657272338867188e+00
7.121727466583251953e-01,1.332413434982299805e+00
-9.288849830627441406e-01,-1.362399101257324219e+00
-1.211924791336059570e+00,-9.651986956596374512e-01
8.756192326545715332e-01,7.825357317924499512e-01
-1.265041589736938477e+00,-9.245550036430358887e-01
-1.197203755378723145e+00,-7.026849985122680664e-01
-1.134170770645141602e+00,-8.095781803131103516e-01
1.070519328117370605e+00,9.849984049797058105e-01
9.862431883811950684e-01,8.769031167030334473e-01
-9.460837841033935547e-01,-1.006320476531982422e+00
7.594335079193115234e-01,5.082446932792663574e-01
-1.097977638244628906e+00,-1.318740606307983398e+00
-1.296540737152099609e+00,-1.090089082717895508e+00
9.669240117073059082e-01,9.445349574089050293e-01
7.467207908630371094e-01,9.385556578636169434e-01
1.045317173004150391e+00,1.068373680114746094e+00
-8.813268542289733887e-01,-6.165313720703125000e-01
-1.344787836074829102e+00,-1.198180556297302246e+00
9.462292194366455078e-01,8.174651861190795898e-01
1.202642798423767090e+00,7.702701091766357422e-01
-1.158312320709228516e+00,-1.064271569252014160e+00
9.723978638648986816e-01,1.019874215126037598e+00
7.485610842704772949e-01,1.051410913467407227e+00
8.741351962089538574e-01,6.646406650543212891e-01
-8.655195236206054688e-01,-6.022294163703918457e-01
-6.673935651779174805e-01,-1.290891885757446289e+00
1.117067337036132812e+00,1.151991844177246094e+00
1.177130818367004395e+00,1.183232784271240234e+00
1.032419919967651367e+00,9.308719635009765625e-01
-8.456268310546875000e-01,-9.966523647308349609e-01
5.678524971008300781e-01,8.861199021339416504e-01
1.175408124923706055e+00,5.815700292587280273e-01
9.746429920196533203e-01,1.046285033226013184e+00
-8.415117859840393066e-01,-1.061529278755187988e+00
1.219795107841491699e+00,9.439957141876220703e-01
6.829395294189453125e-01,1.484408140182495117e+00
-9.045539498329162598e-01,-8.808649778366088867e-01
9.702128171920776367e-01,9.269592165946960449e-01
-1.363127708435058594e+00,-7.774118781089782715e-01
6.004399061203002930e-01,1.301757931709289551e+00
1.097017645835876465e+00,1.001192450523376465e+00
-7.998658418655395508e-01,-8.590255975723266602e-01
9.791368246078491211e-01,1.195111155509948730e+00
-1.176584362983703613e+00,-1.141251564025878906e+00
1.025398969650268555e+00,8.237941265106201172e-01
-1.127611875534057617e+00,-8.932645916938781738e-01
-8.269466161727905273e-01,-8.035360574722290039e-01
-1.125550031661987305e+00,-1.029183626174926758e+00
-8.283587098121643066e-01,-3.929757475852966309e-01
-9.938834905624389648e-01,-9.969725012779235840e-01
-1.049349546432495117e+00,-1.135952591896057129e+00
-1.275916337966918945e+00,-7.859948873519897461e-01
-9.121626615524291992e-01,-1.100650310516357422e+00
9.867090582847595215e-01,1.251452803611755371e+00
7.412210702896118164e-01,1.261491417884826660e+00
8.612462282180786133e-01,8.397357463836669922e-01
5.546028614044189453e-01,9.654706120491027832e-01
1.011736392974853516e+00,1.307646632194519043e+00
-7.911084890365600586e-01,-1.052602529525756836e+00
-7.745572924613952637e-01,-8.910998702049255371e-01
1.143559932708740234e+00,6.833781003952026367e-01
-1.192696452140808105e+00,-1.210861206054687500e+00
-9.752884507179260254e-01,-1.287776947021484375e+00
1.146784901618957520e+00,1.018787741661071777e+00
-7.833038568496704102e-01,-8.382035493850708008e-01
1.301076054573059082e+00,9.999091625213623047e-01
-1.167998671531677246e+00,-1.199269175529479980e+00
-8.437533974647521973e-01,-1.294742345809936523e+00
-1.065610051155090332e+00,-1.320671200752258301e+00
1.031389355659484863e+00,6.973632574081420898e-01
-8.017438650131225586e-01,-8.885365128517150879e-01
1.185271382331848145e+00,1.376467227935791016e+00
1.091008663177490234e+00,1.151898503303527832e+00
7.175300121307373047e-01,1.162570238113403320e+00
-7.130813598632812500e-01,-9.884506464004516602e-01
-1.120925068855285645e+00,-1.137500286102294922e+00
-1.229057431221008301e+00,-8.222208023071289062e-01
-1.200519919395446777e+00,-1.173827171325683594e+00
9.694034457206726074e-01,9.416682720184326172e-01
7.957353591918945312e-01,1.090948700904846191e+00
-9.887435436248779297e-01,-9.618306159973144531e-01
1.165419816970825195e+00,1.136349201202392578e+00
-9.187387228012084961e-01,-6.587681770324707031e-01
-9.550307989120483398e-01,-1.475243091583251953e+00
-8.091200590133666992e-01,-1.077667355537414551e+00
8.718817234039306641e-01,6.187273263931274414e-01
1.017188787460327148e+00,9.239831566810607910e-01
-1.276509404182434082e+00,-8.866533041000366211e-01
7.632342576980590820e-01,1.164086222648620605e+00
8.578233718872070312e-01,1.081308841705322266e+00
-8.087552785873413086e-01,-9.385029077529907227e-01
1.253468275070190430e+00,8.062372207641601562e-01
9.612117409706115723e-01,9.719246029853820801e-01
1.253855943679809570e+00,1.458204150199890137e+00
-1.015936255455017090e+00,-1.428540945053100586e+00
-1.099240303039550781e+00,-6.881747245788574219e-01
-9.588572978973388672e-01,-7.583041787147521973e-01
-1.347737789154052734e+00,-6.533524990081787109e-01
7.857899069786071777e-01,9.209308624267578125e-01
-8.551788926124572754e-01,-7.730039358139038086e-01
-8.310044407844543457e-01,-1.333034276962280273e+00
8.310522437095642090e-01,6.444479823112487793e-01
1.035636544227600098e+00,1.061196088790893555e+00
-8.706048727035522461e-01,-7.399812936782836914e-01
1.050416350364685059e+00,1.144971728324890137e+00
9.201737046241760254e-01,8.908379077911376953e-01
1.121696352958679199e+00,1.371733307838439941e+00
-1.409879803657531738e+00,-7.559103369712829590e-01
-1.101001858711242676e+00,-7.379353046417236328e-01
1.282108664512634277e+00,1.181947231292724609e+00
9.713053703308105469e-01,1.021779060363769531e+00
-8.617032170295715332e-01,-9.132250547409057617e-01
-9.137740135192871094e-01,-1.448127508163452148e+00
8.502646684646606445e-01,7.149281501770019531e-01
-1.064986228942871094e+00,-9.501772522926330566e-01
-1.132076501846313477e+00,-1.185834288597106934e+00
-1.179270386695861816e+00,-1.349737882614135742e+00
1.072904586791992188e+00,8.839309215545654297e-01
-1.142085194587707520e+00,-1.054603695869445801e+00
-8.956076502799987793e-01,-9.317476749420166016e-01
7.924551963806152344e-01,1.127812623977661133e+00
-9.953494668006896973e-01,-1.207154631614685059e+00
-1.184947252273559570e+00,-1.062136530876159668e+00
-1.344578623771667480e+00,-1.104218482971191406e+00
-7.884666323661804199e-01,-7.349190711975097656e-01
-8.452817201614379883e-01,-9.718430042266845703e-01
1.010433673858642578e+00,8.801404833793640137e-01
-1.605788469314575195e+00,-9.475804567337036133e-01
-9.276703000068664551e-01,-1.115865349769592285e+00
1.090834856033325195e+00,1.077590942382812500e+00
-1.133285760879516602e+00,-1.108416914939880371e+00
-1.138545870780944824e+00,-1.124348759651184082e+00
-9.291880726814270020e-01,-8.853220343589782715e-01
8.487790822982788086e-01,8.782567381858825684e-01
9.031204581260681152e-01,9.013705253601074219e-01
6.999191045761108398e-01,1.284825205802917480e+00
7.646422386169433594e-01,8.885606527328491211e-01
-8.748227357864379883e-01,-1.004369974136352539e+00
-7.139154672622680664e-01,-9.215306043624877930e-01
1.062531709671020508e+00,9.223396778106689453e-01
1.086703300476074219e+00,1.194882035255432129e+00
-1.000816464424133301e+00,-9.854031801223754883e-01
7.288786768913269043e-01,9.211746454238891602e-01
-7.263438701629638672e-01,-7.428803443908691406e-01
-1.227597951889038086e+00,-1.224140524864196777e+00
-1.180957078933715820e+00,-1.002132296562194824e+00
9.528489708900451660e-01,7.549430727958679199e-01
1.019258856773376465e+00,1.343235015869140625e+00
8.357633352279663086e-01,1.004746079444885254e+00
-8.940533399581909180e-01,-1.075560927391052246e+00
1.037937879562377930e+00,9.683181643486022949e-01
8.644657135009765625e-01,1.095645666122436523e+00
1.301948189735412598e+00,9.197180271148681641e-01
1.074350476264953613e+00,1.034578800201416016e+00
-1.242833614349365234e+00,-6.111650466918945312e-01
9.741262793540954590e-01,1.189184904098510742e+00
-8.502743244171142578e-01,-7.302021980285644531e-01
-8.281600475311279297e-01,-7.862318754196166992e-01
1.312549591064453125e+00,7.229570150375366211e-01
1.109380483627319336e+00,1.110492467880249023e+00
-9.519414901733398438e-01,-1.225905537605285645e+00
1.126769542694091797e+00,1.254253745079040527e+00
-8.948477506637573242e-01,-1.017718315124511719e+00
-1.090646982192993164e+00,-7.881649732589721680e-01
-1.040072083473205566e+00,-1.244845032691955566e+00
-1.164712309837341309e+00,-1.073346138000488281e+00
1.200964927673339844e+00,1.019899725914001465e+00
1.083806395530700684e+00,9.557438492774963379e-01
-8.916608095169067383e-01,-9.458373785018920898e-01
-1.054017901420593262e+00,-7.734907865524291992e-01
9.773437380790710449e-01,7.986905574798583984e-01
-1.075965046882629395e+00,-1.135686993598937988e+00
-7.954949140548706055e-01,-8.448451757431030273e-01
-1.149912357330322266e+00,-1.226916432380676270e+00
1.387658834457397461e+00,7.490175366401672363e-01
-9.080775380134582520e-01,-6.999794244766235352e-01
-1.095812797546386719e+00,-1.115279555320739746e+00
-1.100740790367126465e+00,-8.835030794143676758e-01
9.810758233070373535e-01,7.656808495521545410e-01
7.657697796821594238e-01,1.051194071769714355e+00
-9.096937179565429688e-01,-1.155482053756713867e+00
-9.379955530166625977e-01,-9.838563203811645508e-01
-9.147425889968872070e-01,-9.755071997642517090e-01
9.627542495727539062e-01,9.671626091003417969e-01
-8.992435336112976074e-01,-7.595689296722412109e-01
9.733353257179260254e-01,1.122464299201965332e+00
-1.554549932479858398e+00,-9.127912521362304688e-01
8.890770077705383301e-01,9.218679666519165039e-01
-7.934940457344055176e-01,-9.670279622077941895e-01
-1.076014637947082520e+00,-1.052398681640625000e+00
1.253708004951477051e+00,1.038163661956787109e+00
1.031373500823974609e+00,1.123700022697448730e+00
-7.032938003540039062e-01,-1.052726387977600098e+00
-1.395226597785949707e+00,-1.131844997406005859e+00
-1.079439401626586914e+00,-1.079787611961364746e+00
1.333643674850463867e+00,1.141736268997192383e+00
1.236730098724365234e+00,6.722061634063720703e-01
-8.443619012832641602e-01,-1.173024654388427734e+00
-9.461107254028320312e-01,-9.959250688552856445e-01
-1.208962678909301758e+00,-1.162487745285034180e+00
-9.876168966293334961e-01,-1.276990175247192383e+00
-1.157970428466796875e+00,-1.084485054016113281e+00
8.801624774932861328e-01,9.497213959693908691e-01
1.204452276229858398e+00,1.117136359214782715e+00
1.324843287467956543e+00,6.192976236343383789e-01
1.327256441116333008e+00,8.070918321609497070e-01
-7.718477845191955566e-01,-9.168667793273925781e-01
-9.302859902381896973e-01,-8.836301565170288086e-01
-1.235717654228210449e+00,-8.420361876487731934e-01
-9.757421612739562988e-01,-9.108824729919433594e-01
-1.309983372688293457e+00,-9.395694136619567871e-01
-1.088646292686462402e+00,-7.458722591400146484e-01
9.993026852607727051e-01,1.082077264785766602e+00
-1.143927454948425293e+00,-8.709703087806701660e-01
-8.166539669036865234e-01,-7.782924771308898926e-01
8.150730133056640625e-01,6.996054649353027344e-01
8.571319580078125000e-01,9.681196212768554688e-01
9.531678557395935059e-01,1.037711024284362793e+00
-9.960538148880004883e-01,-1.048311829566955566e+00
-1.004432201385498047e+00,-9.155231714248657227e-01
-8.694111704826354980e-01,-5.804052352905273438e-01
1.423154711723327637e+00,1.052866339683532715e+00
7.700065970420837402e-01,1.144526362419128418e+00
9.395890831947326660e-01,7.810235619544982910e-01
9.607658982276916504e-01,6.714558601379394531e-01
-1.013588070869445801e+00,-1.449079155921936035e+00
-1.039607763290405273e+00,-8.323282003402709961e-01
-1.078048110008239746e+00,-8.099791407585144043e-01
8.900261521339416504e-01,1.051175117492675781e+00
-8.381358385086059570e-01,-1.105869412422180176e+00
-8.736518621444702148e-01,-7.205988168716430664e-01
-8.297687768936157227e-01,-7.614942789077758789e-01
7.098537683486938477e-01,9.151523113250732422e-01
1.141129016876220703e+00,1.212301850318908691e+00
1.228251934051513672e+00,1.047593712806701660e+00
1.218458533287048340e+00,7.395178079605102539e-01
-7.295738458633422852e-01,-1.234986543655395508e+00
1.045763015747070312e+00,9.092403650283813477e-01
8.245262503623962402e-01,9.300621151924133301e-01
-1.492049217224121094e+00,-7.504887580871582031e-01
6.978906393051147461e-01,8.722019791603088379e-01
9.431348443031311035e-01,1.073540449142456055e+00
-7.843252420425415039e-01,-9.271668195724487305e-01
1.091140985488891602e+00,1.053595423698425293e+00
1.071621179580688477e+00,1.376089572906494141e+00
1.284263491630554199e+00,6.012151241302490234e-01
-9.848556518554687500e-01,-1.115268826484680176e+00
1.251694440841674805e+00,8.857265710830688477e-01
1.061188220977783203e+00,9.539982676506042480e-01
-9.524645209312438965e-01,-1.360439181327819824e+00
7.353776693344116211e-01,6.531555652618408203e-01
-1.053158998489379883e+00,-1.281509637832641602e+00
-6.171262860298156738e-01,-1.310213804244995117e+00
1.127587318420410156e+00,1.216049551963806152e+00
1.015378236770629883e+00,8.230477571487426758e-01
6.497898697853088379e-01,9.942208528518676758e-01
1.016183376312255859e+00,8.906639218330383301e-01
7.285962104797363281e-01,7.337075471878051758e-01
1.290447235107421875e+00,1.293032526969909668e+00
-1.038725733757019043e+00,-1.014570951461791992e+00
1.153045892715454102e+00,1.399540066719055176e+00
8.730785846710205078e-01,1.213802576065063477e+00
1.161729335784912109e+00,9.787973761558532715e-01
9.450677633285522461e-01,9.405745267868041992e-01
-1.102869153022766113e+00,-6.827619075775146484e-01
-5.861450433731079102e-01,-1.035766839981079102e+00
-1.127511024475097656e+00,-7.640678882598876953e-01
1.132193088531494141e+00,1.090689182281494141e+00
1.048509955406188965e+00,1.012112855911254883e+00
-1.112205505371093750e+00,-1.096592783927917480e+00
-8.309992551803588867e-01,-6.404615640640258789e-01
-9.976671338081359863e-01,-9.394623041152954102e-01
-1.200654506683349609e+00,-9.578031897544860840e-01
-1.134599447250366211e+00,-1.050377607345581055e+00
9.827008247375488281e-01,1.052698493003845215e+00
1.090798497200012207e+00,9.035238027572631836e-01
-4.038666486740112305e-01,-1.161842465400695801e+00
7.830492258071899414e-01,1.155760288238525391e+00
1.173284053802490234e+00,9.247778058052062988e-01
-1.157914519309997559e+00,-1.105545520782470703e+00
-9.784867167472839355e-01,-5.598696470260620117e-01
-1.122779607772827148e+00,-8.715841770172119141e-01
-1.059200882911682129e+00,-7.743297219276428223e-01
-1.152197360992431641e+00,-8.911074995994567871e-01
-8.001801371574401855e-01,-1.054262161254882812e+00
-9.384859204292297363e-01,-1.025531649589538574e+00
-8.165661096572875977e-01,-1.104582190513610840e+00
7.165330648422241211e-01,6.785119771957397461e-01
9.194501042366027832e-01,6.985579729080200195e-01
-8.901790976524353027e-01,-1.254412651062011719e+00
-1.146487712860107422e+00,-1.112784624099731445e+00
7.619023919105529785e-01,1.062273263931274414e+00
1.125947356224060059e+00,1.375892281532287598e+00
8.809430003166198730e-01,1.071243405342102051e+00
1.217724561691284180e+00,8.416483402252197266e-01
1.079870223999023438e+00,7.550192475318908691e-01
6.467157602310180664e-01,7.995483279228210449e-01
-6.893146634101867676e-01,-9.640881419181823730e-01
-1.083748579025268555e+00,-1.163188099861145020e+00
7.056149244308471680e-01,9.317876696586608887e-01
1.056474208831787109e+00,8.377754688262939453e-01
-1.309728860855102539e+00,-9.902976751327514648e-01
-8.769816756248474121e-01,-1.040668129920959473e+00
-1.325604319572448730e+00,-1.102766036987304688e+00
1.320043563842773438e+00,9.228664040565490723e-01
-1.065059065818786621e+00,-7.765609025955200195e-01
9.780104756355285645e-01,7.189052700996398926e-01
1.052937269210815430e+00,6.984868645668029785e-01
8.636819720268249512e-01,8.080502152442932129e-01
9.271560907363891602e-01,9.056093692779541016e-01
-1.146596908569335938e+00,-7.130391597747802734e-01
6.284501552581787109e-01,1.194034457206726074e+00
-1.317381858825683594e+00,-9.902158975601196289e-01
1.289439320564270020e+00,1.195664763450622559e+00
-1.263881921768188477e+00,-1.014255046844482422e+00
-6.826041936874389648e-01,-9.715734720230102539e-01
1.188323855400085449e+00,9.976314306259155273e-01
1.367307543754577637e+00,1.414826393127441406e+00
9.897600412368774414e-01,1.319711565971374512e+00
1.262392759323120117e+00,1.084835290908813477e+00
1.082228064537048340e+00,9.514245986938476562e-01
-8.273096084594726562e-01,-1.289839863777160645e+00
7.412577867507934570e-01,8.517082929611206055e-01
1.196287393569946289e+00,7.017564773559570312e-01
-8.922940492630004883e-01,-7.327623367309570312e-01
-9.137017726898193359e-01,-1.154575347900390625e+00
1.132483124732971191e+00,8.691957592964172363e-01
9.640405178070068359e-01,1.140077352523803711e+00
9.684411287307739258e-01,9.121896624565124512e-01
-8.522248864173889160e-01,-1.093653202056884766e+00
7.341603040695190430e-01,1.112737774848937988e+00
9.652177095413208008e-01,1.221562743186950684e+00
6.977206468582153320e-01,8.297054767608642578e-01
7.144645452499389648e-01,9.336392879486083984e-01
-6.589197516441345215e-01,-8.788152933120727539e-01
-1.272905588150024414e+00,-9.641653299331665039e-01
1.254583358764648438e+00,8.731397390365600586e-01
1.195065736770629883e+00,1.395479440689086914e+00
1.427611231803894043e+00,1.068526029586791992e+00
9.658115506172180176e-01,1.196036815643310547e+00
-1.011724829673767090e+00,-5.853759050369262695e-01
7.888501286506652832e-01,1.249221682548522949e+00
1.112533450126647949e+00,1.034583210945129395e+00
-6.019062995910644531e-01,-1.236325025558471680e+00
-9.388332366943359375e-01,-1.125956058502197266e+00
-9.399707317352294922e-01,-9.653755426406860352e-01
8.862642645835876465e-01,7.108318805694580078e-01
-1.051237583160400391e+00,-7.654322981834411621e-01
-9.702197313308715820e-01,-6.677604913711547852e-01
-1.020197391510009766e+00,-1.087756037712097168e+00
1.379871368408203125e+00,1.090477108955383301e+00
9.593698978424072266e-01,7.457270622253417969e-01
-8.254191875457763672e-01,-9.717271924018859863e-01
1.179417252540588379e+00,7.721551656723022461e-01
-1.261991381645202637e+00,-1.019238948822021484e+00
-1.132256388664245605e+00,-8.394287228584289551e-01
1.047254920005798340e+00,1.152360200881958008e+00
-1.101258516311645508e+00,-8.501405715942382812e-01
-8.609118461608886719e-01,-1.064607501029968262e+00
-6.705319881439208984e-01,-1.341562390327453613e+00
9.200174808502197266e-01,6.405284404754638672e-01
8.535641431808471680e-01,9.192520380020141602e-01
-7.587461471557617188e-01,-1.138767957687377930e+00
1.054596543312072754e+00,1.108821153640747070e+00
1.050720810890197754e+00,8.536315560340881348e-01
-1.275983691215515137e+00,-1.042068004608154297e+00
-8.991543650627136230e-01,-1.201497077941894531e+00
-1.032023191452026367e+00,-1.321722388267517090e+00
1.028773784637451172e+00,9.701002240180969238e-01
-1.090126752853393555e+00,-9.386826157569885254e-01
9.361795186996459961e-01,1.176534295082092285e+00
1.096891403198242188e+00,1.137670040130615234e+00
8.054847121238708496e-01,1.181070089340209961e+00
-1.181618571281433105e+00,-7.681582570075988770e-01
-1.073463797569274902e+00,-5.284833908081054688e-01
5.914215445518493652e-01,1.038107275962829590e+00
-8.848601579666137695e-01,-1.103552341461181641e+00
-9.886082410812377930e-01,-9.682361483573913574e-01
9.238194823265075684e-01,8.107998967170715332e-01
-1.091807723045349121e+00,-1.138847351074218750e+00
1.367532134056091309e+00,8.556185364723205566e-01
-8.742108941078186035e-01,-1.013704180717468262e+00
-1.311370968818664551e+00,-1.240036845207214355e+00
-8.030681610107421875e-01,-6.757389307022094727e-01
8.624551892280578613e-01,9.794564247131347656e-01
-9.246578812599182129e-01,-8.672041893005371094e-01
1.004956722259521484e+00,1.098772525787353516e+00
1.135341405868530273e+00,1.108337044715881348e+00
1.097624421119689941e+00,7.087674736976623535e-01
-8.129523396492004395e-01,-9.393931031227111816e-01
8.391398787498474121e-01,9.425375461578369141e-01
1.199477672576904297e+00,8.467744588851928711e-01
1.146297812461853027e+00,9.002093076705932617e-01
1.181051015853881836e+00,8.196388483047485352e-01
9.692683815956115723e-01,1.206425309181213379e+00
1.031712174415588379e+00,1.222785949707031250e+00
6.643424034118652344e-01,1.365696072578430176e+00
-1.280372977256774902e+00,-1.026901483535766602e+00
1.067627429962158203e+00,1.205186367034912109e+00
1.015058755874633789e+00,1.087925195693969727e+00
-9.941172599792480469e-01,-9.635705351829528809e-01
9.337885975837707520e-01,7.356599569320678711e-01
1.330135941505432129e+00,1.159818649291992188e+00
1.037046551704406738e+00,1.007842540740966797e+00
-1.204686880111694336e+00,-9.360790848731994629e-01
1.003514885902404785e+00,1.275176167488098145e+00
-1.004819750785827637e+00,-1.022883415222167969e+00
-9.315509200096130371e-01,-1.043946504592895508e+00
1.112255573272705078e+00,9.986928701400756836e-01
-1.099651336669921875e+00,-9.058357477188110352e-01
-8.935622572898864746e-01,-7.364647388458251953e-01
-9.526772499084472656e-01,-7.565514445304870605e-01
-5.077850818634033203e-01,-9.716933965682983398e-01
5.924602746963500977e-01,7.815473079681396484e-01
1.185349941253662109e+00,9.675312042236328125e-01
1.025391101837158203e+00,6.594784259796142578e-01
-8.715564012527465820e-01,-1.136462688446044922e+00
-1.072488903999328613e+00,-1.025677561759948730e+00
7.195396423339843750e-01,8.267871737480163574e-01
-8.332527279853820801e-01,-9.642742276191711426e-01
1.285000801086425781e+00,1.073229670524597168e+00
-8.302147984504699707e-01,-9.052805304527282715e-01
8.460783958435058594e-01,7.930721640586853027e-01
1.071092605590820312e+00,1.060695886611938477e+00
-9.903874397277832031e-01,-8.993554115295410156e-01
1.140424966812133789e+00,8.702814579010009766e-01
6.263218522071838379e-01,7.253449559211730957e-01
-1.202653169631958008e+00,-7.268070578575134277e-01
-1.206206202507019043e+00,-1.140458703041076660e+00
5.808569192886352539e-01,1.090764760971069336e+00
1.185274362564086914e+00,1.013862013816833496e+00
-7.036395072937011719e-01,-1.182642459869384766e+00
1.286527991294860840e+00,1.069998621940612793e+00
-9.414685368537902832e-01,-8.003600835800170898e-01
1.137934803962707520e+00,1.144516944885253906e+00
-1.084780216217041016e+00,-7.347799539566040039e-01
7.285907268524169922e-01,1.080236315727233887e+00
-7.974109649658203125e-01,-1.014436244964599609e+00
1.381821513175964355e+00,9.011480212211608887e-01
1.133843541145324707e+00,1.025001406669616699e+00
9.070454835891723633e-01,8.169465065002441406e-01
-1.080180168151855469e+00,-1.017772197723388672e+00
1.222599267959594727e+00,8.483940362930297852e-01
-9.804487824440002441e-01,-8.221703171730041504e-01
1.246616125106811523e+00,1.175780415534973145e+00
7.963191270828247070e-01,1.002478718757629395e+00
1.165965914726257324e+00,8.161678910255432129e-01
-8.083536624908447266e-01,-9.455169439315795898e-01
-1.100595712661743164e+00,-6.954349279403686523e-01
-1.090393185615539551e+00,-1.114401578903198242e+00
1.052605152130126953e+00,1.292509794235229492e+00
1.025004863739013672e+00,7.851611375808715820e-01
1.289523005485534668e+00,6.381101608276367188e-01
-8.571156859397888184e-01,-7.054910659790039062e-01
-9.593128561973571777e-01,-1.137819170951843262e+00
1.010048627853393555e+00,1.087512254714965820e+00
1.077953100204467773e+00,6.923216581344604492e-01
-1.403498172760009766e+00,-8.286033868789672852e-01
-1.175400018692016602e+00,-1.076684951782226562e+00
9.133046269416809082e-01,6.983172893524169922e-01
-5.473297834396362305e-01,-8.221098184585571289e-01
-1.113655209541320801e+00,-1.284929275512695312e+00
1.065937876701354980e+00,1.298721432685852051e+00
-6.616687774658203125e-01,-9.680821895599365234e-01
8.631259799003601074e-01,9.268810749053955078e-01
-9.182318449020385742e-01,-1.027543902397155762e+00
-8.232005238533020020e-01,-1.220644593238830566e+00
-1.011814594268798828e+00,-7.135287523269653320e-01
7.246463298797607422e-01,8.684982061386108398e-01
-6.360541582107543945e-01,-1.104099273681640625e+00
6.974414587020874023e-01,1.271622300148010254e+00
-9.351946115493774414e-01,-1.213618040084838867e+00
1.259718894958496094e+00,8.577814102172851562e-01
-9.438207149505615234e-01,-9.694076776504516602e-01
-1.245309472084045410e+00,-7.358157634735107422e-01
1.054560422897338867e+00,9.939165711402893066e-01
-9.827755093574523926e-01,-1.345966339111328125e+00
-1.068680047988891602e+00,-8.024432659149169922e-01
-1.108145713806152344e+00,-8.964968919754028320e-01
1.113473057746887207e+00,1.049255847930908203e+00
-4.223464131355285645e-01,-1.111126661300659180e+00
4.540836811065673828e-01,9.743301868438720703e-01
-1.088679313659667969e+00,-1.359973907470703125e+00
8.745149374008178711e-01,1.094566822052001953e+00
-1.137093782424926758e+00,-7.166308760643005371e-01
1.006799459457397461e+00,9.108359813690185547e-01
-9.696464538574218750e-01,-6.753796339035034180e-01
-1.205539464950561523e+00,-1.198374271392822266e+00
6.012986898422241211e-01,1.023216128349304199e+00
-1.134592533111572266e+00,-8.290992975234985352e-01
-1.193934798240661621e+00,-9.371727705001831055e-01
-1.036090373992919922e+00,-1.020694971084594727e+00
-6.500092148780822754e-01,-9.995930194854736328e-01
1.165362596511840820e+00,1.291545987129211426e+00
-1.205887079238891602e+00,-1.259146451950073242e+00
-8.901774287223815918e-01,-1.258613944053649902e+00
-6.567689180374145508e-01,-9.692142605781555176e-01
1.135773301124572754e+00,1.067432284355163574e+00
-1.105809092521667480e+00,-8.135006427764892578e-01
-5.635343790054321289e-01,-9.924704432487487793e-01
4.512183070182800293e-01,6.191902160644531250e-01
1.565473675727844238e+00,1.094815731048583984e+00
8.694003820419311523e-01,1.032829880714416504e+00
9.218294024467468262e-01,1.204156756401062012e+00
1.119754433631896973e+00,9.728084802627563477e-01
8.099836707115173340e-01,8.638319969177246094e-01
-1.196179747581481934e+00,-1.150391697883605957e+00
-9.564113616943359375e-01,-8.628475069999694824e-01
7.594964504241943359e-01,6.706913709640502930e-01
-1.157931208610534668e+00,-1.262789011001586914e+00
-1.052104711532592773e+00,-6.969658136367797852e-01
1.289599895477294922e+00,1.030711770057678223e+00
1.075815081596374512e+00,1.384213685989379883e+00
7.599527835845947266e-01,9.545209407806396484e-01
-1.047680258750915527e+00,-1.136544108390808105e+00
-1.333030581474304199e+00,-8.587980270385742188e-01
8.148902654647827148e-01,1.233998417854309082e+00
1.243006348609924316e+00,9.339833259582519531e-01
-1.103138804435729980e+00,-9.954165816307067871e-01
-1.333146333694458008e+00,-9.342990517616271973e-01
8.482028841972351074e-01,8.701527714729309082e-01
8.884052634239196777e-01,1.077361345291137695e+00
-1.098215103149414062e+00,-1.065042972564697266e+00
-8.641447424888610840e-01,-9.208109974861145020e-01
-1.064008593559265137e+00,-9.591330289840698242e-01
-1.026900887489318848e+00,-8.948069810867309570e-01
-1.038621902465820312e+00,-6.846587657928466797e-01
1.022223591804504395e+00,1.077703833580017090e+00
9.105129241943359375e-01,8.580007553100585938e-01
7.231990098953247070e-01,8.384532928466796875e-01
-7.586966753005981445e-01,-9.621196985244750977e-01
-8.788509964942932129e-01,-1.071174025535583496e+00
1.287301301956176758e+00,1.317102432250976562e+00
1.166306138038635254e+00,1.368747949600219727e+00
-9.956628084182739258e-01,-9.424751400947570801e-01
-9.086537957191467285e-01,-7.786787748336791992e-01
1.036445856094360352e+00,7.848563194274902344e-01
1.080588459968566895e+00,1.322910666465759277e+00
-9.104896187782287598e-01,-8.900177478790283203e-01
-9.596008062362670898e-01,-1.061041474342346191e+00
-1.077410101890563965e+00,-6.878404021263122559e-01
-8.036446571350097656e-01,-7.803248167037963867e-01
-9.662714600563049316e-01,-1.322862625122070312e+00
-1.289538145065307617e+00,-7.277424335479736328e-01
8.171740174293518066e-01,9.690408110618591309e-01
6.372244954109191895e-01,8.613278269767761230e-01
1.104409217834472656e+00,5.982529520988464355e-01
-1.157431364059448242e+00,-9.855150580406188965e-01
-1.018814563751220703e+00,-1.300423145294189453e+00
1.268176436424255371e+00,1.243171095848083496e+00
1.115261316299438477e+00,1.015571594238281250e+00
1.130185127258300781e+00,7.985581159591674805e-01
-9.284372925758361816e-01,-1.215989828109741211e+00
8.653864264488220215e-01,7.547085881233215332e-01
-7.319632172584533691e-01,-1.232416987419128418e+00
1.157557487487792969e+00,6.074889302253723145e-01
1.234371066093444824e+00,1.254458665847778320e+00
8.896678090095520020e-01,9.347356557846069336e-01
-8.758941292762756348e-01,-1.281972169876098633e+00
8.142083287239074707e-01,1.179667472839355469e+00
9.781020879745483398e-01,1.093334078788757324e+00
1.182868003845214844e+00,8.133248090744018555e-01
1.334831357002258301e+00,9.708489775657653809e-01
1.184434890747070312e+00,1.114212512969970703e+00
1.191411614418029785e+00,7.955530881881713867e-01
-9.418296813964843750e-01,-1.016503691673278809e+00
8.453491330146789551e-01,1.216958284378051758e+00
7.748551368713378906e-01,1.075231552124023438e+00
-6.081413030624389648e-01,-1.159163236618041992e+00
8.973253965377807617e-01,7.238708138465881348e-01
-1.106643915176391602e+00,-7.835708260536193848e-01
7.462190389633178711e-01,9.515344500541687012e-01
-1.214916944503784180e+00,-1.136397123336791992e+00
-8.677209615707397461e-01,-1.006595015525817871e+00
-1.394343614578247070e+00,-8.800384402275085449e-01
9.811403751373291016e-01,1.059315800666809082e+00
8.865392804145812988e-01,6.493412256240844727e-01
1.405389189720153809e+00,4.862397313117980957e-01
1.501840591430664062e+00,1.189939022064208984e+00
9.170252680778503418e-01,5.691246390342712402e-01
8.774052262306213379e-01,1.213095188140869141e+00
-1.272200107574462891e+00,-7.632477283477783203e-01
-9.334703087806701660e-01,-7.753897905349731445e-01
-9.439770579338073730e-01,-8.543642163276672363e-01
1.080255270004272461e+00,1.215355157852172852e+00
-4.825860857963562012e-01,-1.147733330726623535e+00
-1.175897598266601562e+00,-1.066120386123657227e+00
-1.225798606872558594e+00,-1.072046279907226562e+00
-1.081301689147949219e+00,-1.060300827026367188e+00
1.067774057388305664e+00,7.553877830505371094e-01
-9.603565931320190430e-01,-9.229692816734313965e-01
1.098429679870605469e+00,8.033154010772705078e-01
-1.259068369865417480e+00,-1.300051689147949219e+00
-8.820124864578247070e-01,-1.266113042831420898e+00
-7.091407775878906250e-01,-9.560433626174926758e-01
-9.740289449691772461e-01,-7.912100553512573242e-01
8.388298749923706055e-01,9.298517704010009766e-01
9.701054692268371582e-01,1.079013943672180176e+00
-6.051529049873352051e-01,-1.088083505630493164e+00
9.444373846054077148e-01,1.155458331108093262e+00
1.279472231864929199e+00,9.174882769584655762e-01
-8.621287941932678223e-01,-9.932947754859924316e-01
1.131776690483093262e+00,8.355467319488525391e-01
1.128066778182983398e+00,1.161504745483398438e+00
-8.853695392608642578e-01,-7.219238877296447754e-01
-1.232146501541137695e+00,-1.297272443771362305e+00
1.156868577003479004e+00,1.372310161590576172e+00
1.360101222991943359e+00,1.266760587692260742e+00
1.378146529197692871e+00,1.039977669715881348e+00
1.150271534919738770e+00,1.036557197570800781e+00
-1.199550867080688477e+00,-9.083856344223022461e-01
-9.068174362182617188e-01,-7.292149066925048828e-01
-8.507854938507080078e-01,-9.468199610710144043e-01
-1.086789369583129883e+00,-8.085023164749145508e-01
-8.949785232543945312e-01,-1.167665719985961914e+00
-8.545423150062561035e-01,-1.343892574310302734e+00
-1.041007280349731445e+00,-1.107515692710876465e+00
8.995858430862426758e-01,1.160735607147216797e+00
8.597313165664672852e-01,9.156420230865478516e-01
-1.306652784347534180e+00,-1.386859655380249023e+00
8.594939708709716797e-01,1.154005289077758789e+00
-8.120642304420471191e-01,-7.834608554840087891e-01
-9.797086715698242188e-01,-9.804174304008483887e-01
1.276514053344726562e+00,8.666847944259643555e-01
9.793937206268310547e-01,1.054814815521240234e+00
-7.684693932533264160e-01,-1.043937206268310547e+00
-5.317447185516357422e-01,-1.107037544250488281e+00
7.438112497329711914e-01,1.001846551895141602e+00
1.304268479347229004e+00,9.004758596420288086e-01
1.518440008163452148e+00,1.017086744308471680e+00
-1.406177520751953125e+00,-8.707638978958129883e-01
-7.835068702697753906e-01,-1.379970312118530273e+00
1.097550868988037109e+00,1.027335762977600098e+00
1.392230629920959473e+00,9.121800661087036133e-01
1.049002885818481445e+00,1.140350222587585449e+00
8.667368888854980469e-01,9.344587326049804688e-01
-1.287831068038940430e+00,-1.255949497222900391e+00
-1.119429588317871094e+00,-1.206964373588562012e+00
-1.250803947448730469e+00,-1.253923773765563965e+00
7.807509899139404297e-01,7.754037380218505859e-01
8.656113147735595703e-01,8.488037586212158203e-01
-1.208996415138244629e+00,-1.055984854698181152e+00
-9.299584627151489258e-01,-1.052884817123413086e+00
-9.346799254417419434e-01,-1.099859356880187988e+00
1.341647028923034668e+00,9.466590881347656250e-01
1.241522431373596191e+00,8.902404904365539551e-01
-6.937700510025024414e-01,-9.112743139266967773e-01
-9.951000213623046875e-01,-9.480345249176025391e-01
6.526758074760437012e-01,1.192295789718627930e+00
9.055835604667663574e-01,1.071943402290344238e+00
1.321902275085449219e+00,1.320336461067199707e+00
1.074406623840332031e+00,1.045219063758850098e+00
1.083319902420043945e+00,1.045780539512634277e+00
-9.611328244209289551e-01,-7.915270328521728516e-01
-8.568128943443298340e-01,-9.316386580467224121e-01
9.323984384536743164e-01,1.123205900192260742e+00
1.065623641014099121e+00,9.929557442665100098e-01
1.155872821807861328e+00,8.700345754623413086e-01
-1.096190690994262695e+00,-9.738825559616088867e-01
1.426124811172485352e+00,1.005330920219421387e+00
1.008955955505371094e+00,6.512095928192138672e-01
9.359799623489379883e-01,1.002332568168640137e+00
1.179643034934997559e+00,6.651178002357482910e-01
8.126102089881896973e-01,9.649111628532409668e-01
-8.329046368598937988e-01,-1.250329732894897461e+00
1.012918949127197266e+00,1.289637207984924316e+00
-1.041373729705810547e+00,-6.957656145095825195e-01
9.636901617050170898e-01,1.081717967987060547e+00
8.696005940437316895e-01,9.357841610908508301e-01
-1.101233363151550293e+00,-8.370090723037719727e-01
-8.181617259979248047e-01,-1.120308637619018555e+00
-7.738911509513854980e-01,-1.069162607192993164e+00
9.117984175682067871e-01,7.687271237373352051e-01
-1.221496224403381348e+00,-1.120866179466247559e+00
-1.201051831245422363e+00,-7.460715770721435547e-01
-7.767217159271240234e-01,-9.171893596649169922e-01
-1.132771730422973633e+00,-1.407982230186462402e+00
-1.100413560867309570e+00,-9.081397652626037598e-01
1.055658102035522461e+00,7.342467308044433594e-01
4.933062195777893066e-01,9.954023361206054688e-01
8.319289088249206543e-01,1.190351128578186035e+00
1.209939360618591309e+00,1.111363768577575684e+00
-9.724964499473571777e-01,-1.030662417411804199e+00
-1.141832828521728516e+00,-1.196817874908447266e+00
-9.361279010772705078e-01,-1.138111352920532227e+00
-1.237450361251831055e+00,-1.166218042373657227e+00
-8.637152314186096191e-01,-5.966216325759887695e-01
-1.104584693908691406e+00,-1.052184224128723145e+00
1.182620048522949219e+00,5.078517198562622070e-01
-1.091990113258361816e+00,-9.871963262557983398e-01
7.562882900238037109e-01,9.631561636924743652e-01
1.195755720138549805e+00,1.200700998306274414e+00
-6.321568489074707031e-01,-1.140654206275939941e+00
1.076094269752502441e+00,6.144491434097290039e-01
-8.160575628280639648e-01,-1.321353554725646973e+00
1.195133090019226074e+00,8.317602872848510742e-01
-1.192424893379211426e+00,-1.116166114807128906e+00
-1.050103783607482910e+00,-5.658349990844726562e-01
-1.092242479324340820e+00,-1.200621604919433594e+00
-1.068708777427673340e+00,-9.303851127624511719e-01
-1.149134159088134766e+00,-9.698265194892883301e-01
-7.496395111083984375e-01,-1.071977019309997559e+00
1.120184302330017090e+00,1.161264061927795410e+00
9.766674637794494629e-01,1.042123913764953613e+00
8.376525640487670898e-01,8.245445489883422852e-01
-1.002650856971740723e+00,-7.769227623939514160e-01
-7.923818826675415039e-01,-5.593220591545104980e-01
1.018519282341003418e+00,1.211265563964843750e+00
-8.328597545623779297e-01,-9.200741052627563477e-01
-1.026416897773742676e+00,-1.218598723411560059e+00
-8.395792245864868164e-01,-1.037094712257385254e+00
1.008456110954284668e+00,1.193619728088378906e+00
1.171587467193603516e+00,8.087422251701354980e-01
9.222854375839233398e-01,1.009182214736938477e+00
-1.075898051261901855e+00,-6.845956444740295410e-01
-1.224936842918395996e+00,-1.035727858543395996e+00
-1.064876794815063477e+00,-8.629795312881469727e-01
1.323468327522277832e+00,8.140279650688171387e-01
-9.161158800125122070e-01,-5.863893032073974609e-01
-9.399140477180480957e-01,-1.260766625404357910e+00
-9.657199978828430176e-01,-8.800836801528930664e-01
-8.052510023117065430e-01,-7.854450345039367676e-01
-1.058179020881652832e+00,-1.337344884872436523e+00
-1.154602885246276855e+00,-1.048267126083374023e+00
7.589344978332519531e-01,1.285297393798828125e+00
-1.144723057746887207e+00,-9.441318511962890625e-01
9.599397182464599609e-01,5.192882418632507324e-01
1.160858392715454102e+00,1.133522748947143555e+00
1.145123124122619629e+00,8.846400976181030273e-01
8.435150980949401855e-01,8.975411057472229004e-01
-1.164846777915954590e+00,-1.204684019088745117e+00
-8.298039436340332031e-01,-8.223609924316406250e-01
6.125572323799133301e-01,7.589790225028991699e-01
-1.207774162292480469e+00,-1.028634071350097656e+00
1.051017165184020996e+00,9.196420907974243164e-01
-1.356127977371215820e+00,-1.016190171241760254e+00
-1.030016660690307617e+00,-1.373731613159179688e+00
5.507193803787231445e-01,1.080553174018859863e+00
1.038719654083251953e+00,9.193911552429199219e-01
-8.543063998222351074e-01,-7.128163576126098633e-01
-1.053963184356689453e+00,-9.965381622314453125e-01
1.171912193298339844e+00,1.048806905746459961e+00
8.242386579513549805e-01,9.478199481964111328e-01
9.782482981681823730e-01,1.142700552940368652e+00
7.852063179016113281e-01,8.368807435035705566e-01
-7.603557109832763672e-01,-1.275390148162841797e+00
6.997810006141662598e-01,9.773294925689697266e-01
4.538047313690185547e-01,9.970501065254211426e-01
1.291666984558105469e+00,1.096725106239318848e+00
1.078511953353881836e+00,9.146716594696044922e-01
-9.270167946815490723e-01,-8.385636806488037109e-01
1.226505398750305176e+00,1.176561832427978516e+00
-8.047263622283935547e-01,-9.294891357421875000e-01
1.169211149215698242e+00,1.237124085426330566e+00
-1.089307069778442383e+00,-8.390997052192687988e-01
-1.039056777954101562e+00,-7.936350703239440918e-01
-1.007616996765136719e+00,-1.166459560394287109e+00
-9.262216687202453613e-01,-8.953465223312377930e-01
-1.115567803382873535e+00,-1.043751478195190430e+00
1.185004830360412598e+00,9.501361846923828125e-01
8.784233331680297852e-01,8.380671739578247070e-01
1.217287540435791016e+00,1.373220205307006836e+00
1.309712767601013184e+00,9.822880625724792480e-01
-1.177575707435607910e+00,-1.136709451675415039e+00
7.521517276763916016e-01,1.187480807304382324e+00
-1.166408896446228027e+00,-8.173289299011230469e-01
-8.630311489105224609e-01,-1.047618031501770020e+00
8.683313131332397461e-01,7.561996579170227051e-01
-1.211052060127258301e+00,-1.187412858009338379e+00
8.887086510658264160e-01,1.060797691345214844e+00
-8.192951679229736328e-01,-8.803890943527221680e-01
9.265218973159790039e-01,1.304615855216979980e+00
-7.058315277099609375e-01,-1.087337136268615723e+00
7.953605055809020996e-01,1.031947731971740723e+00
1.182702302932739258e+00,8.496119976043701172e-01
-4.408228397369384766e-01,-9.166498184204101562e-01
8.500801324844360352e-01,1.056288003921508789e+00
-1.025768399238586426e+00,-8.122256994247436523e-01
6.894119381904602051e-01,1.027886271476745605e+00
1.006501793861389160e+00,1.199350118637084961e+00
1.101966738700866699e+00,1.312660217285156250e+00
1.258809328079223633e+00,1.099883913993835449e+00
1.078650712966918945e+00,1.090844631195068359e+00
-9.102458953857421875e-01,-1.086946725845336914e+00
1.181138992309570312e+00,5.989632010459899902e-01
-6.294476985931396484e-01,-1.336108803749084473e+00
1.045190572738647461e+00,1.054715275764465332e+00
-1.191125035285949707e+00,-9.129716157913208008e-01
8.635245561599731445e-01,9.542448520660400391e-01
9.171949028968811035e-01,1.058673501014709473e+00
-1.003317713737487793e+00,-9.054155349731445312e-01
-7.675440907478332520e-01,-6.960244178771972656e-01
-6.813238859176635742e-01,-9.777865409851074219e-01
