1.256776690483093262e+00,7.999584078788757324e-01
1.299040555953979492e+00,1.266823768615722656e+00
-1.355578064918518066e+00,-1.099213838577270508e+00
1.113412380218505859e+00,1.141762137413024902e+00
1.452423691749572754e+00,9.326791763305664062e-01
1.256448388099670410e+00,1.301452755928039551e+00
-1.007947444915771484e+00,-7.976803779602050781e-01
-1.173558473587036133e+00,-1.451733946800231934e+00
-8.888503909111022949e-01,-7.235368490219116211e-01
1.035590529441833496e+00,9.895129799842834473e-01
-1.233721971511840820e+00,-1.277636885643005371e+00
1.417204737663269043e+00,1.288760542869567871e+00
-1.649131178855895996e+00,-1.276556968688964844e+00
-9.331533312797546387e-01,-9.682964682579040527e-01
-2.428977638483047485e-01,-1.145483732223510742e+00
-1.249756693840026855e+00,-1.532141208648681641e+00
-1.430268168449401855e+00,-1.267280459403991699e+00
-1.476924896240234375e+00,-6.664961576461791992e-01
3.696788549423217773e-01,1.334902167320251465e+00
-1.566316962242126465e+00,-6.942414641380310059e-01
1.006687402725219727e+00,9.015179276466369629e-01
7.723917961120605469e-01,8.523539304733276367e-01
9.161318540573120117e-01,8.462697863578796387e-01
1.243074655532836914e+00,1.072766900062561035e+00
-1.338298082351684570e+00,-1.311691999435424805e+00
9.808852672576904297e-01,1.413886070251464844e+00
-1.221620798110961914e+00,-1.384326100349426270e+00
-1.321171879768371582e+00,-1.215582728385925293e+00
-8.003924489021301270e-01,-7.874979376792907715e-01
-2.009062051773071289e+00,-9.435635805130004883e-01
-1.310582041740417480e+00,-1.350296735763549805e+00
-1.284990787506103516e+00,-5.119925141334533691e-01
1.146324992179870605e+00,1.456626653671264648e+00
1.386315584182739258e+00,1.022206902503967285e+00
1.262065768241882324e+00,1.038354754447937012e+00
1.283331751823425293e+00,9.812152385711669922e-01
-1.417423248291015625e+00,-1.156793713569641113e+00
-7.916972041130065918e-01,-1.688027858734130859e+00
-1.142042517662048340e+00,-1.159322381019592285e+00
1.262203693389892578e+00,8.235389590263366699e-01
-1.082620143890380859e+00,-8.307214379310607910e-01
9.766126275062561035e-01,5.829901099205017090e-01
-9.537794589996337891e-01,-1.029431700706481934e+00
1.046936988830566406e+00,1.053397297859191895e+00
1.343259692192077637e+00,9.124577641487121582e-01
-1.297852754592895508e+00,-6.538747549057006836e-01
1.207502007484436035e+00,1.448718905448913574e+00
-1.239141583442687988e+00,-1.497022628784179688e+00
-1.245199441909790039e+00,-8.998686671257019043e-01
-9.108974933624267578e-01,-1.058176398277282715e+00
1.072099447250366211e+00,1.181628108024597168e+00
1.121176362037658691e+00,9.938508868217468262e-01
-7.602179646492004395e-01,-1.094044327735900879e+00
-1.334658861160278320e+00,-1.194673538208007812e+00
-1.408428192138671875e+00,-1.231720566749572754e+00
1.474551796913146973e+00,1.181747198104858398e+00
7.521287798881530762e-01,2.969950735569000244e-01
-7.495282888412475586e-01,-1.123529791831970215e+00
-1.221772670745849609e+00,-1.379664540290832520e+00
1.029317021369934082e+00,1.136761307716369629e+00
-1.349670648574829102e+00,-9.031020402908325195e-01
-8.456363081932067871e-01,-1.302676677703857422e+00
-8.948230147361755371e-01,-9.037265777587890625e-01
-5.156661868095397949e-01,-1.128794550895690918e+00
-1.052382946014404297e+00,-1.344770193099975586e+00
1.320119619369506836e+00,1.119531393051147461e+00
8.581886887550354004e-01,1.340228676795959473e+00
-6.131663322448730469e-01,-8.651102185249328613e-01
1.561829447746276855e+00,9.991257786750793457e-01
-8.555489778518676758e-01,-9.846450686454772949e-01
-9.893109202384948730e-01,-8.468012213706970215e-01
-5.429156422615051270e-01,-1.267920732498168945e+00
-1.777056336402893066e+00,-1.039861798286437988e+00
-1.178991794586181641e+00,-1.346941828727722168e+00
-8.749145865440368652e-01,-1.207174181938171387e+00
-1.233320474624633789e+00,-1.267696619033813477e+00
1.403633475303649902e+00,1.575300812721252441e+00
-1.189790964126586914e+00,-6.438866853713989258e-01
9.143525958061218262e-01,1.377798795700073242e+00
-1.282633185386657715e+00,-9.317617416381835938e-01
8.355329036712646484e-01,1.203435182571411133e+00
-8.108424544334411621e-01,-1.020795941352844238e+00
-1.314778685569763184e+00,-1.023073434829711914e+00
1.459331393241882324e+00,8.833290934562683105e-01
1.715391397476196289e+00,9.867787957191467285e-01
1.219167828559875488e+00,1.090994834899902344e+00
-9.208298325538635254e-01,-2.167488336563110352e-01
-9.179056882858276367e-01,-1.026482939720153809e+00
1.624955415725708008e+00,1.732696652412414551e+00
-9.166899323463439941e-01,-1.011075615882873535e+00
1.396719098091125488e+00,1.289239287376403809e+00
-1.642554879188537598e+00,-1.423939228057861328e+00
6.768986582756042480e-01,7.593595385551452637e-01
6.823743581771850586e-01,8.723930120468139648e-01
6.189187765121459961e-01,1.378727674484252930e+00
-9.283489584922790527e-01,-1.129304051399230957e+00
1.046909213066101074e+00,1.274996638298034668e+00
8.818404078483581543e-01,1.159823298454284668e+00
-6.716783046722412109e-01,-9.345038533210754395e-01
1.195814132690429688e+00,9.471773505210876465e-01
1.147776484489440918e+00,6.383705139160156250e-01
-1.299713492393493652e+00,-8.404222130775451660e-01
-1.044358730316162109e+00,-9.444591999053955078e-01
9.092654585838317871e-01,1.636217594146728516e+00
1.079367756843566895e+00,1.409636616706848145e+00
1.063172936439514160e+00,1.354378342628479004e+00
-9.130309224128723145e-01,-1.127792954444885254e+00
8.906963467597961426e-01,4.603613615036010742e-01
-9.963685870170593262e-01,-4.674909114837646484e-01
1.406538844108581543e+00,5.785275101661682129e-01
-1.175325274467468262e+00,-8.308719992637634277e-01
-2.077152013778686523e+00,-1.189820408821105957e+00
8.957118988037109375e-01,9.552482962608337402e-01
1.342489421367645264e-01,-7.559714466333389282e-02
-1.537322878837585449e+00,-9.362976551055908203e-01
-9.484340548515319824e-01,-1.435577630996704102e+00
1.097949743270874023e+00,1.384383559226989746e+00
1.370106220245361328e+00,4.964121580123901367e-01
-1.260571479797363281e+00,-9.014976620674133301e-01
1.228960990905761719e+00,1.174159407615661621e+00
1.289883494377136230e+00,6.362635493278503418e-01
7.405293583869934082e-01,1.250512719154357910e+00
1.147626161575317383e+00,9.143291711807250977e-01
-1.144757509231567383e+00,-9.186661243438720703e-01
1.286420464515686035e+00,4.878045618534088135e-01
1.311183094978332520e+00,8.502200841903686523e-01
-6.911885738372802734e-01,-1.064845561981201172e+00
1.536540985107421875e+00,1.192856669425964355e+00
-1.322001218795776367e+00,-1.193468570709228516e+00
7.657724618911743164e-01,1.063988566398620605e+00
-8.646097183227539062e-01,-7.021679878234863281e-01
-1.003308176994323730e+00,-1.525866031646728516e+00
9.197554588317871094e-01,1.590585112571716309e+00
1.081761479377746582e+00,1.147324800491333008e+00
1.693387031555175781e+00,6.332398653030395508e-01
-1.074214696884155273e+00,-1.511457681655883789e+00
1.350613832473754883e+00,1.395554065704345703e+00
6.701135039329528809e-01,4.019679725170135498e-01
1.093846201896667480e+00,1.082425832748413086e+00
1.118202805519104004e+00,1.198907732963562012e+00
-1.218978881835937500e+00,-1.131406188011169434e+00
1.057625293731689453e+00,7.206802368164062500e-01
-1.031118869781494141e+00,-1.483770847320556641e+00
1.370704174041748047e+00,1.501052856445312500e+00
1.604856491088867188e+00,1.105927109718322754e+00
1.189332842826843262e+00,1.147249817848205566e+00
-1.102446317672729492e+00,-1.484015583992004395e+00
-7.065002918243408203e-01,-1.209030985832214355e+00
1.086731672286987305e+00,1.414317131042480469e+00
8.621749877929687500e-01,1.372631549835205078e+00
1.425322532653808594e+00,1.252614617347717285e+00
-1.139897346496582031e+00,-1.431920766830444336e+00
-7.445388436317443848e-01,-1.221345663070678711e+00
9.443343281745910645e-01,9.297166466712951660e-01
1.302113652229309082e+00,1.243705034255981445e+00
-1.051285266876220703e+00,-8.528618812561035156e-01
-1.057850480079650879e+00,-1.025902390480041504e+00
-1.136210441589355469e+00,-1.300758600234985352e+00
-9.318774938583374023e-01,-1.263381600379943848e+00
1.601852416992187500e+00,9.660325646400451660e-01
-8.444310426712036133e-01,-8.668437004089355469e-01
1.264175653457641602e+00,8.569433689117431641e-01
-1.075665831565856934e+00,-1.257304668426513672e+00
1.263425827026367188e+00,1.133163690567016602e+00
-4.498901665210723877e-01,-1.141189694404602051e+00
-1.290993928909301758e+00,-7.391796112060546875e-01
1.462092638015747070e+00,8.784676194190979004e-01
1.327058315277099609e+00,1.281642913818359375e+00
-9.809368848800659180e-01,-1.788385391235351562e+00
1.132320523262023926e+00,1.366651773452758789e+00
1.039525032043457031e+00,9.510601758956909180e-01
-1.017005681991577148e+00,-9.431293010711669922e-01
1.342402577400207520e+00,4.976232349872589111e-01
8.643149733543395996e-01,1.176467657089233398e+00
8.931364417076110840e-01,1.353061437606811523e+00
-7.684392333030700684e-01,-6.266496181488037109e-01
-8.233652114868164062e-01,-1.038572549819946289e+00
-1.185042738914489746e+00,-1.467027068138122559e+00
-3.621223568916320801e-01,-2.032573938369750977e+00
-1.828652858734130859e+00,-8.897935748100280762e-01
1.608392715454101562e+00,1.375533461570739746e+00
1.163595438003540039e+00,6.923738121986389160e-01
-4.354079365730285645e-01,-9.019961953163146973e-01
-1.229632735252380371e+00,-3.339017927646636963e-01
8.998445272445678711e-01,1.012086391448974609e+00
1.368729710578918457e+00,1.310726761817932129e+00
5.172362327575683594e-01,1.709375381469726562e+00
-1.062744498252868652e+00,-1.087203621864318848e+00
1.106718063354492188e+00,1.079390287399291992e+00
1.258489012718200684e+00,8.561106324195861816e-01
1.432090401649475098e+00,5.724774599075317383e-01
-2.167670249938964844e+00,-5.394741892814636230e-01
-1.515379071235656738e+00,-6.848436594009399414e-01
1.267600774765014648e+00,1.417926907539367676e+00
1.110143899917602539e+00,1.525834441184997559e+00
-1.253348350524902344e+00,-1.609359025955200195e+00
1.142562747001647949e+00,7.926073670387268066e-01
1.511409759521484375e+00,2.513251900672912598e-01
1.120883584022521973e+00,1.574250340461730957e+00
1.454121589660644531e+00,1.241629958152770996e+00
-1.583651423454284668e+00,-3.527357876300811768e-01
9.726356863975524902e-01,6.893151402473449707e-01
1.292034506797790527e+00,1.167296051979064941e+00
-1.153354525566101074e+00,-1.589236497879028320e+00
1.024155497550964355e+00,1.024384498596191406e+00
-1.140724658966064453e+00,-1.313355565071105957e+00
-1.092273592948913574e+00,-1.207858920097351074e+00
1.417615413665771484e+00,1.521106958389282227e+00
-1.418460488319396973e+00,-8.892403244972229004e-01
1.141767144203186035e+00,9.071967601776123047e-01
1.131440997123718262e+00,6.453788280487060547e-01
-1.079056978225708008e+00,-1.454357147216796875e+00
1.179137945175170898e+00,9.436584115028381348e-01
9.534145593643188477e-01,1.699015617370605469e+00
-1.562405228614807129e+00,-1.211472988128662109e+00
-1.618525743484497070e+00,-7.567635178565979004e-01
7.058273553848266602e-01,8.297430276870727539e-01
7.634332180023193359e-01,9.826874136924743652e-01
1.248156666755676270e+00,8.846606612205505371e-01
-1.727827668190002441e+00,-1.188608169555664062e+00
1.320444345474243164e+00,5.880129337310791016e-01
1.323799610137939453e+00,1.385072588920593262e+00
1.069924473762512207e+00,6.616957187652587891e-01
9.829797148704528809e-01,9.381701350212097168e-01
-6.650728583335876465e-01,-1.074646711349487305e+00
1.236711621284484863e+00,5.131610631942749023e-01
-1.022732973098754883e+00,-1.087389588356018066e+00
4.678503572940826416e-01,1.220390558242797852e+00
9.890971183776855469e-01,8.851287364959716797e-01
1.478521227836608887e+00,9.689145088195800781e-01
-5.979552268981933594e-01,-1.398037910461425781e+00
-1.006921529769897461e+00,-9.207981228828430176e-01
-8.750649690628051758e-01,-1.443523406982421875e+00
5.927590131759643555e-01,1.377200841903686523e+00
-8.221141099929809570e-01,-1.282051801681518555e+00
9.277799725532531738e-01,1.136439681053161621e+00
1.198871493339538574e+00,1.234465956687927246e+00
-9.780133962631225586e-01,-1.130344152450561523e+00
-1.185953378677368164e+00,-9.851400256156921387e-01
1.667710304260253906e+00,1.224053740501403809e+00
5.279017090797424316e-01,1.147406935691833496e+00
-2.020607471466064453e+00,-6.113986372947692871e-01
1.060040354728698730e+00,1.203113317489624023e+00
9.253687262535095215e-01,9.356718063354492188e-01
-1.956002950668334961e+00,-1.150512576103210449e+00
-1.548375129699707031e+00,-1.485525727272033691e+00
5.283125042915344238e-01,1.530437469482421875e+00
-9.943847656250000000e-01,-1.339359402656555176e+00
1.669649630784988403e-01,1.271557211875915527e+00
-1.212066173553466797e+00,-7.212119102478027344e-01
-1.012182950973510742e+00,-1.207892298698425293e+00
8.863496780395507812e-01,6.212064027786254883e-01
-1.327796101570129395e+00,-1.467550992965698242e+00
1.326756358146667480e+00,1.313947319984436035e+00
-1.476246953010559082e+00,-1.140362620353698730e+00
-1.200068593025207520e+00,-1.381496310234069824e+00
1.274299263954162598e+00,7.757354974746704102e-01
-5.502412319183349609e-01,-1.337519049644470215e+00
1.078715324401855469e+00,9.469389915466308594e-01
1.250275611877441406e+00,9.382783174514770508e-01
1.287170886993408203e+00,1.017494678497314453e+00
-1.697153806686401367e+00,-1.121532797813415527e+00
1.178112626075744629e+00,1.409799456596374512e+00
-1.021825909614562988e+00,-1.127966403961181641e+00
1.404321432113647461e+00,1.121699929237365723e+00
1.013325810432434082e+00,1.187324166297912598e+00
-1.005937933921813965e+00,-1.223553776741027832e+00
1.219601511955261230e+00,1.401121497154235840e+00
-8.282149434089660645e-01,-7.900437712669372559e-01
6.463096737861633301e-01,7.311681509017944336e-01
1.060999512672424316e+00,9.445422887802124023e-01
1.283890366554260254e+00,1.713482260704040527e+00
1.205152392387390137e+00,7.282131314277648926e-01
-8.465565443038940430e-01,-1.543097496032714844e+00
-1.013761281967163086e+00,-9.754391312599182129e-01
9.025382399559020996e-01,1.500941038131713867e+00
1.625333666801452637e+00,1.294894456863403320e+00
-1.200746655464172363e+00,-4.945507347583770752e-01
9.718450903892517090e-01,1.083451747894287109e+00
-1.518389701843261719e+00,-1.055860400199890137e+00
9.735849499702453613e-01,1.132305502891540527e+00
1.099056363105773926e+00,9.381579160690307617e-01
9.721318483352661133e-01,1.265653014183044434e+00
1.362360835075378418e+00,1.755270719528198242e+00
1.356305360794067383e+00,1.539216518402099609e+00
8.084226250648498535e-01,9.695810675621032715e-01
9.553819298744201660e-01,1.203112483024597168e+00
2.066868305206298828e+00,3.527974188327789307e-01
-1.307791233062744141e+00,-7.824114561080932617e-01
8.736314773559570312e-01,9.675729274749755859e-01
7.543541789054870605e-01,1.282798647880554199e+00
-1.241732478141784668e+00,-8.400837182998657227e-01
1.309762239456176758e+00,1.462785124778747559e+00
8.722084164619445801e-01,1.354117393493652344e+00
-9.091147184371948242e-01,-1.141366243362426758e+00
7.387162446975708008e-01,7.699469923973083496e-01
1.443949937820434570e+00,1.364141941070556641e+00
-1.054184794425964355e+00,-1.170023322105407715e+00
-8.142426013946533203e-01,-1.176570534706115723e+00
1.004793882369995117e+00,7.405968904495239258e-01
4.972462952136993408e-01,9.609634280204772949e-01
9.934828281402587891e-01,1.429382324218750000e+00
7.999635934829711914e-01,1.249693036079406738e+00
1.098730564117431641e+00,1.109732508659362793e+00
-7.800917625427246094e-01,-7.297204732894897461e-01
1.028097033500671387e+00,7.683090567588806152e-01
-5.267376303672790527e-01,-1.959502816200256348e+00
-9.346352219581604004e-01,-1.272511959075927734e+00
-1.001518487930297852e+00,-1.408891797065734863e+00
1.434944510459899902e+00,8.558642268180847168e-01
-1.440499186515808105e+00,-1.201617717742919922e+00
9.996709823608398438e-01,1.416980862617492676e+00
9.854263663291931152e-01,1.065534949302673340e+00
6.771696805953979492e-01,9.661095738410949707e-01
1.190473437309265137e+00,7.243196964263916016e-01
-1.120564937591552734e+00,-9.831452369689941406e-01
1.459646582603454590e+00,7.288799881935119629e-01
-1.783123373985290527e+00,-1.535573005676269531e+00
1.127429485321044922e+00,1.248488903045654297e+00
1.245525956153869629e+00,1.317256331443786621e+00
1.446690082550048828e+00,3.730715513229370117e-01
9.796427488327026367e-01,1.609174609184265137e+00
1.337509274482727051e+00,1.369838714599609375e+00
-1.240524291992187500e+00,-6.350139379501342773e-01
-1.648516058921813965e+00,-1.492847084999084473e+00
8.752301335334777832e-01,1.054531931877136230e+00
9.254379272460937500e-01,9.798822999000549316e-01
6.844880580902099609e-01,1.112715601921081543e+00
1.252002000808715820e+00,1.278115987777709961e+00
-6.033155322074890137e-01,-7.454472184181213379e-01
1.355767011642456055e+00,6.458091139793395996e-01
1.236002206802368164e+00,1.038733243942260742e+00
-8.550258278846740723e-01,-1.470842242240905762e+00
-9.607241153717041016e-01,-5.324755311012268066e-01
-1.651767492294311523e+00,-1.354414820671081543e+00
1.573104500770568848e+00,1.563273787498474121e+00
-1.104153156280517578e+00,2.869002753868699074e-03
-9.474856853485107422e-01,-1.156872034072875977e+00
-1.351961731910705566e+00,-9.213895201683044434e-01
8.504238724708557129e-01,6.971274614334106445e-01
-9.805321097373962402e-01,-1.139885544776916504e+00
1.098478198051452637e+00,1.121625781059265137e+00
9.566507935523986816e-01,1.283551812171936035e+00
-1.453472614288330078e+00,-6.106913089752197266e-01
-1.341441154479980469e+00,-1.937037467956542969e+00
7.188068702816963196e-03,1.016236186027526855e+00
1.260099530220031738e+00,9.585751891136169434e-01
8.356415033340454102e-01,1.316721916198730469e+00
-1.474747657775878906e+00,-1.132616043090820312e+00
8.214221000671386719e-01,1.302638769149780273e+00
-9.042217731475830078e-01,-1.130528569221496582e+00
1.146227002143859863e+00,1.465377926826477051e+00
-1.112362265586853027e+00,-1.356522679328918457e+00
1.276334643363952637e+00,1.110247850418090820e+00
1.767034888267517090e+00,5.865022540092468262e-01
1.028740167617797852e+00,1.482498764991760254e+00
1.351117372512817383e+00,1.016398191452026367e+00
1.184201836585998535e+00,1.268527388572692871e+00
9.537023305892944336e-01,1.001154184341430664e+00
-1.518835783004760742e+00,-3.208397030830383301e-01
1.208090901374816895e+00,1.011668682098388672e+00
-1.523354768753051758e+00,-9.152090549468994141e-01
-6.813328266143798828e-01,-1.080200910568237305e+00
1.082052230834960938e+00,1.371150851249694824e+00
4.921556413173675537e-01,8.039736151695251465e-01
1.875975370407104492e+00,1.625526785850524902e+00
7.876775264739990234e-01,5.652593970298767090e-01
1.152265787124633789e+00,1.108166575431823730e+00
7.948476076126098633e-01,1.423834204673767090e+00
-1.780959963798522949e+00,-6.119248270988464355e-01
-1.429661989212036133e+00,-1.111701846122741699e+00
1.662990093231201172e+00,1.174390077590942383e+00
1.955770492553710938e+00,8.433653116226196289e-01
-1.465501666069030762e+00,-1.089098572731018066e+00
-1.492341399192810059e+00,-4.872084856033325195e-01
-1.217399954795837402e+00,-1.653934240341186523e+00
-8.493409156799316406e-01,-1.025739073753356934e+00
-1.030029535293579102e+00,-1.039353251457214355e+00
1.073024868965148926e+00,1.722374320030212402e+00
1.189387202262878418e+00,1.431601881980895996e+00
9.618809223175048828e-01,1.072701930999755859e+00
1.618117094039916992e+00,9.857876300811767578e-01
-1.364171862602233887e+00,-3.388327360153198242e-01
-1.460566401481628418e+00,-8.061516284942626953e-01
9.929901361465454102e-01,1.184413790702819824e+00
-1.181335687637329102e+00,-1.255709648132324219e+00
-1.898778975009918213e-01,-1.520209193229675293e+00
1.317415595054626465e+00,5.777538418769836426e-01
7.475642561912536621e-01,1.412347793579101562e+00
-8.777331113815307617e-01,-1.082637071609497070e+00
-1.122025966644287109e+00,-6.677884459495544434e-01
-5.900955200195312500e-01,-1.499660730361938477e+00
-1.289918065071105957e+00,-1.352430105209350586e+00
1.023769140243530273e+00,1.049558877944946289e+00
2.924257516860961914e-01,1.665677785873413086e+00
-1.410519599914550781e+00,-7.058537006378173828e-01
-1.246116518974304199e+00,-1.584141999483108521e-01
-2.811652123928070068e-01,-1.641257643699645996e+00
9.575744867324829102e-01,1.076969385147094727e+00
1.384848356246948242e+00,1.089642763137817383e+00
1.533933281898498535e+00,1.139795541763305664e+00
1.317010641098022461e+00,5.852320194244384766e-01
-9.852609038352966309e-01,-1.648586034774780273e+00
9.720420837402343750e-01,8.954081535339355469e-01
-1.035433650016784668e+00,-1.133710503578186035e+00
-1.227611541748046875e+00,-9.552142024040222168e-01
7.648610472679138184e-01,1.067586183547973633e+00
1.734136104583740234e+00,1.533468127250671387e+00
1.587384700775146484e+00,7.439293861389160156e-01
1.439630389213562012e+00,1.427456021308898926e+00
1.011682748794555664e+00,1.341416239738464355e+00
7.463555335998535156e-01,1.101154923439025879e+00
1.471394419670104980e+00,9.630932211875915527e-01
1.084721684455871582e+00,1.060489416122436523e+00
1.398157477378845215e+00,9.724299311637878418e-01
1.030551195144653320e+00,1.136616706848144531e+00
1.463037133216857910e+00,6.511133909225463867e-01
1.070471525192260742e+00,8.656597137451171875e-01
1.438509821891784668e+00,1.505430936813354492e+00
-2.031779766082763672e+00,-8.756605386734008789e-01
-1.027256011962890625e+00,-2.034528255462646484e+00
1.519224405288696289e+00,9.924370646476745605e-01
-8.014343380928039551e-01,-8.970249891281127930e-01
-8.959088921546936035e-01,-1.104616045951843262e+00
-5.493739843368530273e-01,-1.435106635093688965e+00
1.164206266403198242e+00,8.526087403297424316e-01
1.405436754226684570e+00,8.971967697143554688e-01
1.594489932060241699e+00,1.240977168083190918e+00
9.523764848709106445e-01,5.700796842575073242e-01
-1.163908004760742188e+00,-1.566445589065551758e+00
6.577059030532836914e-01,1.215303182601928711e+00
-1.006806850433349609e+00,-9.980027675628662109e-01
9.538545608520507812e-01,7.249994277954101562e-01
-1.262988209724426270e+00,-7.863929271697998047e-01
1.088214516639709473e+00,1.583949923515319824e+00
-1.255653977394104004e+00,-9.812516570091247559e-01
1.058235406875610352e+00,6.867172122001647949e-01
-9.218907356262207031e-01,-7.298474907875061035e-01
1.007898330688476562e+00,1.404482483863830566e+00
-1.425285935401916504e+00,-1.280752658843994141e+00
-2.175881117582321167e-01,-1.550196290016174316e+00
1.136283040046691895e+00,9.116932153701782227e-01
-2.386070489883422852e+00,-1.477040529251098633e+00
8.682008385658264160e-01,7.759928703308105469e-01
7.429367303848266602e-01,1.512989163398742676e+00
1.385530829429626465e+00,9.977290034294128418e-01
-1.005376338958740234e+00,-1.227319478988647461e+00
-1.617748975753784180e+00,-1.178176879882812500e+00
-1.003879547119140625e+00,-5.644313693046569824e-01
1.292899012565612793e+00,1.412288904190063477e+00
1.134989619255065918e+00,1.265515089035034180e+00
1.965921163558959961e+00,6.880421042442321777e-01
1.049405813217163086e+00,1.007838487625122070e+00
8.592940568923950195e-01,1.106301546096801758e+00
-8.283514976501464844e-01,-8.446746468544006348e-01
4.794874489307403564e-01,1.373953938484191895e+00
-7.854080796241760254e-01,-2.685360610485076904e-01
9.625508785247802734e-01,1.703405022621154785e+00
-1.051403880119323730e+00,-1.130239725112915039e+00
1.000705242156982422e+00,1.260830879211425781e+00
8.655362725257873535e-01,1.253527045249938965e+00
1.202115416526794434e+00,6.507930755615234375e-01
1.434853672981262207e+00,7.927564978599548340e-01
1.130200743675231934e+00,1.276551127433776855e+00
1.378256559371948242e+00,9.531244635581970215e-01
1.132235527038574219e+00,1.429771780967712402e+00
-8.191331028938293457e-01,-1.132572293281555176e+00
1.064768671989440918e+00,1.453402996063232422e+00
1.273604035377502441e+00,8.328152298927307129e-01
1.381481885910034180e+00,1.103870272636413574e+00
1.247323632240295410e+00,4.315976202487945557e-01
1.274884223937988281e+00,1.187986016273498535e+00
1.050222039222717285e+00,1.379491448402404785e+00
-8.926070332527160645e-01,-7.728042006492614746e-01
-1.127859592437744141e+00,-9.920693635940551758e-01
9.953642487525939941e-01,8.445134162902832031e-01
-6.885010004043579102e-01,-7.869790196418762207e-01
1.147573947906494141e+00,8.491930365562438965e-01
1.449643492698669434e+00,1.143339395523071289e+00
-8.591259717941284180e-01,-6.854240298271179199e-01
-9.213974475860595703e-01,-1.254146814346313477e+00
6.272679567337036133e-01,1.157541513442993164e+00
-1.106911301612854004e+00,-1.137063145637512207e+00
-9.483762979507446289e-01,-1.725878119468688965e+00
-1.035087585449218750e+00,-8.719580173492431641e-01
1.033884763717651367e+00,1.788807392120361328e+00
-1.249562501907348633e+00,-1.420662879943847656e+00
1.095647811889648438e+00,9.463129639625549316e-01
1.481738924980163574e+00,1.164969563484191895e+00
-1.404501795768737793e+00,-1.318080902099609375e+00
1.700932860374450684e+00,1.074551463127136230e+00
9.592713713645935059e-01,1.136768698692321777e+00
-1.252640724182128906e+00,-1.537631630897521973e+00
1.051436781883239746e+00,1.493500113487243652e+00
1.057064414024353027e+00,1.558785796165466309e+00
8.088502883911132812e-01,1.613137722015380859e+00
-1.126036763191223145e+00,-1.456515550613403320e+00
-8.887471556663513184e-01,-5.513755083084106445e-01
-6.073379516601562500e-01,-1.455081701278686523e+00
-1.336455583572387695e+00,-8.464407324790954590e-01
-1.517617464065551758e+00,-8.474193811416625977e-01
1.695538759231567383e+00,9.154152870178222656e-01
1.218400955200195312e+00,1.130968689918518066e+00
-6.788447499275207520e-01,-1.502272367477416992e+00
-1.181123852729797363e+00,-9.698663949966430664e-01
-7.403694391250610352e-01,-6.758490204811096191e-01
-1.155754685401916504e+00,-8.079171180725097656e-01
1.612033128738403320e+00,1.204823970794677734e+00
-4.357123672962188721e-01,-1.777530550956726074e+00
-1.005806803703308105e+00,-1.311401963233947754e+00
1.456977009773254395e+00,1.092942595481872559e+00
-1.204519152641296387e+00,-1.231937050819396973e+00
-1.268932223320007324e+00,-1.325513362884521484e+00
1.711772084236145020e+00,9.359433650970458984e-01
1.462684035301208496e+00,1.090495705604553223e+00
-9.286555051803588867e-01,-1.047811865806579590e+00
-1.910342454910278320e+00,-8.318467140197753906e-01
-1.697782635688781738e+00,-6.237800717353820801e-01
2.395757883787155151e-01,1.631161093711853027e+00
-1.493657112121582031e+00,-9.814873337745666504e-01
1.040528178215026855e+00,1.073997974395751953e+00
-6.511338949203491211e-01,-9.756006598472595215e-01
1.610315203666687012e+00,8.665184378623962402e-01
1.158922433853149414e+00,1.547173023223876953e+00
8.982213139533996582e-01,1.119118690490722656e+00
1.324943780899047852e+00,9.867635965347290039e-01
-1.184266328811645508e+00,-1.038428306579589844e+00
1.604794502258300781e+00,1.763108611106872559e+00
-1.598844170570373535e+00,-2.056308269500732422e+00
-1.013749241828918457e+00,-1.156023025512695312e+00
-8.175691962242126465e-01,-1.221087336540222168e+00
1.180034399032592773e+00,1.089869499206542969e+00
-7.656889557838439941e-01,-1.199897170066833496e+00
-1.085155725479125977e+00,-1.051332354545593262e+00
-1.748224258422851562e+00,-9.251624941825866699e-01
-1.288241028785705566e+00,-1.048589587211608887e+00
-7.942931056022644043e-01,-8.375377655029296875e-01
-9.922469258308410645e-01,-1.284496426582336426e+00
1.419888734817504883e+00,7.144308090209960938e-01
1.625526905059814453e+00,7.837041616439819336e-01
-1.226384997367858887e+00,-1.127814173698425293e+00
-1.003321290016174316e+00,-9.997492432594299316e-01
1.341220259666442871e+00,1.356396913528442383e+00
-1.256106138229370117e+00,-8.817637562751770020e-01
-1.157485723495483398e+00,-1.253404736518859863e+00
1.309939980506896973e+00,1.119445800781250000e+00
1.178502798080444336e+00,9.741917848587036133e-01
-1.058290719985961914e+00,-8.738131523132324219e-01
-7.886098027229309082e-01,-1.126787900924682617e+00
-1.338003993034362793e+00,-1.065424799919128418e+00
6.501932144165039062e-01,8.803686499595642090e-01
7.920372486114501953e-01,8.933137655258178711e-01
1.182640910148620605e+00,5.099444985389709473e-01
-1.174506783485412598e+00,-4.357286393642425537e-01
1.603864729404449463e-01,1.652239084243774414e+00
-1.011406540870666504e+00,-9.541299343109130859e-01
1.063887715339660645e+00,1.117256402969360352e+00
-8.894703984260559082e-01,-1.247598409652709961e+00
-5.716763138771057129e-01,-7.871387600898742676e-01
7.924396991729736328e-01,1.250800371170043945e+00
-6.439152956008911133e-01,-1.414258718490600586e+00
1.709573388099670410e+00,1.801812052726745605e+00
-8.372874259948730469e-01,-9.214484691619873047e-01
9.559635519981384277e-01,1.155488967895507812e+00
1.402083158493041992e+00,6.857737302780151367e-01
1.321213603019714355e+00,9.678827524185180664e-01
1.242728114128112793e+00,1.049575090408325195e+00
-1.443343639373779297e+00,-8.733946084976196289e-01
2.166469812393188477e+00,1.225320219993591309e+00
9.390777349472045898e-01,1.534383535385131836e+00
-8.938213586807250977e-01,-1.207973480224609375e+00
-1.153440952301025391e+00,-1.275252819061279297e+00
-1.542622327804565430e+00,-5.715211033821105957e-01
8.341934084892272949e-01,1.040561914443969727e+00
-1.152694344520568848e+00,-1.138175725936889648e+00
-4.534478187561035156e-01,-1.665654897689819336e+00
1.033345818519592285e+00,9.937427043914794922e-01
1.038973093032836914e+00,1.009064316749572754e+00
1.183977127075195312e+00,1.064520120620727539e+00
1.129691481590270996e+00,1.464705586433410645e+00
-1.378690004348754883e+00,-1.050049901008605957e+00
-1.722588539123535156e+00,-1.461803197860717773e+00
-1.367175102233886719e+00,-1.170033812522888184e+00
8.696998357772827148e-01,1.112530231475830078e+00
-1.403706073760986328e+00,-1.601272463798522949e+00
1.161765813827514648e+00,6.682304739952087402e-01
8.858898282051086426e-01,1.364528894424438477e+00
1.376266360282897949e+00,1.446471691131591797e+00
7.647531032562255859e-01,8.887010812759399414e-01
7.113505005836486816e-01,1.318324923515319824e+00
1.069019675254821777e+00,7.844324111938476562e-01
-3.752630352973937988e-01,-3.763179183006286621e-01
1.112243890762329102e+00,9.792044162750244141e-01
-8.280499577522277832e-01,-1.305485010147094727e+00
1.018226861953735352e+00,1.016975998878479004e+00
-1.564371943473815918e+00,-1.325697898864746094e+00
-1.762286305427551270e+00,-1.007300853729248047e+00
-1.174338459968566895e+00,-1.417636036872863770e+00
1.386921405792236328e+00,1.199946999549865723e+00
1.215735793113708496e+00,9.299523234367370605e-01
-1.279836773872375488e+00,-9.674978852272033691e-01
-1.131428956985473633e+00,-1.227940797805786133e+00
-1.614642143249511719e+00,-1.024250030517578125e+00
1.340707659721374512e+00,1.020145177841186523e+00
-1.017034411430358887e+00,-8.019599914550781250e-01
1.275311470031738281e+00,1.173858642578125000e+00
1.382191658020019531e+00,1.192280769348144531e+00
1.330156683921813965e+00,7.913722395896911621e-01
1.177061080932617188e+00,1.014598488807678223e+00
-9.378351569175720215e-01,-1.004435420036315918e+00
-5.481876134872436523e-01,-1.006718754768371582e+00
-1.368343591690063477e+00,-9.490077495574951172e-01
-8.840832114219665527e-01,-1.009144186973571777e+00
1.284951925277709961e+00,7.888752818107604980e-01
1.331410765647888184e+00,8.327011466026306152e-01
-9.704163074493408203e-01,-1.134436488151550293e+00
-1.201014518737792969e+00,-1.007525563240051270e+00
-1.012402057647705078e+00,-9.558886885643005371e-01
-1.322196245193481445e+00,-1.137715339660644531e+00
-1.538911581039428711e+00,-8.566473126411437988e-01
7.345310449600219727e-01,6.347692608833312988e-01
-7.008290886878967285e-01,-1.599703073501586914e+00
-9.074576497077941895e-01,-9.486405849456787109e-01
-1.384717464447021484e+00,-5.389091372489929199e-01
-7.719525694847106934e-01,-1.036169648170471191e+00
1.406989812850952148e+00,7.884733676910400391e-01
-1.028282046318054199e+00,-1.103323578834533691e+00
1.221251726150512695e+00,1.221997022628784180e+00
-1.061266541481018066e+00,-1.270268321037292480e+00
-1.452929377555847168e+00,-7.220786213874816895e-01
-1.449218869209289551e+00,-1.067031979560852051e+00
-5.547384023666381836e-01,-7.565222978591918945e-01
1.192278385162353516e+00,1.279557585716247559e+00
-7.695476412773132324e-01,-1.745088458061218262e+00
1.154123187065124512e+00,1.138830542564392090e+00
-7.269788980484008789e-01,-1.925072908401489258e+00
1.232396125793457031e+00,1.136604428291320801e+00
9.538826942443847656e-01,7.762076854705810547e-01
-1.609369158744812012e+00,-1.187311410903930664e+00
1.385941743850708008e+00,6.965571641921997070e-01
5.871363282203674316e-01,1.516765117645263672e+00
1.188015818595886230e+00,9.755700826644897461e-01
1.328573703765869141e+00,1.414873242378234863e+00
1.482154011726379395e+00,9.511392712593078613e-01
-5.861921310424804688e-01,-9.170805215835571289e-01
-1.036533713340759277e+00,-1.117699861526489258e+00
1.402943015098571777e+00,7.377281188964843750e-01
-1.047354698181152344e+00,-8.157774209976196289e-01
-1.321516931056976318e-01,1.433147192001342773e-01
-1.288997888565063477e+00,-1.504183769226074219e+00
-1.182275414466857910e+00,-1.050969362258911133e+00
-1.577891230583190918e+00,-1.220584154129028320e+00
1.381967425346374512e+00,5.832990407943725586e-01
3.827085793018341064e-01,1.488777518272399902e+00
1.229879975318908691e+00,1.247669816017150879e+00
1.324659347534179688e+00,9.785264134407043457e-01
7.335256934165954590e-01,1.435879945755004883e+00
1.338852167129516602e+00,1.305173993110656738e+00
1.069277405738830566e+00,6.911922097206115723e-01
-1.677112698554992676e+00,-1.496399760246276855e+00
9.170176386833190918e-01,9.935522675514221191e-01
-1.136188983917236328e+00,-1.019799590110778809e+00
-1.354978203773498535e+00,-1.431580066680908203e+00
1.099352598190307617e+00,1.112135887145996094e+00
-7.859246730804443359e-01,-1.086091876029968262e+00
-1.181409716606140137e+00,-9.467601180076599121e-01
-1.147131323814392090e+00,-9.909207820892333984e-01
1.122365593910217285e+00,7.828941941261291504e-01
-1.152136921882629395e+00,-1.137398242950439453e+00
-8.872637152671813965e-01,-1.189995527267456055e+00
-1.057036399841308594e+00,-8.565362691879272461e-01
-9.828786849975585938e-01,-1.162188053131103516e+00
1.077666163444519043e+00,1.135614991188049316e+00
-8.789334893226623535e-01,-1.029232025146484375e+00
6.824035644531250000e-01,1.479745149612426758e+00
9.985905885696411133e-01,8.708404898643493652e-01
8.751915693283081055e-01,7.301437854766845703e-01
6.112244129180908203e-01,1.084388732910156250e+00
-1.437144160270690918e+00,-1.304480910301208496e+00
-1.612014412879943848e+00,-1.196911573410034180e+00
1.157486319541931152e+00,8.584792613983154297e-01
-1.778555870056152344e+00,-1.543647170066833496e+00
-8.213089704513549805e-01,-1.166757822036743164e+00
1.154649615287780762e+00,1.449563145637512207e+00
-3.424872756004333496e-01,-1.284934520721435547e+00
-8.216759562492370605e-01,-1.081093907356262207e+00
-9.356731772422790527e-01,-9.764703512191772461e-01
1.280384778976440430e+00,1.007153511047363281e+00
-8.847392797470092773e-01,-1.006032705307006836e+00
-1.693612456321716309e+00,-8.803409934043884277e-01
3.622189760208129883e-01,1.475316882133483887e+00
-6.786544919013977051e-01,-6.234492063522338867e-01
1.166865944862365723e+00,7.543399930000305176e-01
1.149030566215515137e+00,8.102536201477050781e-01
-9.270113706588745117e-01,-1.092624783515930176e+00
-2.135774374008178711e+00,-1.163571596145629883e+00
1.142603039741516113e+00,8.378067612648010254e-01
9.571878910064697266e-01,1.879816889762878418e+00
-7.043887972831726074e-01,-1.294424176216125488e+00
-6.633440852165222168e-01,-1.790251612663269043e+00
-1.308964014053344727e+00,-9.759500622749328613e-01
7.074043154716491699e-01,1.347196578979492188e+00
-1.101058721542358398e+00,-8.130845427513122559e-01
-9.271395206451416016e-01,-9.003401398658752441e-01
-1.018498301506042480e+00,-1.127173423767089844e+00
1.224632382392883301e+00,1.334620714187622070e+00
-7.569695115089416504e-01,-7.142736315727233887e-01
-1.229375243186950684e+00,-7.161903977394104004e-01
1.011046409606933594e+00,1.497343540191650391e+00
1.144591927528381348e+00,9.100360274314880371e-01
1.220211863517761230e+00,1.002131581306457520e+00
-1.289058446884155273e+00,-9.282317757606506348e-01
-1.111842155456542969e+00,-1.231476426124572754e+00
-1.255188226699829102e+00,-8.725100755691528320e-01
1.120662093162536621e+00,1.183847904205322266e+00
-1.370372056961059570e+00,-1.435148000717163086e+00
-1.164818882942199707e+00,-1.115080714225769043e+00
-8.492273688316345215e-01,-1.041783332824707031e+00
7.768085002899169922e-01,1.175329685211181641e+00
-1.128910303115844727e+00,-1.014066815376281738e+00
-1.046493649482727051e+00,-9.035444855690002441e-01
9.851848483085632324e-01,1.766302466392517090e+00
-9.945051074028015137e-01,-1.115871429443359375e+00
-1.218542337417602539e+00,-8.231825232505798340e-01
9.841826558113098145e-01,1.020675897598266602e+00
-1.123936295509338379e+00,-1.388953804969787598e+00
9.345784783363342285e-01,9.885444641113281250e-01
1.173763632774353027e+00,1.237896084785461426e+00
9.118597507476806641e-01,1.590155720710754395e+00
-1.059311747550964355e+00,-1.940651535987854004e+00
-1.290153264999389648e+00,-1.009824872016906738e+00
1.255089640617370605e+00,3.507410883903503418e-01
1.278860330581665039e+00,1.078424096107482910e+00
1.106218576431274414e+00,9.966052770614624023e-01
1.524812936782836914e+00,1.344648480415344238e+00
1.174724936485290527e+00,1.310069799423217773e+00
2.123282194137573242e+00,8.964043855667114258e-01
-1.064144253730773926e+00,-6.867306828498840332e-01
-5.555071830749511719e-01,-1.159040689468383789e+00
1.022222399711608887e+00,1.205686330795288086e+00
-5.048488378524780273e-01,-1.174839138984680176e+00
1.271833419799804688e+00,9.065672159194946289e-01
9.235850572586059570e-01,1.239906668663024902e+00
2.274251699447631836e+00,7.466880083084106445e-01
-9.148768782615661621e-01,-1.383350133895874023e+00
1.140912652015686035e+00,7.105993032455444336e-01
1.038516044616699219e+00,7.335218787193298340e-01
-1.086217403411865234e+00,-1.155107378959655762e+00
-1.445534944534301758e+00,-1.647710561752319336e+00
-8.342936635017395020e-01,-1.258310794830322266e+00
-1.055774211883544922e+00,-7.622881531715393066e-01
8.200277090072631836e-01,5.237023234367370605e-01
-9.358341097831726074e-01,-1.288325309753417969e+00
1.228671073913574219e+00,1.064650416374206543e+00
1.355718493461608887e+00,8.647637367248535156e-01
-6.178683638572692871e-01,-7.916217446327209473e-01
-9.403260946273803711e-01,-8.595176935195922852e-01
-9.022313356399536133e-01,-1.255634188652038574e+00
-9.315930604934692383e-01,-1.026560544967651367e+00
1.296050071716308594e+00,7.087559700012207031e-01
-1.135163068771362305e+00,-9.181569814682006836e-01
9.401812553405761719e-01,1.325780153274536133e+00
1.295717358589172363e+00,1.031790375709533691e+00
1.043859362602233887e+00,9.820463061332702637e-01
-1.058756828308105469e+00,-1.354627251625061035e+00
-5.034494996070861816e-01,-1.143539428710937500e+00
-2.223625630140304565e-01,-1.957318067550659180e+00
-8.615076541900634766e-01,-9.651038646697998047e-01
9.753907918930053711e-01,1.422647953033447266e+00
1.185708045959472656e+00,6.512618660926818848e-01
1.268456339836120605e+00,9.755936264991760254e-01
-1.063534140586853027e+00,-7.288928031921386719e-01
1.515602588653564453e+00,1.097731590270996094e+00
-1.037561535835266113e+00,-7.288171052932739258e-01
-1.294210791587829590e+00,-5.820906758308410645e-01
-1.037058115005493164e+00,-1.334792613983154297e+00
-1.350128054618835449e+00,-1.171842217445373535e+00
9.447119235992431641e-01,1.570685982704162598e+00
1.740196943283081055e+00,1.358186841011047363e+00
7.113573551177978516e-01,2.241378784179687500e+00
-1.378677248954772949e+00,-5.419264435768127441e-01
1.694954514503479004e+00,5.134326815605163574e-01
-1.232164859771728516e+00,-1.201458454132080078e+00
8.593171834945678711e-01,1.215813517570495605e+00
-1.607059955596923828e+00,-1.187412142753601074e+00
1.083231806755065918e+00,9.905397891998291016e-01
1.290118098258972168e+00,1.358212828636169434e+00
6.405273675918579102e-01,1.521595120429992676e+00
1.258992552757263184e+00,5.305323004722595215e-01
1.264733433723449707e+00,1.474710583686828613e+00
1.182424306869506836e+00,9.323128461837768555e-01
1.305773496627807617e+00,1.006245136260986328e+00
1.630228638648986816e+00,1.355710029602050781e+00
8.900313377380371094e-01,1.319801688194274902e+00
8.780617713928222656e-01,5.933803319931030273e-01
7.439425587654113770e-01,9.414551258087158203e-01
1.285349726676940918e+00,1.306887269020080566e+00
-8.614044785499572754e-01,-8.552891016006469727e-01
-1.544533610343933105e+00,-8.966773152351379395e-01
1.167355179786682129e+00,1.495597124099731445e+00
-1.167373538017272949e+00,-8.247215151786804199e-01
-6.723185181617736816e-01,-1.323315262794494629e+00
1.217679619789123535e+00,9.340816736221313477e-01
-1.231063723564147949e+00,-1.055810570716857910e+00
-1.091510415077209473e+00,-1.339151740074157715e+00
-7.383506894111633301e-01,-1.719991207122802734e+00
1.579558014869689941e+00,3.181793391704559326e-01
-8.386572003364562988e-01,-1.474291324615478516e+00
-7.748727798461914062e-01,-8.488226532936096191e-01
-1.274064183235168457e+00,-1.267954826354980469e+00
9.301445484161376953e-01,5.840557813644409180e-01
1.192630052566528320e+00,1.134616613388061523e+00
-1.289939641952514648e+00,-1.107070326805114746e+00
4.175166487693786621e-01,1.102681398391723633e+00
-9.554097652435302734e-01,-1.303995251655578613e+00
-1.120600461959838867e+00,-1.165912151336669922e+00
1.112077236175537109e+00,7.576777935028076172e-01
-1.170112252235412598e+00,-1.141688942909240723e+00
-1.558972597122192383e+00,-7.307111620903015137e-01
1.203807234764099121e+00,7.482433319091796875e-01
-1.187223911285400391e+00,-5.922507643699645996e-01
-1.154091835021972656e+00,-1.572728037834167480e+00
1.114913821220397949e+00,1.603608727455139160e+00
1.413614749908447266e+00,9.942041039466857910e-01
1.053568124771118164e+00,1.258480310440063477e+00
-1.351426005363464355e+00,-1.693721175193786621e+00
1.307587981224060059e+00,1.112806558609008789e+00
-1.327287077903747559e+00,-1.084333062171936035e+00
-1.081799268722534180e+00,-1.460352063179016113e+00
1.516417026519775391e+00,1.501540541648864746e+00
9.806923270225524902e-01,1.188457012176513672e+00
8.061440587043762207e-01,9.711744785308837891e-01
-1.505419850349426270e+00,-1.165921330451965332e+00
1.272293090820312500e+00,1.470344901084899902e+00
1.292089581489562988e+00,8.247373700141906738e-01
-7.740184068679809570e-01,-1.066542983055114746e+00
1.667281150817871094e+00,5.021007657051086426e-01
-1.080204606056213379e+00,-8.325397372245788574e-01
-8.893687725067138672e-01,-1.008776903152465820e+00
9.905777573585510254e-01,8.956556916236877441e-01
1.764733910560607910e+00,1.406498432159423828e+00
-1.439112782478332520e+00,-1.125832676887512207e+00
1.462882518768310547e+00,5.834156870841979980e-01
-1.100673556327819824e+00,-1.436200737953186035e+00
1.290918707847595215e+00,1.114965915679931641e+00
-9.784768819808959961e-01,-7.430952787399291992e-01
5.227566361427307129e-01,1.357606053352355957e+00
-5.944868326187133789e-01,-1.829180240631103516e+00
-1.513766407966613770e+00,-1.458825588226318359e+00
-8.857015371322631836e-01,-1.303237199783325195e+00
-5.027368664741516113e-01,-7.734847664833068848e-01
-1.026670455932617188e+00,-6.777290701866149902e-01
1.037891983985900879e+00,8.157724142074584961e-01
8.867291212081909180e-01,1.610041737556457520e+00
7.538013458251953125e-01,1.627737045288085938e+00
4.411736130714416504e-01,1.483958721160888672e+00
8.027508258819580078e-01,1.439911723136901855e+00
1.056445360183715820e+00,8.047459721565246582e-01
8.861696124076843262e-01,1.661983728408813477e+00
-4.474299959838390350e-03,-1.009311303496360779e-01
-1.395908117294311523e+00,-1.533863782882690430e+00
-1.217686057090759277e+00,-8.083590865135192871e-01
-1.521434545516967773e+00,-9.869505763053894043e-01
-1.120340347290039062e+00,-1.352196693420410156e+00
-1.350291490554809570e+00,-1.199471116065979004e+00
1.723477602005004883e+00,1.602988123893737793e+00
-1.088192582130432129e+00,-1.580917239189147949e+00
-1.317534446716308594e+00,-1.046680808067321777e+00
-6.514284610748291016e-01,-1.095680356025695801e+00
-1.554525494575500488e+00,-9.095454812049865723e-01
1.050656199455261230e+00,1.432028889656066895e+00
-1.226634860038757324e+00,-5.912790894508361816e-01
-1.330291032791137695e+00,-1.289689779281616211e+00
9.143674969673156738e-01,7.698617577552795410e-01
9.783627986907958984e-01,1.193037390708923340e+00
-8.378727436065673828e-01,-1.400605320930480957e+00
1.529850959777832031e+00,9.411678314208984375e-01
1.179560542106628418e+00,9.602507948875427246e-01
1.084560036659240723e+00,1.132926225662231445e+00
1.248117208480834961e+00,1.446745038032531738e+00
1.575372934341430664e+00,7.265794277191162109e-01
-1.159406185150146484e+00,-4.554084539413452148e-01
9.464749693870544434e-01,9.399410486221313477e-01
1.155042886734008789e+00,1.481578230857849121e+00
-1.075308918952941895e+00,-1.251050829887390137e+00
-6.700802445411682129e-01,-1.561272740364074707e+00
-1.075558900833129883e+00,-6.968390345573425293e-01
-1.143258690834045410e+00,-8.623457551002502441e-01
-1.040542244911193848e+00,-1.463011741638183594e+00
1.701756954193115234e+00,1.396364569664001465e+00
1.319180846214294434e+00,1.375220417976379395e+00
1.301238417625427246e+00,1.324318051338195801e+00
-1.299222230911254883e+00,-1.642494678497314453e+00
9.312252402305603027e-01,1.137264251708984375e+00
-9.663997292518615723e-01,-1.024392604827880859e+00
-1.382387638092041016e+00,-1.486332535743713379e+00
-1.806291341781616211e-01,-1.694358825683593750e+00
-1.560471057891845703e+00,-1.290642023086547852e+00
1.421207904815673828e+00,1.210767149925231934e+00
-1.018742442131042480e+00,-7.147066593170166016e-01
-1.154307723045349121e+00,-1.855293154716491699e+00
1.131182074546813965e+00,1.212411642074584961e+00
-1.057059526443481445e+00,-8.350963592529296875e-01
1.137079954147338867e+00,1.010972499847412109e+00
-9.152730107307434082e-01,-5.579798221588134766e-01
1.284473180770874023e+00,7.220014929771423340e-01
-1.439695000648498535e+00,-1.013438344001770020e+00
-9.191107749938964844e-01,-1.140817284584045410e+00
-1.265039563179016113e+00,-1.231840252876281738e+00
-9.354883432388305664e-01,-1.216838479042053223e+00
-5.220278501510620117e-01,-1.133802294731140137e+00
1.340228557586669922e+00,1.292664289474487305e+00
1.173976778984069824e+00,1.337648391723632812e+00
1.375723361968994141e+00,1.184287190437316895e+00
1.043437719345092773e+00,9.785282611846923828e-01
-1.152243494987487793e+00,-1.424804210662841797e+00
-9.486040472984313965e-01,-1.160209894180297852e+00
1.497231483459472656e+00,1.306722402572631836e+00
-6.354478597640991211e-01,-1.513820648193359375e+00
-1.044014453887939453e+00,-9.260071516036987305e-01
-8.745035529136657715e-01,-9.427040219306945801e-01
-1.566704034805297852e+00,-1.250230550765991211e+00
-5.562524497509002686e-02,-6.451824903488159180e-01
-1.377290248870849609e+00,-1.469979763031005859e+00
-1.195859313011169434e+00,-1.377929687500000000e+00
9.020454883575439453e-01,1.731034994125366211e+00
-1.399281144142150879e+00,-8.665643334388732910e-01
8.295449614524841309e-01,1.030575990676879883e+00
1.014880418777465820e+00,9.776512384414672852e-01
-1.719529628753662109e+00,-1.049232006072998047e+00
-9.532075524330139160e-01,-1.213111519813537598e+00
-1.074870347976684570e+00,-1.190110564231872559e+00
1.268229007720947266e+00,1.300193548202514648e+00
1.371493816375732422e+00,1.437424063682556152e+00
-7.692209482192993164e-01,-1.153078079223632812e+00
-1.132658362388610840e+00,-1.195367932319641113e+00
-1.080694913864135742e+00,-1.037018775939941406e+00
-4.929328560829162598e-01,-1.040063858032226562e+00
-7.170071601867675781e-01,-7.162411808967590332e-01
1.027984142303466797e+00,1.073413252830505371e+00
-1.330787062644958496e+00,-4.761358201503753662e-01
1.615797758102416992e+00,1.091830492019653320e+00
-9.531223177909851074e-01,-1.057166337966918945e+00
8.026511073112487793e-01,1.399185895919799805e+00
9.638391137123107910e-01,9.797613620758056641e-01
1.194458365440368652e+00,1.126629590988159180e+00
-1.107844233512878418e+00,-9.238213896751403809e-01
-1.135073065757751465e+00,-9.169968366622924805e-01
-1.032944440841674805e+00,-1.335728883743286133e+00
1.224175572395324707e+00,1.087902069091796875e+00
1.070136904716491699e+00,1.308576226234436035e+00
1.788745522499084473e+00,1.121267795562744141e+00
1.065798640251159668e+00,1.072255849838256836e+00
1.325143098831176758e+00,8.518382906913757324e-01
-1.365512847900390625e+00,-6.988435983657836914e-01
8.483451604843139648e-01,1.126700997352600098e+00
5.300109386444091797e-01,7.950652241706848145e-01
9.319205284118652344e-01,1.515053749084472656e+00
-1.054608941078186035e+00,-8.635572791099548340e-01
-2.062572002410888672e+00,-7.499068975448608398e-01
1.350709080696105957e+00,7.990394234657287598e-01
1.250961899757385254e+00,7.958748340606689453e-01
-9.768296480178833008e-01,-1.642952799797058105e+00
8.581802248954772949e-01,1.295521020889282227e+00
1.192569851875305176e+00,1.337332129478454590e+00
-8.610696196556091309e-01,-4.962218403816223145e-01
1.020222306251525879e+00,1.071211695671081543e+00
-1.468716621398925781e+00,-1.311953902244567871e+00
-4.663154780864715576e-01,-2.007285594940185547e+00
-9.852487444877624512e-01,-1.004327654838562012e+00
1.113498210906982422e+00,1.220615863800048828e+00
1.582288265228271484e+00,7.909750938415527344e-01
1.501165866851806641e+00,1.065176248550415039e+00
1.436174631118774414e+00,1.372496247291564941e+00
2.909928858280181885e-01,1.382777333259582520e+00
9.914629459381103516e-01,1.094080924987792969e+00
1.298887014389038086e+00,8.825319409370422363e-01
5.641525387763977051e-01,8.227669596672058105e-01
1.788192629814147949e+00,1.060105204582214355e+00
-1.535563111305236816e+00,-1.161965847015380859e+00
1.053856015205383301e+00,1.159500479698181152e+00
8.271521329879760742e-01,9.222838282585144043e-01
1.220136761665344238e+00,1.310734868049621582e+00
1.103518009185791016e+00,1.289456486701965332e+00
1.156530022621154785e+00,7.356995344161987305e-01
-2.123718976974487305e+00,-3.457969129085540771e-01
-9.717882871627807617e-01,-9.034790992736816406e-01
1.070612192153930664e+00,1.045756459236145020e+00
-1.169497251510620117e+00,-8.361368179321289062e-01
-8.792473673820495605e-01,-9.620553255081176758e-01
-1.532569974660873413e-01,-4.127694666385650635e-01
9.612962007522583008e-01,1.283775210380554199e+00
1.261098742485046387e+00,1.191231250762939453e+00
-1.380820989608764648e+00,-1.016205906867980957e+00
-1.341787099838256836e+00,-1.136187314987182617e+00
1.028184294700622559e+00,1.297619819641113281e+00
1.300859093666076660e+00,1.228095889091491699e+00
-5.460994243621826172e-01,-1.865798115730285645e+00
1.311586141586303711e+00,8.759056329727172852e-01
9.951137304306030273e-01,8.675549030303955078e-01
