-4.892794489860534668e-01,-1.059560179710388184e-01
1.149227693676948547e-01,-3.210332989692687988e-01
-1.234834715723991394e-01,-7.223498821258544922e-01
1.803835868835449219e+00,2.158597946166992188e+00
-5.615923404693603516e-01,-1.642190217971801758e+00
1.008175253868103027e+00,2.317156493663787842e-01
-2.831707477569580078e+00,-2.971137523651123047e+00
-2.202839374542236328e+00,-1.062067866325378418e+00
-2.119051933288574219e+00,-1.433918952941894531e+00
-1.265733003616333008e+00,-1.705243945121765137e+00
-1.977518081665039062e+00,-1.457044839859008789e+00
2.185008287429809570e+00,1.569213390350341797e+00
-7.860616445541381836e-01,-3.562443852424621582e-01
-7.864018678665161133e-01,-1.588983178138732910e+00
-9.028277397155761719e-01,-8.847264051437377930e-01
9.405457377433776855e-01,1.147151589393615723e+00
-2.242777347564697266e+00,-1.164074301719665527e+00
9.496601819992065430e-01,1.074750304222106934e+00
-9.055637717247009277e-01,-1.172540545463562012e+00
1.145263195037841797e+00,1.509083509445190430e+00
-2.806383967399597168e-01,6.904319524765014648e-01
-9.341275691986083984e-01,-9.722828269004821777e-01
-1.859677791595458984e+00,-2.022087812423706055e+00
5.518580675125122070e-01,-2.796565294265747070e-01
-1.716385126113891602e+00,-1.801512718200683594e+00
-1.379323601722717285e+00,-2.805556774139404297e+00
-9.134397506713867188e-01,-6.854093670845031738e-01
-1.083734929561614990e-01,2.216197103261947632e-01
-1.014984026551246643e-01,2.279969304800033569e-01
9.275491237640380859e-01,1.451462984085083008e+00
2.126231193542480469e+00,1.348368763923645020e+00
-2.750699043273925781e+00,-2.882287979125976562e+00
2.107765078544616699e-01,6.751832962036132812e-01
-1.920145869255065918e+00,-1.673936367034912109e+00
-9.624140262603759766e-01,-1.512322187423706055e+00
-5.274193361401557922e-02,-1.102840781211853027e+00
2.316250324249267578e+00,2.264211654663085938e+00
2.196244746446609497e-01,-9.530030488967895508e-01
1.066806793212890625e+00,1.043483495712280273e+00
2.934184968471527100e-01,3.326862454414367676e-01
-2.234325170516967773e+00,-2.388410329818725586e+00
-1.811926662921905518e-01,6.074365973472595215e-01
-2.961811795830726624e-02,-1.992766857147216797e-01
-4.693921208381652832e-01,-9.597586989402770996e-01
1.326282501220703125e+00,9.190040826797485352e-01
-1.111487627029418945e+00,-4.953342676162719727e-01
-7.351754307746887207e-01,-1.138643503189086914e+00
3.261222243309020996e-01,-3.236761093139648438e-01
-2.309266090393066406e+00,-2.767501115798950195e+00
-5.162473022937774658e-02,1.116698503494262695e+00
8.609396815299987793e-01,5.616388916969299316e-01
-2.670314908027648926e-01,-3.351909518241882324e-01
-2.129577875137329102e+00,-2.052269697189331055e+00
-2.378025054931640625e+00,-2.113145828247070312e+00
-1.095731973648071289e+00,-9.900906682014465332e-01
-1.826933503150939941e+00,-1.719375252723693848e+00
-3.059337139129638672e-01,2.475460022687911987e-01
3.086296021938323975e-01,4.291774630546569824e-01
-1.488564729690551758e+00,-9.902329444885253906e-01
-1.179980397224426270e+00,-2.195538759231567383e+00
9.224908947944641113e-01,6.958128809928894043e-01
-7.900238633155822754e-01,-2.450663894414901733e-01
2.247166872024536133e+00,2.010908126831054688e+00
-2.763179242610931396e-01,8.143298625946044922e-01
-2.586066246032714844e+00,-2.869183301925659180e+00
-1.173533439636230469e+00,-9.408776164054870605e-01
1.545705914497375488e+00,1.620612740516662598e+00
2.037161827087402344e+00,1.774756431579589844e+00
-4.202717840671539307e-01,-7.712499499320983887e-01
1.001502126455307007e-01,2.959809303283691406e-01
2.105135440826416016e+00,1.481946706771850586e+00
-1.113408446311950684e+00,-1.611809253692626953e+00
-1.636804938316345215e-01,2.639147043228149414e-01
-2.082225322723388672e+00,-1.799466252326965332e+00
1.620516180992126465e+00,9.919286370277404785e-01
-1.469538450241088867e+00,-1.815391302108764648e+00
1.782928347587585449e+00,1.917099714279174805e+00
2.317070066928863525e-01,8.943126797676086426e-01
1.140331149101257324e+00,1.425114393234252930e+00
-4.577899277210235596e-01,1.482487469911575317e-01
-1.122207999229431152e+00,-1.608865857124328613e+00
-2.847847700119018555e+00,-2.229053974151611328e+00
-1.355972528457641602e+00,-2.057857990264892578e+00
-6.889780163764953613e-01,-1.382444620132446289e+00
-1.225797772407531738e+00,-1.244004368782043457e+00
-9.287760257720947266e-01,-1.066946983337402344e+00
2.136953592300415039e+00,1.651067137718200684e+00
1.389022111892700195e+00,7.582529783248901367e-01
-9.645757079124450684e-01,-1.113104224205017090e+00
-4.421128034591674805e-01,-4.052584469318389893e-01
-9.482803344726562500e-01,-9.837428927421569824e-01
4.978759586811065674e-01,1.795543283224105835e-01
2.884123563766479492e+00,2.747357368469238281e+00
1.077571511268615723e+00,1.962624549865722656e+00
-2.417847156524658203e+00,-1.624643683433532715e+00
2.000783681869506836e+00,2.109107732772827148e+00
1.159062147140502930e+00,1.833213210105895996e+00
-8.117800354957580566e-01,-9.750482439994812012e-01
-2.234082698822021484e+00,-2.426730632781982422e+00
-5.984714627265930176e-01,-7.002524137496948242e-01
1.171870708465576172e+00,4.911669492721557617e-01
3.115154504776000977e-01,-3.415444195270538330e-01
-5.657134056091308594e-01,-4.437232017517089844e-02
-2.514389455318450928e-01,-1.556327044963836670e-01
-1.732233285903930664e+00,-8.072471022605895996e-01
-5.305828452110290527e-01,-4.572509825229644775e-01
-2.290437459945678711e+00,-2.186419486999511719e+00
-9.004353880882263184e-01,-6.751189231872558594e-01
2.268116474151611328e+00,1.633792281150817871e+00
3.561660647392272949e-01,3.637339472770690918e-01
5.463172197341918945e-01,1.904650926589965820e-01
6.338875293731689453e-01,7.870107293128967285e-01
8.872876763343811035e-01,8.902583718299865723e-01
-4.747708737850189209e-01,8.371374011039733887e-02
-1.221790671348571777e+00,-9.307291507720947266e-01
9.355472326278686523e-01,2.721668720245361328e+00
-1.095919489860534668e+00,-1.210060596466064453e+00
-1.435184478759765625e+00,-1.119793415069580078e+00
-7.655360698699951172e-01,-1.241676136851310730e-01
2.094059944152832031e+00,2.336454629898071289e+00
8.519082665443420410e-01,2.738544046878814697e-01
-2.349083423614501953e+00,-1.006175875663757324e+00
1.239304900169372559e+00,2.635575771331787109e+00
-1.164831042289733887e+00,-1.028290152549743652e+00
1.852218508720397949e+00,2.780400216579437256e-01
1.180741310119628906e+00,9.061688184738159180e-01
1.301440715789794922e+00,9.552189111709594727e-01
-1.109437584877014160e+00,-9.738828539848327637e-01
-3.614307343959808350e-01,-3.729360997676849365e-01
-9.998584985733032227e-01,-1.770403504371643066e+00
6.880743056535720825e-02,1.060320258140563965e+00
1.114049315452575684e+00,1.422896623611450195e+00
-2.820505619049072266e+00,-2.281958818435668945e+00
9.861058592796325684e-01,1.187720417976379395e+00
2.380720138549804688e+00,2.835471153259277344e+00
-2.385093927383422852e+00,-1.868287086486816406e+00
3.408438712358474731e-02,-2.257359325885772705e-01
7.604455202817916870e-02,-1.604631096124649048e-01
1.598978400230407715e+00,1.777117609977722168e+00
-5.246686935424804688e-01,-1.082984924316406250e+00
-1.198725342750549316e+00,-1.615257501602172852e+00
1.668163061141967773e+00,1.193150520324707031e+00
-1.218916893005371094e+00,-1.712046742439270020e+00
1.054189443588256836e+00,1.015208363533020020e+00
2.484733104705810547e+00,2.345356464385986328e+00
6.204295754432678223e-01,-4.233381748199462891e-01
-6.595178842544555664e-01,7.141172885894775391e-01
1.678194291889667511e-02,3.444531261920928955e-01
2.604231238365173340e-01,-6.563600897789001465e-01
1.294522166252136230e+00,4.678700566291809082e-01
3.785731494426727295e-01,7.783339023590087891e-01
-1.381312847137451172e+00,-9.683175683021545410e-01
-1.267508864402770996e+00,2.467008493840694427e-02
-2.545904636383056641e+00,-2.852686882019042969e+00
-2.233699560165405273e+00,-1.435419440269470215e+00
-2.876347780227661133e+00,-1.994235992431640625e+00
1.626490831375122070e+00,1.096374511718750000e+00
3.930588364601135254e-01,8.249333500862121582e-01
4.970073103904724121e-01,8.262112736701965332e-01
6.698831915855407715e-01,-2.133378535509109497e-01
2.379525423049926758e+00,1.251208305358886719e+00
6.530604958534240723e-01,-1.136039614677429199e+00
-1.773703455924987793e+00,-8.904218077659606934e-01
3.542209267616271973e-01,2.498757988214492798e-01
1.287285804748535156e+00,2.415146350860595703e+00
1.457643747329711914e+00,8.719413876533508301e-01
2.218108654022216797e+00,1.485978603363037109e+00
-1.622346401214599609e+00,-9.822887778282165527e-01
8.433692455291748047e-01,2.678568959236145020e-01
-7.617637515068054199e-01,1.618997007608413696e-01
1.802783906459808350e-01,2.458000630140304565e-01
9.665107727050781250e-01,2.257972061634063721e-01
1.001658201217651367e+00,9.814522266387939453e-01
8.861170411109924316e-01,9.357993602752685547e-01
-6.068195700645446777e-01,-4.915371239185333252e-01
1.103220343589782715e+00,1.002472996711730957e+00
2.193461894989013672e+00,1.557954192161560059e+00
-9.983687996864318848e-01,-5.954813361167907715e-01
1.705235600471496582e+00,1.128227710723876953e+00
2.968956232070922852e+00,1.802016019821166992e+00
-1.356227695941925049e-01,-1.013312578201293945e+00
2.879222631454467773e+00,1.580450892448425293e+00
2.057567119598388672e+00,1.233785033226013184e+00
2.386877059936523438e+00,2.305197954177856445e+00
2.257918596267700195e+00,1.045314192771911621e+00
-1.498296737670898438e+00,-7.786730676889419556e-02
-1.684311509132385254e+00,-1.712872266769409180e+00
2.868365287780761719e+00,2.291037082672119141e+00
-2.576099634170532227e+00,-2.194775581359863281e+00
-6.870278716087341309e-01,-9.105175733566284180e-01
-3.910059630870819092e-01,-2.808431982994079590e-01
1.238459706306457520e+00,4.724357426166534424e-01
-1.959294080734252930e+00,-2.277345418930053711e+00
-2.110311508178710938e+00,-8.837221264839172363e-01
2.160326391458511353e-01,4.593374431133270264e-01
4.153065979480743408e-01,6.926271319389343262e-01
1.157773971557617188e+00,2.767170906066894531e+00
-1.055921792984008789e+00,-9.771168828010559082e-01
4.520898163318634033e-01,9.763125181198120117e-01
-3.440666496753692627e-01,-2.428754121065139771e-01
-1.137051701545715332e+00,-1.637465953826904297e+00
-4.108204841613769531e-01,7.272994518280029297e-02
-2.629165887832641602e+00,-1.748318910598754883e+00
1.921394348144531250e+00,1.052386641502380371e+00
1.611509919166564941e+00,2.508299827575683594e+00
-2.542002499103546143e-01,1.776213012635707855e-02
2.013345956802368164e+00,9.585087895393371582e-01
1.042456552386283875e-01,-1.537650823593139648e+00
-9.426751732826232910e-01,-1.141705870628356934e+00
1.531110405921936035e+00,8.082276582717895508e-01
3.917349576950073242e-01,-4.298785328865051270e-01
-2.239548414945602417e-01,-3.367790281772613525e-01
-1.478359460830688477e+00,-4.723003804683685303e-01
8.758201003074645996e-01,2.738473415374755859e-01
3.006578087806701660e-01,-2.058273404836654663e-01
-2.268576383590698242e+00,-1.354025125503540039e+00
7.342472076416015625e-01,2.026474714279174805e+00
2.058326303958892822e-01,2.856303155422210693e-01
3.786627352237701416e-01,4.616773724555969238e-01
8.516119122505187988e-01,6.842454075813293457e-01
2.933684349060058594e+00,2.361928701400756836e+00
-4.969180226325988770e-01,3.945312201976776123e-01
-1.268143177032470703e+00,-1.004647612571716309e+00
-3.503834903240203857e-01,-9.918072819709777832e-01
2.823121309280395508e+00,2.186247587203979492e+00
-1.143070578575134277e+00,-5.615663528442382812e-01
-2.345931053161621094e+00,-1.580217361450195312e+00
1.678388953208923340e+00,1.466748118400573730e+00
-1.048339605331420898e+00,-9.924624860286712646e-02
-3.875691592693328857e-01,-1.099655508995056152e+00
9.908076524734497070e-01,1.474031448364257812e+00
-1.617096781730651855e+00,-1.648884892463684082e+00
1.445929288864135742e+00,2.647975683212280273e-01
9.078299999237060547e-01,6.516409516334533691e-01
-1.406004190444946289e+00,-1.271850228309631348e+00
-8.699431419372558594e-01,2.850860059261322021e-01
9.006286412477493286e-02,-1.500704437494277954e-01
1.470339536666870117e+00,4.562246203422546387e-01
6.598236560821533203e-01,-1.156489253044128418e-01
2.995575964450836182e-01,6.601323485374450684e-01
-2.122144252061843872e-01,5.148467421531677246e-01
1.533517360687255859e+00,9.483309388160705566e-01
9.315421581268310547e-01,4.740602970123291016e-01
9.741972386837005615e-02,-1.010024454444646835e-02
2.651096343994140625e+00,1.345518946647644043e+00
1.662422776222229004e+00,2.004739046096801758e+00
-1.533481717109680176e+00,-9.792200326919555664e-01
-8.848347067832946777e-01,-2.864217460155487061e-01
-8.837884068489074707e-01,5.124854445457458496e-01
2.117837965488433838e-01,1.229959607124328613e+00
1.555705666542053223e+00,4.248437583446502686e-01
1.829842567443847656e+00,2.971549510955810547e+00
-2.299003124237060547e+00,-2.175883293151855469e+00
-2.142426490783691406e+00,-4.973860085010528564e-01
1.702058672904968262e+00,8.764149546623229980e-01
-1.600508809089660645e+00,1.592172235250473022e-01
-1.506672739982604980e+00,-1.253476738929748535e+00
6.237040758132934570e-01,1.317015767097473145e+00
2.127622127532958984e+00,1.241017341613769531e+00
-1.073920130729675293e+00,-1.769348621368408203e+00
3.897988498210906982e-01,1.623348444700241089e-01
-2.421475648880004883e+00,-2.910922288894653320e+00
2.372923851013183594e+00,1.869376420974731445e+00
2.077989339828491211e+00,9.057015180587768555e-01
4.570178687572479248e-01,1.387355208396911621e+00
1.045976877212524414e+00,9.114735722541809082e-01
1.098703861236572266e+00,1.666154384613037109e+00
2.164631128311157227e+00,1.493759393692016602e+00
-2.188193559646606445e+00,-1.678262829780578613e+00
-7.830077409744262695e-01,-3.464573919773101807e-01
9.496057629585266113e-01,3.606875836849212646e-01
-1.071697711944580078e+00,-9.372388720512390137e-01
-2.351042747497558594e+00,-2.394186735153198242e+00
-2.705192565917968750e-01,-6.362606287002563477e-01
1.790784835815429688e+00,1.865039467811584473e+00
-6.613217592239379883e-01,-1.126165866851806641e+00
-2.506317615509033203e+00,-1.334021568298339844e+00
-3.918322920799255371e-01,-5.815285444259643555e-01
-1.373919486999511719e+00,-1.398439288139343262e+00
1.865767121315002441e+00,1.923840403556823730e+00
-9.239912629127502441e-01,-1.192316770553588867e+00
-1.251388192176818848e+00,-1.144047617912292480e+00
1.220543742179870605e+00,1.793758392333984375e+00
-1.722218513488769531e+00,-2.304225206375122070e+00
8.351076245307922363e-01,2.768889963626861572e-01
-1.656842470169067383e+00,-1.276887536048889160e+00
-1.567107588052749634e-01,-4.477403759956359863e-01
4.238795340061187744e-01,-1.841095834970474243e-01
1.623588919639587402e+00,1.305976510047912598e+00
1.482955098152160645e+00,1.331526398658752441e+00
1.852415919303894043e+00,1.026236653327941895e+00
7.833713293075561523e-01,2.544108927249908447e-01
8.152382373809814453e-01,1.962836384773254395e-01
-1.539876937866210938e+00,-1.200543403625488281e+00
-1.062221765518188477e+00,-1.170081257820129395e+00
-1.584217548370361328e+00,-8.404910564422607422e-01
7.955274730920791626e-02,-2.366977185010910034e-01
-5.577473044395446777e-01,-9.442255496978759766e-01
9.814313054084777832e-01,7.988675236701965332e-01
-9.978395104408264160e-01,-8.299958705902099609e-01
-4.548603296279907227e-01,-3.549296855926513672e-01
-1.566887378692626953e+00,-1.046981096267700195e+00
6.949942111968994141e-01,5.557591915130615234e-01
8.776425123214721680e-01,1.932426810264587402e+00
9.112017154693603516e-01,7.054134011268615723e-01
3.412710726261138916e-01,1.672549843788146973e+00
1.513801217079162598e+00,4.808922708034515381e-01
-1.588940620422363281e+00,-9.589442014694213867e-01
2.084553241729736328e+00,1.800033092498779297e+00
1.034584879875183105e+00,1.201063394546508789e+00
2.209349870681762695e+00,2.837551593780517578e+00
2.177854061126708984e+00,1.372106075286865234e+00
4.784606993198394775e-01,1.860377311706542969e+00
1.761468052864074707e+00,1.804022431373596191e+00
2.348925352096557617e+00,1.624709963798522949e+00
2.377078771591186523e+00,1.502672076225280762e+00
5.426430702209472656e-01,5.865746736526489258e-01
-7.846102714538574219e-01,-1.496853351593017578e+00
1.577111244201660156e+00,2.214339256286621094e+00
-2.591234743595123291e-01,-5.600545927882194519e-02
-1.743375658988952637e+00,-1.364811420440673828e+00
-1.781216621398925781e+00,-2.380766391754150391e+00
3.569987118244171143e-01,1.418270707130432129e+00
2.659627497196197510e-01,2.408505827188491821e-01
-1.156444191932678223e+00,-2.198762893676757812e+00
-9.923052191734313965e-01,-1.816238522529602051e+00
2.414741277694702148e+00,2.473114490509033203e+00
1.359051346778869629e+00,-3.230656981468200684e-01
2.038938760757446289e+00,2.207798004150390625e+00
8.370790481567382812e-01,2.554223239421844482e-01
-1.409899830818176270e+00,-1.816013932228088379e+00
1.693626999855041504e+00,1.744087338447570801e+00
2.370535135269165039e+00,2.016674518585205078e+00
2.099858522415161133e-01,1.926680803298950195e+00
-7.776115536689758301e-01,-3.973461389541625977e-01
-2.182692289352416992e-01,2.669075429439544678e-01
2.972258567810058594e+00,1.575002074241638184e+00
-4.457639157772064209e-01,1.586599498987197876e-01
5.572509020566940308e-02,-9.077978879213333130e-02
-1.572470188140869141e+00,-2.153286218643188477e+00
-9.549871087074279785e-01,-8.157556653022766113e-01
2.036131620407104492e+00,1.667649626731872559e+00
1.410528898239135742e+00,1.638276338577270508e+00
1.984646916389465332e-01,-2.461549937725067139e-01
9.437984824180603027e-01,4.939862191677093506e-01
1.414275646209716797e+00,3.306303918361663818e-01
3.212775290012359619e-02,2.367214560508728027e-01
3.478640615940093994e-01,-3.039288222789764404e-01
5.662078261375427246e-01,1.089449524879455566e-01
-2.093935012817382812e+00,-2.022747516632080078e+00
-2.952345609664916992e+00,-2.956321239471435547e+00
-1.718926310539245605e+00,-1.208089709281921387e+00
1.270646929740905762e+00,9.775236248970031738e-01
-8.626089096069335938e-01,-2.943331599235534668e-01
1.350921630859375000e+00,4.740174114704132080e-01
-3.708834946155548096e-01,-9.362421631813049316e-01
2.368277072906494141e+00,1.716853141784667969e+00
3.446027040481567383e-01,-1.528161764144897461e-01
-8.002306818962097168e-01,-8.161301612854003906e-01
-1.634377360343933105e+00,-1.831247091293334961e+00
2.293393373489379883e+00,2.086456775665283203e+00
-1.102786183357238770e+00,-9.208930730819702148e-01
-9.679052233695983887e-01,-1.103563427925109863e+00
-6.417011618614196777e-01,-5.422179102897644043e-01
3.297159969806671143e-01,2.617405056953430176e-01
-1.235034823417663574e+00,-1.272401332855224609e+00
1.698829412460327148e+00,1.120174527168273926e+00
-5.082139968872070312e-01,-7.511191535741090775e-03
1.107287883758544922e+00,-8.007120341062545776e-03
-9.458770751953125000e-01,-1.029130220413208008e+00
1.837360262870788574e+00,1.523241639137268066e+00
2.144201755523681641e+00,1.329652428627014160e+00
1.756070375442504883e+00,8.961123228073120117e-01
1.464960694313049316e+00,1.706183910369873047e+00
-2.310028553009033203e+00,-1.950620770454406738e+00
1.625372409820556641e+00,8.716476559638977051e-01
-1.111462712287902832e+00,-1.671174645423889160e+00
-2.535080671310424805e+00,-2.093544483184814453e+00
-5.611062645912170410e-01,-1.101765394210815430e+00
1.263660430908203125e+00,8.767291307449340820e-01
-1.469583988189697266e+00,-1.249675512313842773e+00
-1.628023862838745117e+00,-1.762693405151367188e+00
-2.772886991500854492e+00,-2.969933271408081055e+00
-1.001993060111999512e+00,-9.788710474967956543e-01
1.489971280097961426e-01,-4.537422955036163330e-01
1.901720762252807617e+00,1.747207641601562500e+00
-1.939118027687072754e+00,-1.432459235191345215e+00
-2.814521074295043945e+00,-2.798497676849365234e+00
2.833125293254852295e-01,-9.763264060020446777e-01
-8.082152605056762695e-01,-6.474298983812332153e-02
1.729963302612304688e+00,2.376772642135620117e+00
-4.063204824924468994e-01,1.545022577047348022e-01
3.190074861049652100e-01,1.800186783075332642e-01
8.621274828910827637e-01,1.253824710845947266e+00
2.117710351943969727e+00,2.136627435684204102e+00
-3.891932070255279541e-01,-2.667890191078186035e-01
9.903671145439147949e-01,1.564684629440307617e+00
-7.708547711372375488e-01,2.189294993877410889e-02
1.225755363702774048e-02,3.363577425479888916e-01
7.917960286140441895e-01,1.756247580051422119e-01
-1.749934554100036621e+00,-1.192020177841186523e+00
7.245581746101379395e-01,6.402656435966491699e-01
1.602053284645080566e+00,1.045112609863281250e+00
-2.151380300521850586e+00,-2.398932933807373047e+00
2.523885369300842285e-01,4.575466811656951904e-01
2.064766407012939453e+00,1.067008495330810547e+00
-7.393813133239746094e-01,-7.631960511207580566e-01
-1.743939399719238281e+00,-1.788835525512695312e+00
1.035382032394409180e+00,2.069470405578613281e+00
9.386948943138122559e-01,6.906822323799133301e-01
-1.172278285026550293e+00,-6.918562650680541992e-01
-1.799821853637695312e+00,-1.420542597770690918e+00
2.351275920867919922e+00,2.738505840301513672e+00
1.163866639137268066e+00,1.382614493370056152e+00
4.005094468593597412e-01,2.232939600944519043e-01
-4.782297313213348389e-01,-7.365677356719970703e-01
9.894962310791015625e-01,1.742789268493652344e+00
-1.213531017303466797e+00,-1.574749052524566650e-01
-2.370961904525756836e+00,-2.229412317276000977e+00
2.180671453475952148e+00,1.514162421226501465e+00
2.765238285064697266e-01,4.158253073692321777e-01
1.374002575874328613e+00,1.720641970634460449e+00
5.705041289329528809e-01,5.950433015823364258e-01
-7.281637787818908691e-01,1.340994089841842651e-01
-9.867309927940368652e-01,-1.102195501327514648e+00
-1.906358838081359863e+00,-1.844019889831542969e+00
5.205425992608070374e-02,-1.859045147895812988e+00
2.763721942901611328e-01,-5.926886200904846191e-01
2.411074638366699219e+00,2.693739891052246094e+00
-2.099524259567260742e+00,-1.873843789100646973e+00
-2.444226264953613281e+00,-2.743855476379394531e+00
2.375617742538452148e+00,2.840160131454467773e+00
1.004781350493431091e-01,-2.578825317323207855e-02
-6.682016253471374512e-01,-5.361394286155700684e-01
-2.260228872299194336e+00,-1.557442069053649902e+00
-5.501360446214675903e-02,2.723778784275054932e-01
-1.357435345649719238e+00,-1.295515298843383789e+00
-2.218657970428466797e+00,-1.160444259643554688e+00
-2.601657807826995850e-01,-4.255644679069519043e-01
1.160268306732177734e+00,1.626020431518554688e+00
2.872589111328125000e+00,1.724910020828247070e+00
9.562987089157104492e-01,8.968748450279235840e-01
-1.887048125267028809e+00,-1.121953606605529785e+00
-7.657476514577865601e-02,9.319911003112792969e-01
-3.857131302356719971e-01,-5.070863962173461914e-01
3.825936615467071533e-01,2.457313239574432373e-01
-3.896531760692596436e-01,-2.781208157539367676e-01
-7.745751142501831055e-01,-8.073042631149291992e-01
3.987038135528564453e-01,-2.260317802429199219e-01
-3.273959457874298096e-01,-7.816848158836364746e-01
1.654803514480590820e+00,1.570131063461303711e+00
1.743324398994445801e+00,1.552610278129577637e+00
-2.984416112303733826e-02,-2.719931602478027344e-01
-2.133342742919921875e+00,-1.926839828491210938e+00
8.700956702232360840e-01,1.557442188262939453e+00
1.640530675649642944e-01,-8.995248377323150635e-02
-2.852291107177734375e+00,-2.053557157516479492e+00
2.816266059875488281e+00,1.622703313827514648e+00
9.617786407470703125e-01,-1.551817506551742554e-01
1.532112061977386475e-01,1.753651201725006104e-01
-9.201598167419433594e-01,-4.554271996021270752e-01
-1.715618968009948730e+00,-6.651975512504577637e-01
-1.325469493865966797e+00,-1.017110705375671387e+00
-7.440801262855529785e-01,3.590731918811798096e-01
2.967125415802001953e+00,1.752673983573913574e+00
-1.787579059600830078e-01,-3.434299528598785400e-01
-1.675416350364685059e+00,-1.073451995849609375e+00
2.348045587539672852e+00,1.612905621528625488e+00
-1.642397999763488770e+00,-8.239223957061767578e-01
2.405522823333740234e+00,1.889050126075744629e+00
-5.970671176910400391e-01,-2.228253334760665894e-01
1.450400650501251221e-01,-2.385644763708114624e-01
-4.750629365444183350e-01,-1.049773216247558594e+00
7.961203455924987793e-01,2.832819819450378418e-01
-2.042182683944702148e+00,-1.732185840606689453e+00
6.827451586723327637e-01,2.023839950561523438e+00
2.728983992710709572e-03,6.610203981399536133e-01
-1.791435003280639648e+00,-1.104560375213623047e+00
-1.640169143676757812e+00,-1.015555739402770996e+00
7.083756327629089355e-01,2.736711502075195312e-01
9.813506603240966797e-01,1.355235457420349121e+00
-6.358780860900878906e-01,-3.343091011047363281e-01
1.913958311080932617e+00,2.144237756729125977e+00
9.795901775360107422e-01,9.481678605079650879e-01
-2.285434156656265259e-01,-3.541935980319976807e-01
1.071330547332763672e+00,1.530958294868469238e+00
-1.059183597564697266e+00,-1.589308619499206543e+00
8.409478068351745605e-01,-2.931416928768157959e-01
-2.745199203491210938e+00,-2.571077108383178711e+00
-4.559485912322998047e-01,-1.018514513969421387e+00
-1.975769042968750000e+00,-1.742085337638854980e+00
-7.957339882850646973e-01,-9.310313463211059570e-01
-1.058321118354797363e+00,-3.204600811004638672e-01
-2.109891414642333984e+00,-6.022252440452575684e-01
7.004998922348022461e-01,3.506183922290802002e-01
-7.832444272935390472e-03,-2.794359922409057617e-01
-1.859143972396850586e+00,-2.262368679046630859e+00
2.671458125114440918e-01,8.050010204315185547e-01
8.509004116058349609e-01,-6.071002036333084106e-02
-1.600151658058166504e+00,-1.221785545349121094e+00
-4.971760809421539307e-01,-8.155978322029113770e-01
-8.487655520439147949e-01,1.622969657182693481e-01
-1.753357529640197754e+00,-1.302040815353393555e+00
1.016732811927795410e+00,8.799337744712829590e-01
2.226064443588256836e+00,2.914786338806152344e+00
-6.221271753311157227e-01,-2.195575982332229614e-01
-1.073674201965332031e+00,3.391014337539672852e-01
-9.488999098539352417e-02,-9.779980778694152832e-02
-1.050324797630310059e+00,-1.670904755592346191e+00
-2.013268947601318359e+00,-1.075648188591003418e+00
1.672782659530639648e+00,1.029620885848999023e+00
9.960288405418395996e-01,3.982976973056793213e-01
1.668500661849975586e+00,1.608026266098022461e+00
-1.005313873291015625e+00,-4.628315269947052002e-01
-1.549480557441711426e+00,-1.381072640419006348e+00
-1.790350973606109619e-01,-5.364333987236022949e-01
1.627984523773193359e+00,1.125982880592346191e+00
-2.545157670974731445e-01,1.776615232229232788e-01
1.538419842720031738e+00,8.549079895019531250e-01
-2.741689682006835938e+00,-2.098398923873901367e+00
-5.270361900329589844e-01,-1.175878405570983887e+00
1.879225134849548340e+00,1.872601270675659180e+00
2.358666896820068359e+00,2.508479356765747070e+00
-4.946380555629730225e-01,-5.117942690849304199e-01
1.702548384666442871e+00,1.720941305160522461e+00
-2.393936514854431152e-01,-1.183062642812728882e-01
-9.029892683029174805e-01,-3.713745474815368652e-01
-2.467057466506958008e+00,-2.219357013702392578e+00
-2.148262262344360352e+00,-2.713349819183349609e+00
-1.728175878524780273e+00,-1.821018576622009277e+00
-1.351899206638336182e-01,3.043179810047149658e-01
-1.202908635139465332e+00,-1.075784206390380859e+00
-2.262911558151245117e+00,-2.158771991729736328e+00
-2.091355800628662109e+00,-3.662799596786499023e-01
-6.476148366928100586e-01,1.001238226890563965e+00
1.821948051452636719e+00,1.459339499473571777e+00
-2.247304916381835938e+00,-2.045385599136352539e+00
-4.080461263656616211e-01,-3.831688761711120605e-01
1.106080055236816406e+00,5.433184504508972168e-01
1.793795228004455566e+00,1.831045150756835938e+00
1.322461724281311035e+00,1.015172600746154785e+00
-5.690183043479919434e-01,-4.039215147495269775e-01
-1.624131202697753906e+00,-9.507390856742858887e-01
-2.143195152282714844e+00,-1.511793851852416992e+00
1.810200095176696777e+00,2.656279802322387695e+00
-2.475493192672729492e+00,-1.788794279098510742e+00
8.725018501281738281e-01,7.830296158790588379e-01
-2.408566623926162720e-01,4.981879293918609619e-01
2.399756431579589844e+00,8.341638445854187012e-01
-1.839931607246398926e-01,2.582041919231414795e-01
-9.824259281158447266e-01,-5.069661736488342285e-01
-1.216553688049316406e+00,-1.439648389816284180e+00
-1.391542434692382812e+00,-2.436281919479370117e+00
-1.471215933561325073e-01,-2.143748521804809570e+00
-2.280550003051757812e-01,-3.068754673004150391e-01
1.528925597667694092e-01,-3.950654268264770508e-01
2.834188342094421387e-01,3.855863809585571289e-01
-2.218077898025512695e+00,-1.254366636276245117e+00
-1.034392118453979492e+00,-4.860576987266540527e-01
-7.932467460632324219e-01,-1.413594782352447510e-01
9.718132019042968750e-01,4.086612462997436523e-01
2.136125802993774414e+00,1.777538776397705078e+00
2.809025526046752930e+00,2.083129644393920898e+00
1.639031052589416504e+00,1.617972254753112793e+00
5.332840085029602051e-01,3.517029881477355957e-01
-1.420858621597290039e+00,-4.606768488883972168e-01
4.231590628623962402e-01,8.327549695968627930e-02
-1.663198113441467285e+00,-7.124006152153015137e-01
-1.832454085350036621e+00,-1.402413129806518555e+00
-2.129140853881835938e+00,7.550857067108154297e-01
1.610835194587707520e+00,1.090538144111633301e+00
1.623627424240112305e+00,4.962081909179687500e-01
-1.717484444379806519e-01,-1.002678394317626953e+00
1.965835392475128174e-01,5.688008666038513184e-01
3.769137710332870483e-02,9.815563559532165527e-01
1.590861231088638306e-01,-3.990785181522369385e-01
3.000074625015258789e-01,1.468039035797119141e+00
8.202450871467590332e-01,5.246806740760803223e-01
1.693606615066528320e+00,1.646366477012634277e+00
8.350798487663269043e-01,4.486171901226043701e-01
1.639993935823440552e-01,8.921793103218078613e-02
1.199840977787971497e-01,-1.875977665185928345e-01
1.425957083702087402e+00,1.797884941101074219e+00
2.305032014846801758e+00,2.019876480102539062e+00
1.675583600997924805e+00,1.558646678924560547e+00
2.147283792495727539e+00,2.103195428848266602e+00
-1.805949926376342773e+00,-1.773963332176208496e+00
1.608036398887634277e+00,1.645511507987976074e+00
1.120355248451232910e+00,-6.911352276802062988e-01
-1.132968306541442871e+00,-1.652244448661804199e+00
-1.101657748222351074e+00,-6.784328222274780273e-01
-1.919199585914611816e+00,-2.278372526168823242e+00
-2.471810102462768555e+00,-1.773340821266174316e+00
-2.785037517547607422e+00,-2.057532072067260742e+00
-2.255884885787963867e+00,-2.281115770339965820e+00
2.897125780582427979e-01,-2.674016403034329414e-03
-1.395597577095031738e+00,-4.224557429552078247e-02
6.890557408332824707e-01,1.429945707321166992e+00
-5.989423394203186035e-01,-1.090516924858093262e+00
1.011860251426696777e+00,1.084748506546020508e+00
-1.922018885612487793e+00,-1.883477449417114258e+00
-3.792659342288970947e-01,2.560245990753173828e-01
2.249300003051757812e+00,1.166031122207641602e+00
-7.058872580528259277e-01,9.907818585634231567e-02
1.590732097625732422e+00,1.345705986022949219e+00
9.382838606834411621e-01,7.579341530799865723e-01
4.739480465650558472e-02,-3.621506989002227783e-01
-6.960921883583068848e-01,-1.036820411682128906e+00
1.706783533096313477e+00,1.660036802291870117e+00
-2.864857912063598633e-01,-4.328922331333160400e-01
-1.562276124954223633e+00,-1.428860068321228027e+00
4.384036362171173096e-01,5.141522884368896484e-01
1.338253140449523926e+00,2.145123481750488281e+00
-3.131000399589538574e-01,-1.117988944053649902e+00
8.245031833648681641e-01,9.974585771560668945e-01
8.530759811401367188e-01,1.563608646392822266e+00
7.101100087165832520e-01,1.021827220916748047e+00
9.704946279525756836e-01,7.193871140480041504e-01
1.441595435142517090e+00,3.662738502025604248e-01
-4.953971803188323975e-01,2.869003415107727051e-01
7.987204790115356445e-01,7.840842008590698242e-01
-2.842461764812469482e-01,3.720437884330749512e-01
1.518819689750671387e+00,3.750909268856048584e-01
2.271299600601196289e+00,1.677469849586486816e+00
5.881236195564270020e-01,1.456234157085418701e-01
2.297620058059692383e+00,2.813851356506347656e+00
-1.722006797790527344e+00,-1.507529020309448242e+00
1.048377037048339844e+00,9.746064543724060059e-01
-1.783811926841735840e+00,-1.494571089744567871e+00
-3.651150166988372803e-01,-7.446368545060977340e-05
2.337002754211425781e+00,1.770130276679992676e+00
1.711721181869506836e+00,1.146036624908447266e+00
-3.545589447021484375e-01,3.857481181621551514e-01
-8.269391655921936035e-01,-1.091229319572448730e+00
-1.810626268386840820e+00,-1.651275277137756348e+00
1.167102932929992676e+00,1.394994020462036133e+00
1.626488685607910156e+00,1.756673574447631836e+00
1.236535906791687012e+00,5.536382794380187988e-01
-1.274123668670654297e+00,-1.080780148506164551e+00
-7.387592196464538574e-01,-8.247371315956115723e-01
-2.064053535461425781e+00,-1.602905392646789551e+00
2.270359754562377930e+00,1.802378416061401367e+00
1.762714266777038574e+00,4.497515261173248291e-01
-4.123804345726966858e-02,1.311475038528442383e+00
-2.494189739227294922e+00,-1.673851609230041504e+00
1.206119894981384277e+00,1.624193906784057617e+00
2.669899025931954384e-03,-1.539591699838638306e-01
2.258458137512207031e+00,2.006916522979736328e+00
1.460678726434707642e-01,-3.027405142784118652e-01
-1.644456088542938232e-01,-9.464073777198791504e-01
-2.975909113883972168e-01,-6.796102523803710938e-01
1.825474858283996582e+00,9.806353449821472168e-01
2.799139261245727539e+00,2.377582073211669922e+00
1.614042282104492188e+00,1.329481840133666992e+00
6.716140508651733398e-01,1.118714690208435059e+00
2.537776231765747070e-01,8.450967669486999512e-01
2.304913043975830078e+00,2.960743188858032227e+00
-1.851747632026672363e+00,-2.260114908218383789e+00
1.639152526855468750e+00,1.869679689407348633e+00
-3.261313736438751221e-01,-1.013347268104553223e+00
-1.716907620429992676e+00,-1.865977048873901367e+00
-7.382832765579223633e-01,-8.735052943229675293e-01
-1.537267565727233887e+00,-1.140948176383972168e+00
8.972203731536865234e-01,5.981711149215698242e-01
-2.268553823232650757e-01,-3.607184886932373047e-01
1.219896912574768066e+00,1.317841768264770508e+00
2.198851108551025391e-01,1.852585673332214355e-01
-1.675066590309143066e+00,-6.539589762687683105e-01
1.851096630096435547e+00,2.719168901443481445e+00
4.213803410530090332e-01,1.056172370910644531e+00
2.883288860321044922e+00,1.611991286277770996e+00
1.340781331062316895e+00,2.105263948440551758e+00
3.540217280387878418e-01,-6.525915265083312988e-01
-1.086409687995910645e+00,-8.993449211120605469e-01
-1.813068985939025879e+00,-1.743217587471008301e+00
-1.216880679130554199e+00,-1.756888747215270996e+00
1.727258920669555664e+00,1.758609533309936523e+00
9.128753542900085449e-01,2.455571651458740234e+00
2.219789028167724609e-01,1.750005185604095459e-01
2.331838846206665039e+00,1.877142548561096191e+00
-2.549170255661010742e+00,-1.618723988533020020e+00
-2.154883593320846558e-01,-3.792256414890289307e-01
-2.877565920352935791e-01,-1.921410709619522095e-01
-7.474555969238281250e-01,2.612184882164001465e-01
1.778096318244934082e+00,1.867119073867797852e+00
2.293617963790893555e+00,1.175540089607238770e+00
2.699803352355957031e+00,2.358248710632324219e+00
1.254349350929260254e+00,2.775220274925231934e-01
-1.572036504745483398e+00,-6.130381226539611816e-01
-1.066193938255310059e+00,-2.874335050582885742e-01
1.741722971200942993e-01,9.788401126861572266e-01
2.754892110824584961e+00,2.286566019058227539e+00
1.372190833091735840e+00,3.726954162120819092e-01
1.006047964096069336e+00,1.578700423240661621e+00
-1.716322183609008789e+00,-1.671839952468872070e+00
-1.830401301383972168e+00,-1.343204140663146973e+00
-1.589756488800048828e+00,-6.129493713378906250e-01
1.161100029945373535e+00,1.310648918151855469e+00
1.624677181243896484e+00,1.184420228004455566e+00
2.989622056484222412e-01,2.486516088247299194e-01
-5.901883244514465332e-01,-7.491464018821716309e-01
1.502733230590820312e+00,2.069163560867309570e+00
-1.721408486366271973e+00,-1.591347098350524902e+00
-2.413954019546508789e+00,-2.468381166458129883e+00
-1.656452775001525879e+00,-1.423765540122985840e+00
-9.244391322135925293e-01,-7.198638916015625000e-01
8.515039682388305664e-01,6.640160083770751953e-01
-9.731487631797790527e-01,-4.560294151306152344e-01
-2.982029616832733154e-01,4.089376330375671387e-01
-1.590860128402709961e+00,-2.749563932418823242e+00
-7.903773188591003418e-01,1.834190338850021362e-01
-2.091996520757675171e-01,-1.071593016386032104e-01
-1.111367225646972656e+00,-9.445058107376098633e-01
2.388564348220825195e+00,2.276207685470581055e+00
7.944067120552062988e-01,3.032840490341186523e-01
-1.021014809608459473e+00,-4.970957338809967041e-01
1.263477683067321777e+00,1.294386863708496094e+00
-1.788890957832336426e-01,-2.688499689102172852e-01
1.059567809104919434e+00,-4.523649513721466064e-01
-2.368757724761962891e-01,7.132790237665176392e-02
9.125708937644958496e-01,1.412702083587646484e+00
-2.338040322065353394e-01,-7.327904105186462402e-01
-1.152136698365211487e-01,4.797013401985168457e-01
-1.060343861579895020e+00,-6.678595542907714844e-01
-1.603987216949462891e+00,-2.114911079406738281e+00
-1.368023037910461426e+00,-5.334829092025756836e-01
-2.461279392242431641e+00,-2.073192119598388672e+00
-2.392507791519165039e+00,-1.962582230567932129e+00
2.395551919937133789e+00,1.689812898635864258e+00
3.882068693637847900e-01,2.517491877079010010e-01
-1.173429131507873535e+00,-5.786807537078857422e-01
-2.755804061889648438e-01,-3.613360226154327393e-01
-1.776884198188781738e+00,-2.368789911270141602e+00
-1.072184443473815918e+00,-8.860532045364379883e-01
9.114081263542175293e-01,8.158915638923645020e-01
-2.300516843795776367e+00,-2.143421173095703125e+00
-1.387826919555664062e+00,-1.774104475975036621e+00
3.100553154945373535e-01,3.343315720558166504e-01
-1.019158005714416504e+00,-4.016125500202178955e-01
-1.950705885887145996e+00,-1.899829030036926270e+00
1.689474731683731079e-01,2.530681788921356201e-01
2.252588987350463867e+00,2.050162076950073242e+00
1.663671582937240601e-01,-7.099256664514541626e-02
-2.310959577560424805e+00,-2.094512701034545898e+00
2.771285474300384521e-01,2.402830719947814941e-01
-1.125116467475891113e+00,-7.122980952262878418e-01
-2.154822111129760742e+00,-2.264211177825927734e+00
-5.251623988151550293e-01,-3.060350418090820312e-01
-1.724743366241455078e+00,-8.862301111221313477e-01
-6.820276379585266113e-02,-4.289839565753936768e-01
6.795295327901840210e-02,-2.361830472946166992e-01
-1.213469147682189941e+00,-1.106292724609375000e+00
-8.787057995796203613e-01,-8.966360688209533691e-01
5.282890796661376953e-01,-2.652881443500518799e-01
1.352475643157958984e+00,1.862648576498031616e-01
1.810042560100555420e-02,1.011815294623374939e-01
-2.004060000181198120e-01,-1.623211503028869629e+00
-2.060041427612304688e+00,-2.817975044250488281e+00
-2.651058435440063477e-01,-5.082346796989440918e-01
9.512534141540527344e-01,8.464962840080261230e-01
7.880191802978515625e-01,2.277602553367614746e-01
-1.768065541982650757e-01,-8.433355689048767090e-01
-2.113065958023071289e+00,-2.412536621093750000e+00
-4.603642225265502930e-02,-4.213114082813262939e-01
6.010443568229675293e-01,7.926326245069503784e-02
-1.760907173156738281e+00,-1.814473032951354980e+00
-2.031260967254638672e+00,-2.648397207260131836e+00
2.178400903940200806e-01,-1.831110119819641113e-01
8.802312016487121582e-01,2.852214574813842773e-01
2.816813945770263672e+00,1.377974033355712891e+00
-1.362483382225036621e+00,-1.235441863536834717e-02
8.952397704124450684e-01,9.978833198547363281e-01
-6.038668751716613770e-01,-5.780254006385803223e-01
-1.845506668090820312e+00,-2.170172929763793945e+00
-1.006588101387023926e+00,-1.192279696464538574e+00
1.520140290260314941e+00,1.360396504402160645e+00
-7.882877588272094727e-01,-8.610212802886962891e-01
1.727934122085571289e+00,1.513900518417358398e+00
7.253984212875366211e-01,8.971375823020935059e-01
1.723006129264831543e+00,1.480997085571289062e+00
1.243208646774291992e+00,4.629100561141967773e-01
-2.511938333511352539e+00,-1.398447275161743164e+00
-1.037908196449279785e+00,-3.550085425376892090e-01
1.074396491050720215e+00,8.644167184829711914e-01
-1.602258920669555664e+00,-1.508054733276367188e+00
-8.690717816352844238e-01,-1.173782825469970703e+00
-2.112223803997039795e-01,1.308143734931945801e-01
1.606472730636596680e+00,9.202616810798645020e-01
-1.737417280673980713e-02,1.462794065475463867e+00
-1.281419038772583008e+00,-1.578370571136474609e+00
-6.057139039039611816e-01,-7.582975029945373535e-01
1.360317170619964600e-01,1.058269515633583069e-01
2.941068410873413086e+00,1.757511973381042480e+00
-2.701063394546508789e+00,-2.730901956558227539e+00
6.371635198593139648e-01,3.155791163444519043e-01
8.830461502075195312e-01,1.621778249740600586e+00
1.657105565071105957e+00,9.393344521522521973e-01
1.493430137634277344e+00,2.820210158824920654e-01
-5.097289085388183594e-01,-3.415318727493286133e-01
-2.149918317794799805e+00,-8.691930770874023438e-01
-2.455801010131835938e+00,-2.240683317184448242e+00
1.624181747436523438e+00,1.920796632766723633e+00
2.452879667282104492e+00,1.555785775184631348e+00
1.718181252479553223e+00,1.518576502799987793e+00
2.140678465366363525e-01,2.242218405008316040e-01
2.876236915588378906e+00,2.353409290313720703e+00
-2.619429349899291992e+00,-2.864517927169799805e+00
-1.802770644426345825e-01,3.637743294239044189e-01
-8.731748461723327637e-01,-1.105399489402770996e+00
4.095527231693267822e-01,1.093810558319091797e+00
-2.008003234863281250e+00,-1.360234737396240234e+00
-1.489578962326049805e+00,-1.730752944946289062e+00
2.518968880176544189e-01,3.644240498542785645e-01
-1.487564563751220703e+00,-1.248997926712036133e+00
-1.406845927238464355e+00,-1.346944451332092285e+00
-2.336489439010620117e+00,-2.643990039825439453e+00
1.106223464012145996e+00,-1.246864069253206253e-02
2.569782137870788574e-01,3.456076085567474365e-01
-2.913035452365875244e-01,6.189875006675720215e-01
9.476521611213684082e-01,8.073977828025817871e-01
8.480495810508728027e-01,5.604734420776367188e-01
-3.830330967903137207e-01,-1.434279382228851318e-01
-1.728966951370239258e+00,-9.029430896043777466e-02
1.657549858093261719e+00,1.559962391853332520e+00
3.779826220124959946e-03,-1.177122220396995544e-01
-1.697389721870422363e+00,-2.761312246322631836e+00
-1.704306006431579590e+00,-1.519854187965393066e+00
2.305963516235351562e+00,1.669831871986389160e+00
-1.762023568153381348e+00,-2.373681545257568359e+00
-5.501267313957214355e-01,-4.081872105598449707e-01
4.957763850688934326e-01,7.498942613601684570e-01
9.434364438056945801e-01,3.894815742969512939e-01
7.204269170761108398e-01,9.321702122688293457e-01
-1.565878987312316895e+00,-1.456224203109741211e+00
-2.483563125133514404e-01,1.770001500844955444e-01
-6.099480986595153809e-01,-9.685368537902832031e-01
-1.092050790786743164e+00,-8.733035922050476074e-01
2.299807786941528320e+00,2.164709806442260742e+00
2.915915012359619141e+00,2.798368215560913086e+00
-1.097315907478332520e+00,-4.449681937694549561e-01
1.716805934906005859e+00,9.067683815956115723e-01
-1.847288250923156738e+00,-2.468258142471313477e+00
-2.462915182113647461e+00,-2.441802024841308594e+00
1.852460265159606934e+00,1.513047933578491211e+00
-6.721311211585998535e-01,-9.134445190429687500e-01
-2.043071985244750977e-01,-3.238701820373535156e-01
1.048681378364562988e+00,6.783311367034912109e-01
5.886598229408264160e-01,1.061812520027160645e+00
-2.689061164855957031e+00,-1.438028812408447266e+00
8.634985685348510742e-01,1.473709464073181152e+00
-2.108035326004028320e+00,-2.231727600097656250e+00
-8.835612535476684570e-01,-8.987315893173217773e-01
-1.151203751564025879e+00,-9.349507689476013184e-01
-3.350516259670257568e-01,7.917976379394531250e-02
-9.358674287796020508e-01,-1.047183275222778320e+00
-4.493184387683868408e-01,-3.100822865962982178e-01
-4.274272024631500244e-01,-3.070365190505981445e-01
-1.674416780471801758e+00,-1.618349313735961914e+00
-1.619717329740524292e-01,2.932970821857452393e-01
1.927545905113220215e+00,1.198551774024963379e+00
1.654469251632690430e+00,4.614913165569305420e-01
-1.362348794937133789e+00,-4.148744940757751465e-01
-2.159199476242065430e+00,-1.990966200828552246e+00
6.566882133483886719e-02,2.000760287046432495e-01
1.310608506202697754e+00,1.017190575599670410e+00
1.845664024353027344e+00,4.615335762500762939e-01
3.689019083976745605e-01,4.512934684753417969e-01
4.720528423786163330e-01,-3.504309058189392090e-01
1.659390091896057129e+00,1.501298427581787109e+00
4.514929950237274170e-01,1.176133275032043457e+00
2.293155431747436523e+00,9.364010691642761230e-01
1.639194846153259277e+00,4.726847112178802490e-01
-2.384079694747924805e+00,-2.353864669799804688e+00
1.005362272262573242e+00,1.239928483963012695e+00
2.034397363662719727e+00,2.882712602615356445e+00
6.379349827766418457e-01,2.158316820859909058e-01
-2.507031917572021484e+00,-2.137832403182983398e+00
-7.608866095542907715e-01,5.804980173707008362e-02
1.010397076606750488e+00,2.306025981903076172e+00
1.684401750564575195e+00,2.816267728805541992e+00
2.982451915740966797e-01,-3.247909992933273315e-02
1.550831675529479980e+00,1.511783957481384277e+00
2.415359973907470703e+00,2.154566764831542969e+00
2.833998441696166992e+00,7.943426370620727539e-01
-6.684918999671936035e-01,-9.993556737899780273e-01
-1.122508287429809570e+00,-4.023418128490447998e-01
-8.095588684082031250e-01,-2.151370048522949219e+00
1.182092308998107910e+00,8.009908199310302734e-01
-2.846580982208251953e+00,-2.596336126327514648e+00
-1.814737915992736816e+00,-1.654193162918090820e+00
1.914197683334350586e+00,2.451992273330688477e+00
1.117207948118448257e-02,8.071269989013671875e-01
-2.395358085632324219e+00,-2.166951179504394531e+00
-2.411551237106323242e+00,-1.720871567726135254e+00
7.045994997024536133e-01,-1.556442826986312866e-01
2.156402468681335449e-01,-2.213437668979167938e-02
-2.829496622085571289e+00,-2.073672533035278320e+00
-1.624125123023986816e+00,-1.745411992073059082e+00
4.563094675540924072e-01,1.290054202079772949e+00
1.962238669395446777e+00,1.856219887733459473e+00
1.569673180580139160e+00,1.655932664871215820e+00
-2.524688720703125000e+00,-2.251081705093383789e+00
7.486029714345932007e-02,4.598617255687713623e-01
-7.684074640274047852e-01,-1.543605446815490723e+00
1.427673459053039551e+00,3.523267507553100586e-01
-8.974475264549255371e-01,-1.069372057914733887e+00
-2.454272508621215820e-01,1.023388430476188660e-01
-7.480711340904235840e-01,1.213266626000404358e-01
-1.603628873825073242e+00,-1.172865509986877441e+00
2.205241918563842773e+00,1.715293526649475098e+00
4.893046319484710693e-01,1.113800406455993652e+00
1.740891933441162109e+00,1.667137145996093750e+00
-1.082481145858764648e-01,8.700591921806335449e-01
-1.622598767280578613e+00,-1.064802885055541992e+00
-2.351443022489547729e-01,-1.991784423589706421e-01
-1.235742866992950439e-01,1.024498268961906433e-01
-1.114892959594726562e+00,-1.361305594444274902e+00
5.437454581260681152e-01,9.367051124572753906e-01
-1.102173924446105957e+00,-1.393339037895202637e+00
9.498062133789062500e-01,7.573477029800415039e-01
1.689444184303283691e+00,1.232328891754150391e+00
-1.381283849477767944e-01,3.521784842014312744e-01
3.762640655040740967e-01,8.943992853164672852e-01
1.623763918876647949e+00,1.550940752029418945e+00
7.869063019752502441e-01,9.399674534797668457e-01
9.516745805740356445e-01,3.491617739200592041e-01
2.296383380889892578e+00,2.947845935821533203e+00
2.130193948745727539e+00,1.084483385086059570e+00
9.601725935935974121e-01,1.116846919059753418e+00
-2.054401159286499023e+00,-1.738150119781494141e+00
-1.576108932495117188e-01,2.140585482120513916e-01
1.553018808364868164e+00,1.468800425529479980e+00
1.677541375160217285e+00,1.811024546623229980e+00
2.977059602737426758e+00,2.320765256881713867e+00
-8.110120296478271484e-01,-2.235772162675857544e-01
-1.643098711967468262e+00,-1.832393646240234375e+00
-1.017915010452270508e+00,-2.687649428844451904e-01
4.727308750152587891e-01,-3.071218132972717285e-01
1.220376014709472656e+00,8.701643347740173340e-01
-3.916816711425781250e-01,-2.105198621749877930e+00
-1.808369606733322144e-01,6.477721035480499268e-02
1.144181609153747559e+00,2.161729812622070312e+00
-4.149944484233856201e-01,-8.110328912734985352e-01
1.039353728294372559e+00,1.138668656349182129e+00
-1.179325580596923828e+00,-6.971781849861145020e-01
1.150766253471374512e+00,2.206201076507568359e+00
4.850705862045288086e-01,7.219485044479370117e-01
3.251001536846160889e-01,8.272608518600463867e-01
4.264014363288879395e-01,1.345679759979248047e-01
5.451857447624206543e-01,-5.705061368644237518e-03
2.332379579544067383e+00,2.833053350448608398e+00
-2.525117099285125732e-01,1.478192359209060669e-01
-7.291870713233947754e-01,-4.795539975166320801e-01
2.295958518981933594e+00,1.553654313087463379e+00
-1.120279192924499512e+00,-1.754122257232666016e+00
-9.488781094551086426e-01,-6.654087305068969727e-01
-2.779696702957153320e+00,-2.215425491333007812e+00
9.139774739742279053e-02,-1.366162002086639404e-01
-9.434649348258972168e-01,-4.593366980552673340e-01
-6.836084723472595215e-01,-4.769823253154754639e-01
8.057428002357482910e-01,-2.576970756053924561e-01
-1.702419161796569824e+00,-1.882853865623474121e+00
1.028567790985107422e+00,2.570722579956054688e+00
-1.189189910888671875e+00,-9.902704954147338867e-01
9.851963520050048828e-01,4.265657961368560791e-01
-8.471395969390869141e-01,-1.624140262603759766e+00
-1.038730382919311523e+00,-1.023658752441406250e+00
9.392655491828918457e-01,1.133489489555358887e+00
1.627149939537048340e+00,1.442362427711486816e+00
-3.855695128440856934e-01,-6.219326853752136230e-01
1.610183715820312500e+00,1.069032192230224609e+00
-7.372367978096008301e-01,-1.160609960556030273e+00
2.809444427490234375e+00,2.508336305618286133e+00
1.014177680015563965e+00,2.136449813842773438e+00
2.135484814643859863e-01,6.176537871360778809e-01
-1.086804509162902832e+00,-7.918414473533630371e-01
9.333119392395019531e-01,8.288401961326599121e-01
-1.184609770774841309e+00,-1.743345379829406738e+00
1.814792633056640625e+00,1.585768699645996094e+00
2.970297336578369141e-01,8.958930373191833496e-01
-2.422845363616943359e+00,-1.709798097610473633e+00
-1.032772357575595379e-03,-3.458932042121887207e-01
-2.680440902709960938e+00,-1.635058045387268066e+00
-3.472791016101837158e-01,-8.340170979499816895e-01
1.357978343963623047e+00,2.815635919570922852e+00
-2.761733531951904297e-01,9.476317763328552246e-01
2.317907094955444336e+00,5.228475332260131836e-01
1.720678448677062988e+00,1.668901681900024414e+00
3.068973124027252197e-01,2.476708412170410156e+00
-8.221464753150939941e-01,-1.015473365783691406e+00
-3.313973844051361084e-01,-3.551716357469558716e-02
1.466130614280700684e+00,4.994136095046997070e-01
-2.117831945419311523e+00,-4.557999074459075928e-01
9.973778128623962402e-01,8.968272805213928223e-01
-1.525363326072692871e+00,-6.867055296897888184e-01
2.252571105957031250e+00,1.588206171989440918e+00
1.687403440475463867e+00,1.023553371429443359e+00
-7.695320844650268555e-01,-1.099294424057006836e+00
-2.422959059476852417e-01,3.668889403343200684e-01
4.442396461963653564e-01,-8.606990575790405273e-01
