-7.064597606658935547e-01,-1.773766994476318359e+00
-9.985752105712890625e-01,-1.967914223670959473e+00
-1.411178231239318848e+00,8.290398716926574707e-01
-1.843541383743286133e+00,1.477125525474548340e+00
-1.822038888931274414e+00,1.535514116287231445e+00
-1.249602064490318298e-01,-2.722176790237426758e+00
-2.143363714218139648e+00,2.169696569442749023e+00
-1.785616397857666016e+00,1.576347231864929199e+00
-1.346930384635925293e+00,4.368146359920501709e-01
-1.311942100524902344e+00,-1.871346384286880493e-01
-3.712638616561889648e-01,-2.457326889038085938e+00
-9.804217219352722168e-01,-3.852118849754333496e-01
-1.736503601074218750e+00,1.400919556617736816e+00
-2.945319414138793945e+00,2.693983078002929688e+00
-2.723723411560058594e+00,2.432679414749145508e+00
-1.761572718620300293e+00,1.359657764434814453e+00
-9.227971434593200684e-01,-5.569561123847961426e-01
-1.056785225868225098e+00,-9.794926047325134277e-01
-2.896310091018676758e+00,1.934208393096923828e+00
-7.010004520416259766e-01,-2.585837602615356445e+00
-8.972803950309753418e-01,-1.618215203285217285e+00
-6.605563759803771973e-01,-2.390500545501708984e+00
-7.841423749923706055e-01,-2.674886226654052734e+00
-2.408366918563842773e+00,2.258965492248535156e+00
-2.906655550003051758e+00,2.649781465530395508e+00
-9.759843349456787109e-01,-1.594368338584899902e+00
-1.746727824211120605e+00,7.499178051948547363e-01
-2.013524770736694336e+00,1.314818620681762695e+00
-1.975270152091979980e+00,2.159234285354614258e+00
-2.397787809371948242e+00,1.998107671737670898e+00
-2.353588342666625977e+00,1.898743987083435059e+00
-1.099324345588684082e+00,-7.470324039459228516e-01
-1.849996745586395264e-01,-2.945510864257812500e+00
-2.956926345825195312e+00,2.274429321289062500e+00
-1.188660621643066406e+00,5.300068259239196777e-01
-1.438810229301452637e+00,5.135115981101989746e-01
-2.726461410522460938e+00,2.842599630355834961e+00
-2.155327558517456055e+00,9.807797670364379883e-01
-4.554455876350402832e-01,-2.146057605743408203e+00
-6.879878640174865723e-01,-2.636064291000366211e+00
-2.438016653060913086e+00,2.125514745712280273e+00
-2.445845842361450195e+00,2.324878692626953125e+00
-1.540639996528625488e+00,1.040438294410705566e+00
-2.300814390182495117e+00,2.098277091979980469e+00
-6.558195948600769043e-01,-2.432221174240112305e+00
-1.727132558822631836e+00,1.360475301742553711e+00
-2.109607934951782227e+00,2.314750909805297852e+00
-2.090737342834472656e+00,1.356349349021911621e+00
-1.801872372627258301e+00,1.017910599708557129e+00
-1.619166254997253418e+00,1.198171496391296387e+00
-2.774598121643066406e+00,2.600265741348266602e+00
-2.862377405166625977e+00,2.084729909896850586e+00
-2.073527336120605469e+00,2.322468042373657227e+00
-4.379257857799530029e-01,-2.531586647033691406e+00
-1.315153837203979492e+00,8.459046483039855957e-01
-2.801774024963378906e+00,2.563855171203613281e+00
-1.588505864143371582e+00,5.271480083465576172e-01
-1.461305499076843262e+00,3.815838098526000977e-01
-1.071310281753540039e+00,-6.949245333671569824e-01
-5.602137446403503418e-01,-1.613570928573608398e+00
-1.222642898559570312e+00,9.540733695030212402e-02
-1.773103594779968262e+00,7.876466512680053711e-01
-5.487769842147827148e-01,-1.882350564002990723e+00
-9.454751014709472656e-01,-1.694790005683898926e+00
-1.091402292251586914e+00,-2.042045742273330688e-01
-1.314557313919067383e+00,-1.144788712263107300e-01
-8.627283573150634766e-01,-1.164968848228454590e+00
-1.507374048233032227e+00,9.622597098350524902e-01
-2.666294813156127930e+00,2.312453985214233398e+00
-1.230437994003295898e+00,1.286646574735641479e-01
-2.760034561157226562e+00,2.382264137268066406e+00
-9.801180958747863770e-01,-6.040308475494384766e-01
-1.895918130874633789e+00,1.600269079208374023e+00
-1.244683146476745605e+00,2.780712246894836426e-01
-1.637753009796142578e+00,1.679730415344238281e+00
-1.550769686698913574e+00,3.929554298520088196e-02
-1.670478463172912598e+00,5.325892567634582520e-01
-9.010356664657592773e-01,-1.375619769096374512e+00
-9.592749476432800293e-01,-6.720713376998901367e-01
-2.682308912277221680e+00,2.905504226684570312e+00
-1.762056946754455566e+00,1.220916986465454102e+00
-1.940925121307373047e+00,2.545391082763671875e+00
-1.858858346939086914e+00,1.134325861930847168e+00
-1.365772962570190430e+00,2.372846603393554688e-01
-2.675384998321533203e+00,2.508069753646850586e+00
-1.350350975990295410e+00,2.962300777435302734e-01
-2.908040761947631836e+00,2.460241317749023438e+00
-2.379806280136108398e+00,1.652956485748291016e+00
-6.343106627464294434e-01,-1.175648450851440430e+00
-1.532590389251708984e+00,3.015600144863128662e-01
-6.270369291305541992e-01,-2.697444677352905273e+00
-2.330552101135253906e+00,1.899674057960510254e+00
-7.405450344085693359e-01,-1.801595211029052734e+00
-8.789684176445007324e-01,-2.829074144363403320e+00
-4.840617477893829346e-01,-2.488934993743896484e+00
-6.530048251152038574e-01,-2.266373157501220703e+00
-6.140001416206359863e-01,-2.921257972717285156e+00
-6.634945273399353027e-01,-9.881678819656372070e-01
-9.537639021873474121e-01,-6.324503421783447266e-01
-2.765641212463378906e+00,2.399196386337280273e+00
-1.592214941978454590e+00,1.713032364845275879e+00
-1.509865522384643555e+00,1.222314715385437012e+00
-8.378372192382812500e-01,-2.527914941310882568e-01
-1.094956994056701660e+00,-1.083766937255859375e+00
-1.298906087875366211e+00,-7.054185122251510620e-02
-2.516566514968872070e+00,2.583753108978271484e+00
-2.040235042572021484e+00,2.335280656814575195e+00
-2.910667419433593750e+00,2.320914983749389648e+00
-1.079348921775817871e+00,-1.955756664276123047e+00
-2.728673458099365234e+00,2.119510412216186523e+00
-1.854722261428833008e+00,1.379654645919799805e+00
-2.318230152130126953e+00,2.533530712127685547e+00
-2.836998701095581055e+00,1.821491718292236328e+00
-2.574285507202148438e+00,2.472261905670166016e+00
-1.637881994247436523e+00,8.700239062309265137e-01
-1.144437432289123535e+00,-6.413013208657503128e-03
-1.023764491081237793e+00,-2.413857221603393555e+00
-2.495724678039550781e+00,2.171724081039428711e+00
-1.323255538940429688e+00,-1.259117603302001953e+00
-2.456129789352416992e-01,-1.810392260551452637e+00
-9.264313578605651855e-01,-9.059059619903564453e-01
-1.055388689041137695e+00,-1.331280469894409180e+00
-4.609763324260711670e-01,-2.186239004135131836e+00
-7.196639776229858398e-01,-1.945594668388366699e+00
-8.375031352043151855e-01,-1.959962606430053711e+00
-1.994171142578125000e+00,1.743467807769775391e+00
-4.312843978404998779e-01,-2.622547864913940430e+00
-1.381015300750732422e+00,7.138994336128234863e-01
-2.334448099136352539e+00,2.009965181350708008e+00
-6.977911591529846191e-01,-2.375916957855224609e+00
-2.477944374084472656e+00,2.054881572723388672e+00
-2.306485652923583984e+00,2.096462726593017578e+00
-2.508470773696899414e+00,2.199087858200073242e+00
-5.278448462486267090e-01,-2.271886587142944336e+00
-1.278036117553710938e+00,-1.133089780807495117e+00
-2.182513236999511719e+00,1.676830172538757324e+00
-6.830350756645202637e-01,-2.192671298980712891e+00
-1.401400923728942871e+00,6.114922836422920227e-02
-9.884084463119506836e-01,-9.591069817543029785e-01
-1.334491968154907227e+00,-3.988718986511230469e-01
-1.230815649032592773e+00,5.144731402397155762e-01
-2.405087471008300781e+00,2.254202365875244141e+00
-1.791339516639709473e+00,2.527627646923065186e-01
-1.282926797866821289e+00,-1.180248185992240906e-01
-9.572642445564270020e-01,-9.529323130846023560e-02
-1.040951132774353027e+00,3.028877377510070801e-01
-9.621821641921997070e-01,-2.111460685729980469e+00
-2.055072784423828125e+00,1.518350124359130859e+00
-2.795106649398803711e+00,1.698124527931213379e+00
-1.389625072479248047e+00,-8.473587632179260254e-01
-1.070045828819274902e+00,-8.484867215156555176e-01
-2.741977453231811523e+00,2.384568214416503906e+00
-7.979482412338256836e-01,-2.593152284622192383e+00
-6.431739330291748047e-01,-2.107392311096191406e+00
-1.167232513427734375e+00,2.115553244948387146e-03
-1.709453105926513672e+00,1.172289371490478516e+00
-1.985268354415893555e+00,1.330974102020263672e+00
-1.746663093566894531e+00,6.673343181610107422e-01
-1.012916326522827148e+00,-8.885211944580078125e-01
-1.102470636367797852e+00,-8.908290266990661621e-01
-1.499247789382934570e+00,6.986755728721618652e-01
-2.832974433898925781e+00,2.103286027908325195e+00
-2.096000671386718750e+00,2.033882141113281250e+00
-1.779028534889221191e+00,1.608523011207580566e+00
-1.198165178298950195e+00,-2.981424927711486816e-01
-3.798352181911468506e-01,-2.645948648452758789e+00
-6.270152926445007324e-01,-1.338939070701599121e+00
-7.808561921119689941e-01,-1.886856913566589355e+00
-2.119049549102783203e+00,1.839065194129943848e+00
-8.782239556312561035e-01,-1.837839961051940918e+00
-1.078706026077270508e+00,1.552959382534027100e-01
-8.943626284599304199e-01,-8.565747141838073730e-01
-1.824008226394653320e+00,1.417132258415222168e+00
-2.651307582855224609e+00,2.384222030639648438e+00
-1.036628961563110352e+00,-9.129649400711059570e-01
-2.658183813095092773e+00,2.619691371917724609e+00
-2.922037124633789062e+00,2.617263793945312500e+00
-1.352515339851379395e+00,-7.551879882812500000e-01
-2.556521177291870117e+00,1.868229746818542480e+00
-1.443943500518798828e+00,4.092789813876152039e-02
-1.701817989349365234e+00,1.487748622894287109e+00
-7.875127792358398438e-01,-1.329075336456298828e+00
-2.634926319122314453e+00,2.614565610885620117e+00
-2.708000659942626953e+00,2.289857149124145508e+00
-2.206934690475463867e+00,1.928172588348388672e+00
-1.304670929908752441e+00,1.255218863487243652e+00
-7.415274381637573242e-01,-2.898258209228515625e+00
-2.165622472763061523e+00,1.594382405281066895e+00
-7.718470096588134766e-01,-2.023075580596923828e+00
-1.335790276527404785e+00,8.583987355232238770e-01
-1.605487823486328125e+00,4.051600992679595947e-01
-2.789782285690307617e+00,2.362440109252929688e+00
-1.561015963554382324e+00,7.475491166114807129e-01
-1.039568066596984863e+00,-5.257900357246398926e-01
-7.879834175109863281e-01,-2.773509502410888672e+00
-6.929122209548950195e-01,-2.377871274948120117e+00
-2.265552043914794922e+00,2.169661045074462891e+00
-1.054847002029418945e+00,-5.220227837562561035e-01
-2.428147792816162109e+00,2.151761531829833984e+00
-2.777390480041503906e+00,2.547409057617187500e+00
-1.080113410949707031e+00,-2.148571014404296875e-01
-2.326886415481567383e+00,2.259213685989379883e+00
-2.707471132278442383e+00,2.567825555801391602e+00
-1.629862308502197266e+00,3.978922963142395020e-01
-6.579599976539611816e-01,-1.968425035476684570e+00
-1.840741157531738281e+00,7.942077517509460449e-01
-1.357149124145507812e+00,5.124992728233337402e-01
-2.010275125503540039e+00,1.702988028526306152e+00
-1.465126633644104004e+00,2.540577054023742676e-01
-2.544724702835083008e+00,2.270916938781738281e+00
-8.993880748748779297e-01,-2.172480821609497070e+00
-8.761695623397827148e-01,-2.001664876937866211e+00
-8.594144582748413086e-01,-2.594154596328735352e+00
-7.140908837318420410e-01,-2.586386680603027344e+00
-8.291227221488952637e-01,-1.075506925582885742e+00
-2.317759752273559570e+00,2.082092046737670898e+00
-7.235480546951293945e-01,-2.522097110748291016e+00
-5.257849693298339844e-01,-1.575343132019042969e+00
-1.958122730255126953e+00,1.700970292091369629e+00
-2.505117177963256836e+00,2.031380891799926758e+00
-1.835443854331970215e+00,1.013119459152221680e+00
-2.303713560104370117e+00,2.015178203582763672e+00
-1.354786872863769531e+00,-8.410024046897888184e-01
-1.351776242256164551e+00,-3.074205815792083740e-01
-1.368334531784057617e+00,6.706373691558837891e-01
-6.797046065330505371e-01,-1.606674790382385254e+00
-1.132037758827209473e+00,-3.510969877243041992e-01
-1.324784755706787109e+00,-7.930055856704711914e-01
-1.797202467918395996e+00,8.801425099372863770e-01
-7.077092528343200684e-01,-2.442053556442260742e+00
-1.835975646972656250e+00,1.566906094551086426e+00
-2.778603792190551758e+00,2.028404951095581055e+00
-2.400489568710327148e+00,1.745625019073486328e+00
-1.805095672607421875e+00,1.429253935813903809e+00
-1.668248653411865234e+00,5.328359007835388184e-01
-2.026484727859497070e+00,1.838439226150512695e+00
-1.644603252410888672e+00,9.462890625000000000e-01
-2.746621608734130859e+00,2.268306016921997070e+00
-3.844453692436218262e-01,-2.243645429611206055e+00
-2.023567199707031250e+00,2.174382209777832031e+00
-9.898241758346557617e-01,-8.400629758834838867e-01
-2.876333236694335938e+00,2.270116806030273438e+00
-6.682292222976684570e-01,-2.097591876983642578e+00
-5.140745043754577637e-01,-8.120703101158142090e-01
-2.118600130081176758e+00,2.073476791381835938e+00
-1.599572896957397461e+00,7.472219467163085938e-01
-8.977891206741333008e-01,-1.458674311637878418e+00
-9.018776416778564453e-01,-1.286886334419250488e+00
-1.472386240959167480e+00,1.071469634771347046e-01
-6.092475652694702148e-01,-1.688488602638244629e+00
-1.672630906105041504e+00,1.236455202102661133e+00
-1.077695488929748535e+00,-1.353385329246520996e+00
-2.104199647903442383e+00,1.954386830329895020e+00
-1.410755038261413574e+00,2.698786258697509766e-01
-1.110166311264038086e+00,-1.071948885917663574e+00
-2.227427959442138672e+00,1.972590565681457520e+00
-1.330561161041259766e+00,4.239408299326896667e-02
-2.409604549407958984e+00,2.239372491836547852e+00
-7.407491803169250488e-01,-1.604405403137207031e+00
-2.714817285537719727e+00,2.172271966934204102e+00
-1.081968307495117188e+00,-9.631040096282958984e-01
-2.809562444686889648e+00,2.281694173812866211e+00
-2.088944911956787109e+00,1.999484539031982422e+00
-1.760354399681091309e+00,1.272472381591796875e+00
-1.586364746093750000e+00,2.673985064029693604e-01
-2.033775329589843750e+00,2.384569406509399414e+00
-1.805827260017395020e+00,1.241406202316284180e+00
-1.961139678955078125e+00,1.405796289443969727e+00
-9.039202332496643066e-01,-8.949864655733108521e-02
-1.426631569862365723e+00,-5.353789925575256348e-01
-1.782830476760864258e+00,1.999504685401916504e+00
-7.762309908866882324e-01,-1.118324875831604004e+00
-2.627313375473022461e+00,2.309131860733032227e+00
-1.416881084442138672e+00,3.300342336297035217e-02
-2.386696577072143555e+00,2.663202285766601562e+00
-1.761654496192932129e+00,1.400716543197631836e+00
-4.841618537902832031e-01,-2.436609506607055664e+00
-2.033850669860839844e+00,2.186396360397338867e+00
-1.634020447731018066e+00,7.193410396575927734e-01
-1.176055312156677246e+00,2.089065015316009521e-01
-1.964038014411926270e+00,1.772386431694030762e+00
-1.393566966056823730e+00,-2.689524590969085693e-01
-1.109602808952331543e+00,-1.983684599399566650e-01
-2.210944414138793945e+00,2.180960655212402344e+00
-1.680468797683715820e+00,1.400676608085632324e+00
-1.185318589210510254e+00,-1.017709970474243164e+00
-2.457637310028076172e+00,2.471990108489990234e+00
-2.240751028060913086e+00,2.223207473754882812e+00
-7.083077430725097656e-01,-2.204918861389160156e+00
-1.112423181533813477e+00,-6.039657816290855408e-02
-1.900665998458862305e+00,1.201472640037536621e+00
-6.443423628807067871e-01,-2.913247108459472656e+00
-1.832269549369812012e+00,1.552506208419799805e+00
-2.739339351654052734e+00,2.386082887649536133e+00
-1.981581687927246094e+00,1.777792692184448242e+00
-2.629943370819091797e+00,1.952802062034606934e+00
-1.604985475540161133e+00,8.955862373113632202e-02
-2.848142147064208984e+00,2.331049919128417969e+00
-2.455641746520996094e+00,2.557433843612670898e+00
-9.544729590415954590e-01,-2.047079324722290039e+00
-1.219993233680725098e+00,8.753924965858459473e-01
-4.523063600063323975e-01,-2.847629785537719727e+00
-2.662199020385742188e+00,2.158284664154052734e+00
-2.208882570266723633e+00,1.679617047309875488e+00
-1.377795338630676270e+00,-6.374231576919555664e-01
-2.342111825942993164e+00,2.040357828140258789e+00
-1.157771587371826172e+00,-9.987000226974487305e-01
-2.588883161544799805e+00,2.835047960281372070e+00
-2.305529594421386719e+00,2.319762706756591797e+00
-8.395210504531860352e-01,-2.733723402023315430e+00
-2.669289350509643555e+00,2.757191419601440430e+00
-1.247533798217773438e+00,3.310572504997253418e-01
-1.847279906272888184e+00,1.581902384757995605e+00
-2.222712516784667969e+00,1.461733579635620117e+00
-7.287205457687377930e-01,-1.438308715820312500e+00
-1.133741974830627441e+00,-1.404222398996353149e-01
-2.035722732543945312e+00,1.765974521636962891e+00
-2.736560583114624023e+00,2.211727142333984375e+00
-2.669988870620727539e+00,2.301746606826782227e+00
-4.363832473754882812e-01,-2.884396791458129883e+00
-7.302262187004089355e-01,-2.307147026062011719e+00
-4.339699149131774902e-01,-2.527225017547607422e+00
-1.242599606513977051e+00,7.875908017158508301e-01
-1.308235168457031250e+00,-9.448129534721374512e-01
-1.423076272010803223e+00,3.955701589584350586e-01
-1.824129939079284668e+00,1.524940967559814453e+00
-6.587461829185485840e-01,-1.066299319267272949e+00
-2.224189281463623047e+00,1.841288208961486816e+00
-2.228144168853759766e+00,2.232755184173583984e+00
-8.356012105941772461e-01,-7.182195782661437988e-01
-1.255024671554565430e+00,3.627861142158508301e-01
-9.674452543258666992e-01,-4.332296252250671387e-01
-1.289689183235168457e+00,-4.994472563266754150e-01
-2.451378345489501953e+00,2.110526323318481445e+00
-1.581354498863220215e+00,3.166324794292449951e-01
-1.260753631591796875e+00,-4.029120802879333496e-01
-1.519432902336120605e+00,3.629298806190490723e-01
-1.571274280548095703e+00,1.288522958755493164e+00
-7.402117848396301270e-01,-1.662102103233337402e+00
-1.007946610450744629e+00,-1.149981737136840820e+00
-2.722552299499511719e+00,2.398429155349731445e+00
-2.788449287414550781e+00,2.292805194854736328e+00
-1.636564970016479492e+00,1.222124695777893066e+00
-1.851920604705810547e+00,1.175637602806091309e+00
-1.249756455421447754e+00,-8.886991143226623535e-01
-2.636012792587280273e+00,2.194302320480346680e+00
-2.358223915100097656e+00,2.278858423233032227e+00
-1.390018343925476074e+00,3.141432404518127441e-01
-1.761381983757019043e+00,1.081822991371154785e+00
-1.443182587623596191e+00,5.952857136726379395e-01
-1.783751726150512695e+00,8.280380368232727051e-01
-6.654672622680664062e-01,-1.306630969047546387e+00
-2.846011400222778320e+00,2.577662706375122070e+00
-8.387119174003601074e-01,-1.206246972084045410e+00
-9.298655986785888672e-01,-2.251002550125122070e+00
-1.457373499870300293e+00,6.872169971466064453e-01
-2.834859132766723633e+00,2.644469261169433594e+00
-2.402152299880981445e+00,2.082509994506835938e+00
-1.336051702499389648e+00,8.860948681831359863e-01
-6.873993873596191406e-01,-2.321931362152099609e+00
-2.651483058929443359e+00,2.468064785003662109e+00
-6.219793558120727539e-01,-1.890563726425170898e+00
-2.397258281707763672e+00,2.152822494506835938e+00
-1.758983969688415527e+00,1.460167884826660156e+00
-1.267114996910095215e+00,4.588307142257690430e-01
-1.419691085815429688e+00,6.891857385635375977e-01
-2.123584270477294922e+00,2.138976335525512695e+00
-2.822569370269775391e+00,2.108479976654052734e+00
-8.218598365783691406e-01,-8.185324072837829590e-01
-2.224771499633789062e+00,2.354288816452026367e+00
-2.379936695098876953e+00,2.310788154602050781e+00
-1.238094449043273926e+00,-1.287019610404968262e+00
-2.215371847152709961e+00,2.396713495254516602e+00
-1.109164476394653320e+00,-1.514739632606506348e+00
-2.804620504379272461e+00,2.172147750854492188e+00
-1.381974935531616211e+00,6.217353045940399170e-02
-5.776992440223693848e-01,-1.981418013572692871e+00
-1.955560564994812012e+00,1.896902561187744141e+00
-1.492603898048400879e+00,1.016155481338500977e+00
-1.234248518943786621e+00,-1.081135630607604980e+00
-1.749913454055786133e+00,8.104419708251953125e-01
-2.966318607330322266e+00,2.312435150146484375e+00
-2.929039955139160156e+00,2.021849155426025391e+00
-1.356173157691955566e+00,1.103391721844673157e-01
-1.348220825195312500e+00,2.982714474201202393e-01
-7.772905826568603516e-01,-2.376571178436279297e+00
-8.060467243194580078e-01,-1.629791975021362305e+00
-7.613859176635742188e-01,-2.621679782867431641e+00
-6.493570208549499512e-01,-2.174642801284790039e+00
-1.556143164634704590e+00,9.632096290588378906e-01
-2.241840362548828125e+00,2.095113039016723633e+00
-2.589381694793701172e+00,2.516286849975585938e+00
-8.487489819526672363e-01,-1.772191405296325684e+00
-9.177886843681335449e-01,-2.485607624053955078e+00
-1.124648571014404297e+00,-1.975933909416198730e+00
-2.369173049926757812e+00,1.781921505928039551e+00
-1.929391503334045410e+00,1.179802179336547852e+00
-9.660927653312683105e-01,-7.771145701408386230e-01
-2.735305547714233398e+00,2.292909860610961914e+00
-1.847535610198974609e+00,1.531634211540222168e+00
-2.765572309494018555e+00,2.066466331481933594e+00
-2.817326068878173828e+00,2.321690559387207031e+00
-6.287470459938049316e-01,-2.154558181762695312e+00
-1.085062623023986816e+00,-7.404435276985168457e-01
-6.849002838134765625e-01,-1.881013810634613037e-01
-1.783988237380981445e+00,1.427284002304077148e+00
-1.486628293991088867e+00,1.127913951873779297e+00
-5.451938509941101074e-01,-1.712325811386108398e+00
-1.651450872421264648e+00,4.306751489639282227e-02
-1.630733132362365723e+00,7.560238838195800781e-01
-1.806237101554870605e+00,1.373245120048522949e+00
-1.764955878257751465e+00,1.223155379295349121e+00
-1.141441702842712402e+00,-6.096524596214294434e-01
-1.362229108810424805e+00,5.503654479980468750e-01
-1.760590672492980957e+00,1.310721397399902344e+00
-1.229533672332763672e+00,1.852620095014572144e-01
-1.461861610412597656e+00,8.546510934829711914e-01
-1.710223436355590820e+00,2.054827511310577393e-01
-2.338455677032470703e+00,2.212743759155273438e+00
-1.364078879356384277e+00,6.783903837203979492e-01
-2.866178035736083984e+00,2.124917030334472656e+00
-1.215548515319824219e+00,-5.808500647544860840e-01
-2.302934885025024414e+00,2.402585029602050781e+00
-5.817265510559082031e-01,-1.738631010055541992e+00
-2.289390087127685547e+00,1.830684661865234375e+00
-1.641020059585571289e+00,1.086466073989868164e+00
-2.199878931045532227e+00,2.322400093078613281e+00
-2.164842367172241211e+00,1.836180686950683594e+00
-7.754366397857666016e-01,-9.580919742584228516e-01
-9.700286984443664551e-01,-2.968891859054565430e+00
-5.453610420227050781e-01,-1.112504005432128906e+00
-1.229472160339355469e+00,-8.896198272705078125e-01
-1.158121943473815918e+00,3.382643461227416992e-01
-9.821056723594665527e-01,-1.081371545791625977e+00
-6.606914997100830078e-01,-1.844881772994995117e+00
-1.730091094970703125e+00,5.503319501876831055e-01
-2.978603363037109375e+00,2.251271009445190430e+00
-1.572014570236206055e+00,3.599445223808288574e-01
-2.757727622985839844e+00,2.238257884979248047e+00
-2.183547019958496094e+00,1.698997378349304199e+00
-6.917977929115295410e-01,-9.586319327354431152e-01
-5.767658352851867676e-01,-2.906747579574584961e+00
-1.161933064460754395e+00,-2.697095632553100586e+00
-1.694940209388732910e+00,1.648458719253540039e+00
-2.620778799057006836e+00,1.697951674461364746e+00
-1.029104948043823242e+00,-1.061316430568695068e-01
-4.134281575679779053e-01,-1.945816278457641602e+00
-1.188454985618591309e+00,-8.393800258636474609e-01
-6.701921820640563965e-01,-1.379983901977539062e+00
-1.718225002288818359e+00,1.150541305541992188e+00
-2.269718647003173828e+00,2.334600448608398438e+00
-1.408781886100769043e+00,6.238783523440361023e-02
-2.743725061416625977e+00,1.929913640022277832e+00
-1.309523105621337891e+00,-5.462551116943359375e-01
-2.757519483566284180e+00,2.328991413116455078e+00
-7.777258753776550293e-01,2.508459091186523438e-01
-8.030673265457153320e-01,-2.360479593276977539e+00
-2.707314789295196533e-01,-2.220201015472412109e+00
-1.830649614334106445e+00,1.400222063064575195e+00
-8.396453857421875000e-01,-2.365261316299438477e+00
-6.531873941421508789e-01,-1.886814832687377930e+00
-1.964132189750671387e+00,1.822453618049621582e+00
-1.968633651733398438e+00,1.974848508834838867e+00
-2.491427421569824219e+00,2.699678182601928711e+00
-1.956013560295104980e+00,2.181948184967041016e+00
-1.730603218078613281e+00,1.691960096359252930e+00
-1.453165054321289062e+00,5.959742665290832520e-01
-9.753921627998352051e-01,-1.711343169212341309e+00
-1.310994982719421387e+00,-4.318200349807739258e-01
-1.379388213157653809e+00,-8.182881474494934082e-01
-1.200683116912841797e+00,-2.214172035455703735e-01
-8.580894470214843750e-01,-2.296863317489624023e+00
-1.854225993156433105e+00,1.262900471687316895e+00
-1.883123159408569336e+00,1.342911601066589355e+00
-8.579575419425964355e-01,-7.722073197364807129e-01
-1.214618802070617676e+00,-2.484649792313575745e-02
-1.232128739356994629e+00,-1.455231785774230957e+00
-9.798054099082946777e-01,-2.817361056804656982e-01
-1.831323504447937012e+00,1.412989139556884766e+00
-4.035488665103912354e-01,-2.663883447647094727e+00
-9.013808965682983398e-01,-2.357496321201324463e-01
-7.560553550720214844e-01,-2.059208154678344727e+00
-8.283940553665161133e-01,-1.320210933685302734e+00
-2.704671621322631836e+00,2.619827270507812500e+00
-8.652459979057312012e-01,-9.396789669990539551e-01
-2.426836490631103516e+00,2.617483854293823242e+00
-1.296472549438476562e+00,6.741988062858581543e-01
-2.446172714233398438e+00,2.194686412811279297e+00
-8.952629566192626953e-01,7.398113608360290527e-02
-6.748260259628295898e-01,-2.449014663696289062e+00
-1.612196445465087891e+00,1.317759752273559570e+00
-1.265133976936340332e+00,-2.285360246896743774e-01
-2.393339633941650391e+00,2.193705797195434570e+00
-9.798238277435302734e-01,-3.941811025142669678e-01
-2.529307126998901367e+00,1.717534780502319336e+00
-3.827581703662872314e-01,-2.747358560562133789e+00
-1.009760499000549316e+00,-5.729859471321105957e-01
-1.314509272575378418e+00,7.993150949478149414e-01
-1.113420128822326660e+00,-5.786911845207214355e-01
-1.710978865623474121e+00,7.695585489273071289e-01
-1.136972904205322266e+00,-5.828211307525634766e-01
-2.759871006011962891e+00,2.171444416046142578e+00
-2.942521333694458008e+00,1.963013648986816406e+00
-1.317081570625305176e+00,-2.055829614400863647e-01
-1.755107045173645020e+00,6.930393576622009277e-01
-2.059647321701049805e+00,2.070025920867919922e+00
-2.932585716247558594e+00,2.310556411743164062e+00
-9.584090113639831543e-01,-1.447219491004943848e+00
-2.371347427368164062e+00,2.293928861618041992e+00
-1.044446945190429688e+00,5.634309649467468262e-01
-2.867760419845581055e+00,2.637405872344970703e+00
-1.740486264228820801e+00,1.759361028671264648e+00
-5.634121298789978027e-01,-2.702755212783813477e+00
-6.594706177711486816e-01,-2.588386774063110352e+00
-1.980231523513793945e+00,1.632816314697265625e+00
-1.564238548278808594e+00,2.221651822328567505e-01
-1.352614045143127441e+00,3.829651772975921631e-01
-5.323244929313659668e-01,-2.032102584838867188e+00
-1.532661199569702148e+00,8.184316754341125488e-01
-2.311735630035400391e+00,2.220078229904174805e+00
-1.268419027328491211e+00,-1.077368736267089844e+00
-6.869814991950988770e-01,-2.141333103179931641e+00
-2.569999694824218750e+00,2.026307344436645508e+00
-1.933202862739562988e+00,2.047658205032348633e+00
-1.524736046791076660e+00,7.414424419403076172e-01
-2.115674734115600586e+00,1.780799984931945801e+00
-6.817563176155090332e-01,-2.766464471817016602e+00
-1.515203475952148438e+00,5.269711017608642578e-01
-2.741700887680053711e+00,2.794211387634277344e+00
-2.592926263809204102e+00,2.259265661239624023e+00
-2.011848688125610352e+00,2.089235305786132812e+00
-7.264233231544494629e-01,-2.074276447296142578e+00
-2.330658435821533203e+00,2.093194723129272461e+00
-1.631017208099365234e+00,9.367146492004394531e-01
-1.079039692878723145e+00,-5.668305754661560059e-01
-9.352912902832031250e-01,-1.740052938461303711e+00
-4.836631715297698975e-01,-2.679220914840698242e+00
-1.828345298767089844e+00,1.261517643928527832e+00
-2.865111589431762695e+00,1.915500521659851074e+00
-2.054186105728149414e+00,1.991644859313964844e+00
-2.498428106307983398e+00,2.621532917022705078e+00
-1.120947957038879395e+00,-1.137964725494384766e+00
-2.123182535171508789e+00,1.803325057029724121e+00
-1.314132690429687500e+00,3.662150353193283081e-02
-1.918557882308959961e+00,1.699641466140747070e+00
-1.118589758872985840e+00,-7.808374762535095215e-01
-2.686364650726318359e+00,2.705852985382080078e+00
-1.244100093841552734e+00,3.196055293083190918e-01
-2.467333078384399414e+00,2.332121372222900391e+00
-2.581951379776000977e+00,2.490445852279663086e+00
-1.723713874816894531e+00,1.262910008430480957e+00
-5.823691487312316895e-01,-2.815930128097534180e+00
-2.669395685195922852e+00,2.769730806350708008e+00
-1.497565269470214844e+00,-7.922591269016265869e-02
-2.488116264343261719e+00,2.156368494033813477e+00
-1.274801135063171387e+00,5.749155879020690918e-01
-2.697219371795654297e+00,2.540282249450683594e+00
-2.138325691223144531e+00,1.904877662658691406e+00
-1.796741724014282227e+00,1.329404592514038086e+00
-9.401201605796813965e-01,-7.810834050178527832e-01
-7.404607534408569336e-01,-1.949799060821533203e+00
-1.260705828666687012e+00,-1.392907142639160156e+00
-1.320035696029663086e+00,-2.892372608184814453e-01
-9.519221186637878418e-01,-8.021555095911026001e-02
-2.493122339248657227e+00,2.138994932174682617e+00
-6.885141134262084961e-01,-2.498779058456420898e+00
-6.384295225143432617e-01,-1.688857913017272949e+00
-2.952789068222045898e+00,2.426317453384399414e+00
-1.414593458175659180e+00,8.117747902870178223e-01
-1.645021200180053711e+00,8.325564116239547729e-02
-2.139159440994262695e+00,2.015982866287231445e+00
-1.289411067962646484e+00,-5.418591499328613281e-01
-1.910729050636291504e+00,1.592790126800537109e+00
-1.178559541702270508e+00,-2.815636157989501953e+00
-2.304832935333251953e-01,-2.372527599334716797e+00
-8.306872844696044922e-01,-1.993175029754638672e+00
-1.560541868209838867e+00,8.176046013832092285e-01
-9.980009794235229492e-01,-9.009132981300354004e-01
-1.638525485992431641e+00,4.978239834308624268e-01
-1.338120698928833008e+00,-1.034121990203857422e+00
-1.935068368911743164e+00,1.111678957939147949e+00
-2.099255800247192383e+00,2.485133886337280273e+00
-2.326566457748413086e+00,2.264818191528320312e+00
-1.524667143821716309e+00,1.107895970344543457e+00
-9.626954197883605957e-01,-5.490325689315795898e-01
-1.025751233100891113e+00,-8.343459367752075195e-01
-1.578126430511474609e+00,3.543238043785095215e-01
-7.249267697334289551e-01,-1.449449658393859863e+00
-8.541973233222961426e-01,-8.273302912712097168e-01
-1.814757943153381348e+00,1.360786795616149902e+00
-2.770229578018188477e+00,2.453451633453369141e+00
-1.164189696311950684e+00,2.407052069902420044e-01
-6.229771375656127930e-01,-2.653784513473510742e+00
-2.147058725357055664e+00,1.633061170578002930e+00
-1.442233562469482422e+00,5.890111923217773438e-01
-2.314974308013916016e+00,2.091496944427490234e+00
-2.737370967864990234e+00,2.195177078247070312e+00
-2.847124338150024414e+00,2.734282255172729492e+00
-2.420489311218261719e+00,2.394521713256835938e+00
-4.959172606468200684e-01,-2.195272922515869141e+00
-2.038373231887817383e+00,2.252458572387695312e+00
-1.031053423881530762e+00,4.249169826507568359e-01
-2.192496538162231445e+00,1.673198342323303223e+00
-2.690089702606201172e+00,2.436454057693481445e+00
-1.911470413208007812e+00,1.662776231765747070e+00
-1.050238728523254395e+00,-1.428856611251831055e+00
-1.742425680160522461e+00,1.215692520141601562e+00
-9.267620444297790527e-01,-2.668219089508056641e+00
-2.860639572143554688e+00,2.398537874221801758e+00
-1.580547928810119629e+00,6.742799282073974609e-01
-2.581932306289672852e+00,2.292027473449707031e+00
-8.181055188179016113e-01,-6.715644598007202148e-01
-1.928034663200378418e+00,1.804288983345031738e+00
-1.811137318611145020e+00,1.336267590522766113e+00
-2.125084161758422852e+00,1.944861412048339844e+00
-1.463136196136474609e+00,-2.177076935768127441e-01
-7.870197892189025879e-01,-1.526085019111633301e+00
-4.276577234268188477e-01,-2.152393102645874023e+00
-2.193584680557250977e+00,2.215662240982055664e+00
-2.600764989852905273e+00,2.268935441970825195e+00
-1.438705801963806152e+00,8.027207255363464355e-01
-1.496821880340576172e+00,1.828871071338653564e-01
-7.290148138999938965e-01,-9.718236327171325684e-01
-5.333806872367858887e-01,-2.067070960998535156e+00
-9.235962629318237305e-01,-8.546008467674255371e-01
-1.412195801734924316e+00,5.205734372138977051e-01
-9.382959008216857910e-01,-1.271015286445617676e+00
-1.273391723632812500e+00,-7.695573568344116211e-01
-2.901677370071411133e+00,2.523340225219726562e+00
-1.030626177787780762e+00,-2.073116064071655273e+00
-1.889252185821533203e+00,1.907338976860046387e+00
-2.865711927413940430e+00,2.374373435974121094e+00
-1.741710782051086426e+00,-8.274474143981933594e-01
-1.805095195770263672e+00,1.274818658828735352e+00
-2.896244049072265625e+00,2.135838031768798828e+00
-2.036528587341308594e+00,1.569687724113464355e+00
-2.065314531326293945e+00,2.067223787307739258e+00
-1.314486026763916016e+00,2.131756246089935303e-01
-1.464861631393432617e+00,5.376584529876708984e-01
-1.709374904632568359e+00,9.420554041862487793e-01
-1.337229967117309570e+00,2.427254244685173035e-02
-1.284561753273010254e+00,9.935951977968215942e-02
-2.078843593597412109e+00,2.260514497756958008e+00
-2.835275411605834961e+00,2.404653072357177734e+00
-1.098643302917480469e+00,-2.089304685592651367e+00
-1.261143803596496582e+00,-4.433078169822692871e-01
-1.264859795570373535e+00,-2.075665295124053955e-01
-5.800217986106872559e-01,-2.028430461883544922e+00
-1.430761575698852539e+00,1.240715384483337402e+00
-1.310317158699035645e+00,-1.056425929069519043e+00
-8.701019287109375000e-01,-1.311589121818542480e+00
-2.692507505416870117e+00,2.131249427795410156e+00
-2.361370801925659180e+00,2.254020929336547852e+00
-2.817361354827880859e+00,2.230721712112426758e+00
-1.713906168937683105e+00,4.958133995532989502e-01
-7.074482440948486328e-01,-8.738035559654235840e-01
-1.586185336112976074e+00,3.086485564708709717e-01
-1.231867790222167969e+00,-6.381971240043640137e-01
-1.626277685165405273e+00,3.181715607643127441e-01
-1.777372241020202637e+00,1.188194632530212402e+00
-1.384222030639648438e+00,8.528691530227661133e-01
-2.927266836166381836e+00,2.431322336196899414e+00
-2.551632642745971680e+00,2.409081935882568359e+00
-2.892621278762817383e+00,2.672008752822875977e+00
-1.112377524375915527e+00,3.948233276605606079e-02
-1.592885613441467285e+00,1.193828940391540527e+00
-6.374688744544982910e-01,-2.405102252960205078e+00
-2.750805377960205078e+00,2.467494964599609375e+00
-1.099985718727111816e+00,-4.416677653789520264e-01
-1.383187294006347656e+00,3.791438043117523193e-01
-1.054920077323913574e+00,-3.022763133049011230e-01
-1.451578378677368164e+00,1.431559681892395020e+00
-1.106639146804809570e+00,-2.632003724575042725e-01
-1.486656427383422852e+00,1.221206426620483398e+00
-2.214085578918457031e+00,2.249527215957641602e+00
-6.265767812728881836e-01,-1.827723741531372070e+00
-1.844568133354187012e+00,1.444821119308471680e+00
-2.227071523666381836e+00,1.390023231506347656e+00
-2.420269489288330078e+00,2.585069417953491211e+00
-9.507994651794433594e-01,-3.088708519935607910e-01
-9.459027647972106934e-01,-2.539893388748168945e+00
-2.860458135604858398e+00,2.179208517074584961e+00
-1.111337780952453613e+00,-1.765870302915573120e-02
-2.251151323318481445e+00,2.135964393615722656e+00
-1.516702532768249512e+00,1.107324361801147461e+00
-2.809423208236694336e+00,1.941952824592590332e+00
-2.375373840332031250e+00,2.228668451309204102e+00
-2.228124141693115234e+00,1.454032659530639648e+00
-8.820367455482482910e-01,-2.017497420310974121e-01
-1.093231081962585449e+00,-7.175328731536865234e-01
-2.411926507949829102e+00,2.430375576019287109e+00
-6.995560526847839355e-01,-1.582105159759521484e+00
-2.386672496795654297e+00,2.591413497924804688e+00
-9.036536216735839844e-01,-1.102952837944030762e+00
-1.389060974121093750e+00,4.564187526702880859e-01
-2.791032552719116211e+00,2.404298305511474609e+00
-1.159786105155944824e+00,5.278348922729492188e-01
-1.380095720291137695e+00,-5.820545554161071777e-01
-7.762861847877502441e-01,-2.281404018402099609e+00
-1.593006372451782227e+00,5.286944508552551270e-01
-1.711921095848083496e+00,1.127233862876892090e+00
-1.915932536125183105e+00,1.356352329254150391e+00
-1.900145292282104492e+00,1.560521364212036133e+00
-2.360475540161132812e+00,2.037794828414916992e+00
-2.837065696716308594e+00,2.259377479553222656e+00
-2.576848268508911133e+00,2.454265117645263672e+00
-1.163235783576965332e+00,8.078081160783767700e-02
-1.377252101898193359e+00,-3.262929320335388184e-01
-2.065962791442871094e+00,1.427615046501159668e+00
-2.587932586669921875e+00,1.156968235969543457e+00
-1.946526527404785156e+00,1.844864010810852051e+00
-8.484384417533874512e-01,-3.663887977600097656e-01
-1.669938206672668457e+00,1.374674439430236816e+00
-1.371744036674499512e+00,1.230863451957702637e+00
-2.784792661666870117e+00,2.504396200180053711e+00
-1.338796734809875488e+00,1.482641398906707764e-01
-1.794963359832763672e+00,1.333223730325698853e-01
-4.091634154319763184e-01,-2.595439672470092773e+00
-1.358353495597839355e+00,1.669554859399795532e-01
-6.024638414382934570e-01,-2.679443836212158203e+00
-2.291758060455322266e+00,1.658470988273620605e+00
-7.572312355041503906e-01,-2.443884611129760742e+00
-1.185543775558471680e+00,-2.279472053050994873e-01
-1.041089415550231934e+00,-7.313917279243469238e-01
-2.527698993682861328e+00,2.232819318771362305e+00
-2.155875205993652344e+00,1.673262476921081543e+00
-7.956286072731018066e-01,-8.946356177330017090e-01
-8.025895953178405762e-01,-9.266385436058044434e-01
-1.230470299720764160e+00,-9.363677352666854858e-03
-2.903306007385253906e+00,2.016899347305297852e+00
-1.548583984375000000e+00,3.390353918075561523e-01
-2.897018194198608398e+00,2.266824007034301758e+00
-1.337009429931640625e+00,1.207933947443962097e-02
-1.325487136840820312e+00,8.525471389293670654e-02
-1.074815750122070312e+00,-1.003678917884826660e+00
-2.153718948364257812e+00,2.134409189224243164e+00
-1.169234991073608398e+00,-1.340206146240234375e+00
-1.830544710159301758e+00,7.371453046798706055e-01
-1.978724360466003418e+00,1.747699260711669922e+00
-1.182356119155883789e+00,-1.064196944236755371e+00
-2.301774024963378906e+00,1.338773846626281738e+00
-2.570222139358520508e+00,2.694504022598266602e+00
-1.659188270568847656e+00,8.846470117568969727e-01
-1.421731591224670410e+00,5.812712013721466064e-02
-1.809936404228210449e+00,1.652792811393737793e+00
-1.422122716903686523e+00,1.707888394594192505e-01
-2.459559917449951172e+00,2.150935888290405273e+00
-1.888289213180541992e+00,1.736505150794982910e+00
-1.110369086265563965e+00,-2.748409032821655273e+00
-2.012013435363769531e+00,1.809027194976806641e+00
-7.300447225570678711e-01,-1.366173982620239258e+00
-2.663377523422241211e+00,2.387520790100097656e+00
-6.804611682891845703e-01,-2.543269157409667969e+00
-1.906259536743164062e+00,1.349900841712951660e+00
-1.566570520401000977e+00,3.282333910465240479e-01
-2.388032913208007812e+00,2.159526824951171875e+00
-2.646625518798828125e+00,2.026918172836303711e+00
-1.324473142623901367e+00,5.840342044830322266e-01
-1.502653717994689941e+00,8.606898188591003418e-01
-1.201763153076171875e+00,-2.191944360733032227e+00
-1.859640121459960938e+00,5.260745882987976074e-01
-1.630985856056213379e+00,1.055245041847229004e+00
-1.018879532814025879e+00,-1.178961992263793945e+00
-1.186084032058715820e+00,9.529078602790832520e-01
-7.544609308242797852e-01,-2.873643159866333008e+00
-5.592207908630371094e-01,-2.334543704986572266e+00
-1.268147468566894531e+00,2.054089605808258057e-01
-1.665272951126098633e+00,7.905154228210449219e-01
-1.569981932640075684e+00,4.051742255687713623e-01
-2.829043149948120117e+00,2.703865051269531250e+00
-1.573132634162902832e+00,-5.091037750244140625e-01
-2.350228309631347656e+00,2.291374683380126953e+00
-2.831213235855102539e+00,2.280130147933959961e+00
-6.445307731628417969e-01,-2.819345712661743164e+00
-2.366581678390502930e+00,2.267886400222778320e+00
-1.088283181190490723e+00,-2.020527124404907227e+00
-6.786590814590454102e-01,-2.813062191009521484e+00
-9.908646941184997559e-01,-9.865413308143615723e-01
-7.798025012016296387e-01,-1.473138570785522461e+00
-9.598167538642883301e-01,-3.241038024425506592e-01
-1.746688127517700195e+00,1.679833054542541504e+00
-2.628062486648559570e+00,2.486108064651489258e+00
-1.579550743103027344e+00,2.197130322456359863e-01
-2.353652954101562500e+00,1.750535607337951660e+00
-2.666324853897094727e+00,2.618337392807006836e+00
-8.171976804733276367e-01,-7.721794247627258301e-01
-2.123481035232543945e+00,2.059844970703125000e+00
-1.677243471145629883e+00,9.987841248512268066e-01
-1.386730670928955078e+00,2.865335941314697266e-01
-2.882159709930419922e+00,2.013982295989990234e+00
-8.293398618698120117e-01,-1.822336316108703613e+00
-1.144531250000000000e+00,4.600521177053451538e-02
-2.530009031295776367e+00,1.943599104881286621e+00
-1.432462453842163086e+00,-2.415175586938858032e-01
-9.570194482803344727e-01,-1.428058743476867676e-01
-2.375895023345947266e+00,2.134254217147827148e+00
-7.515848875045776367e-01,-2.195766448974609375e+00
-2.306698799133300781e+00,2.205282449722290039e+00
-1.751484155654907227e+00,1.394816040992736816e+00
-2.918133258819580078e+00,2.334143161773681641e+00
-2.634757280349731445e+00,2.015568971633911133e+00
-7.237243056297302246e-01,-1.459009647369384766e+00
-2.696922779083251953e+00,2.286422014236450195e+00
-1.417878031730651855e+00,9.621664881706237793e-01
-9.703336358070373535e-01,3.265640232712030411e-03
-1.233510017395019531e+00,-6.782326698303222656e-01
-2.422810316085815430e+00,2.437739133834838867e+00
-2.090977191925048828e+00,1.965783715248107910e+00
-1.561640977859497070e+00,2.412636429071426392e-01
-2.434903144836425781e+00,2.398315429687500000e+00
-1.281988382339477539e+00,-4.099666476249694824e-01
-1.639296174049377441e+00,9.882486462593078613e-01
-1.287195324897766113e+00,-6.414649486541748047e-01
-2.390732765197753906e+00,2.211761951446533203e+00
-1.763505101203918457e+00,1.581705927848815918e+00
-3.838551938533782959e-01,-2.859536170959472656e+00
-1.137327790260314941e+00,-3.148608505725860596e-01
-1.992822885513305664e+00,2.088644742965698242e+00
-9.555714130401611328e-01,-4.742116034030914307e-01
-2.375618934631347656e+00,2.310486793518066406e+00
-1.390429496765136719e+00,-2.234231233596801758e-01
-3.068150877952575684e-01,-2.465456247329711914e+00
-1.114922404289245605e+00,-1.200626611709594727e+00
-2.054212808609008789e+00,1.359290122985839844e+00
-1.474183678627014160e+00,7.582129240036010742e-01
-2.095417261123657227e+00,1.886851429939270020e+00
-1.090535044670104980e+00,7.703889608383178711e-01
-1.379393696784973145e+00,2.995886802673339844e-01
-1.881289005279541016e+00,1.537159323692321777e+00
-8.015174865722656250e-01,-8.397093415260314941e-01
-1.513035655021667480e+00,4.317111372947692871e-01
-2.910010814666748047e+00,2.113051652908325195e+00
-6.243990063667297363e-01,-2.946011066436767578e+00
-1.913013577461242676e+00,1.092809200286865234e+00
-1.578645944595336914e+00,1.248653054237365723e+00
-1.806170821189880371e+00,9.800355434417724609e-01
-2.619859933853149414e+00,2.106110334396362305e+00
-1.347749590873718262e+00,-7.026536464691162109e-01
-2.786935806274414062e+00,2.203805685043334961e+00
-1.840022683143615723e+00,1.541320443153381348e+00
-1.760589241981506348e+00,1.098921537399291992e+00
-2.070450305938720703e+00,1.901934742927551270e+00
-1.255477547645568848e+00,-4.274611175060272217e-01
-5.283690690994262695e-01,-2.204193353652954102e+00
-9.413428902626037598e-01,-1.887531995773315430e+00
-9.603297114372253418e-01,-1.203083634376525879e+00
-2.815100908279418945e+00,2.593828916549682617e+00
-9.175806045532226562e-01,-8.229762911796569824e-01
-8.394404649734497070e-01,-1.772998571395874023e+00
-1.290770649909973145e+00,-3.966010808944702148e-01
-1.404453277587890625e+00,6.625080108642578125e-01
-1.631143927574157715e+00,8.172999024391174316e-01
-1.161361575126647949e+00,-4.535357654094696045e-01
-2.879212141036987305e+00,1.931601047515869141e+00
-2.296901226043701172e+00,2.113463401794433594e+00
-2.311837673187255859e+00,1.958827614784240723e+00
-2.967961311340332031e+00,2.159862279891967773e+00
-7.319099307060241699e-01,-2.381407260894775391e+00
-9.203883409500122070e-01,-3.313438594341278076e-01
-2.883271217346191406e+00,2.407184123992919922e+00
-8.460697531700134277e-01,-7.439534664154052734e-01
-1.531085968017578125e+00,6.594493240118026733e-02
-1.783844828605651855e+00,8.333399295806884766e-01
-1.202437281608581543e+00,1.331233084201812744e-01
-1.430113911628723145e+00,5.598949193954467773e-01
-2.834441900253295898e+00,2.441795110702514648e+00
-1.336996316909790039e+00,8.562006354331970215e-01
-1.514246344566345215e+00,5.368738770484924316e-01
-2.819427728652954102e+00,1.874958634376525879e+00
-2.226769924163818359e+00,2.005887269973754883e+00
-2.014047622680664062e+00,1.834581494331359863e+00
-2.535340785980224609e+00,2.133316516876220703e+00
-9.838189482688903809e-01,-1.275815367698669434e+00
-9.905756711959838867e-01,-8.101441711187362671e-02
-2.952773094177246094e+00,2.392468929290771484e+00
-1.709104418754577637e+00,1.352001190185546875e+00
-1.541321754455566406e+00,-1.096919327974319458e-01
-1.782481312751770020e+00,1.156961798667907715e+00
-4.243339002132415771e-01,-2.480197668075561523e+00
-9.618514776229858398e-01,-7.258963584899902344e-01
-1.710431218147277832e+00,1.126007139682769775e-01
-1.182372570037841797e+00,-4.767598807811737061e-01
-1.476752400398254395e+00,9.630755782127380371e-01
-1.267353415489196777e+00,-8.434625864028930664e-01
-7.856389284133911133e-01,-2.738878011703491211e+00
-1.608288288116455078e+00,1.633727192878723145e+00
-6.182157993316650391e-01,-2.213971614837646484e+00
-2.030520439147949219e+00,1.967208266258239746e+00
-3.787298798561096191e-01,-2.448027133941650391e+00
-2.578947782516479492e+00,2.259446382522583008e+00
-6.814137101173400879e-01,-2.358224868774414062e+00
-1.571827054023742676e+00,1.313906669616699219e+00
-1.362945079803466797e+00,5.705679655075073242e-01
-1.864504814147949219e+00,1.327851653099060059e+00
-1.658825397491455078e+00,1.144182920455932617e+00
-8.776133656501770020e-01,-2.437821149826049805e+00
-2.334165334701538086e+00,2.495223522186279297e+00
-2.537139415740966797e+00,2.108231782913208008e+00
-2.866040706634521484e+00,2.585388183593750000e+00
-1.407499670982360840e+00,1.932843402028083801e-02
-4.608332812786102295e-01,-2.816591501235961914e+00
-2.660188674926757812e+00,2.232186794281005859e+00
-4.397217333316802979e-01,-2.353480815887451172e+00
-2.644658803939819336e+00,2.045269489288330078e+00
-2.192493438720703125e+00,2.176194906234741211e+00
-1.467953324317932129e+00,4.216088056564331055e-01
-5.689504146575927734e-01,-2.396629571914672852e+00
-1.607050895690917969e+00,1.104470252990722656e+00
-1.512933492660522461e+00,7.181402444839477539e-01
-6.603686809539794922e-01,-2.490887165069580078e+00
-9.746722579002380371e-01,-1.061742901802062988e+00
-8.128174543380737305e-01,-9.546994566917419434e-01
-1.892516851425170898e+00,1.043398380279541016e+00
-5.325666666030883789e-01,-2.816071748733520508e+00
-2.439603090286254883e+00,2.176007986068725586e+00
-5.331303477287292480e-01,-2.930948734283447266e+00
-8.483680486679077148e-01,-1.474292635917663574e+00
-1.212296962738037109e+00,7.748283743858337402e-01
-1.800163865089416504e+00,1.709079742431640625e+00
-6.915227770805358887e-01,-4.677014946937561035e-01
-9.311165213584899902e-01,-1.393513202667236328e+00
-2.510250568389892578e+00,2.226655483245849609e+00
-2.403840780258178711e+00,2.030293464660644531e+00
-2.728571414947509766e+00,2.299397706985473633e+00
-7.310574650764465332e-01,-9.629251360893249512e-01
-1.565547943115234375e+00,8.557651042938232422e-01
-1.303735613822937012e+00,2.412019670009613037e-02
-1.824352741241455078e+00,1.772263526916503906e+00
-1.432880640029907227e+00,1.752196252346038818e-01
-1.805338978767395020e+00,1.467322707176208496e+00
-1.945931792259216309e+00,1.307615041732788086e+00
-8.692961335182189941e-01,-1.553529620170593262e+00
-2.661499261856079102e+00,2.176805496215820312e+00
-2.888197422027587891e+00,2.485117435455322266e+00
-2.543424367904663086e+00,1.904896378517150879e+00
-1.754029035568237305e+00,1.529150962829589844e+00
-1.220332026481628418e+00,-8.171324133872985840e-01
-2.373743772506713867e+00,2.178691864013671875e+00
-2.818295001983642578e+00,2.384016036987304688e+00
-1.737046122550964355e+00,1.651755332946777344e+00
-1.287870049476623535e+00,-5.085180401802062988e-01
-7.715851664543151855e-01,-2.058659791946411133e+00
-1.403379440307617188e+00,3.519096970558166504e-01
-1.150592684745788574e+00,-1.474511742591857910e+00
-1.891160249710083008e+00,1.344226002693176270e+00
-2.689863920211791992e+00,2.552210807800292969e+00
-1.625208139419555664e+00,1.031174182891845703e+00
-8.817778825759887695e-01,-7.737360000610351562e-01
-1.176417231559753418e+00,-2.926804721355438232e-01
-2.696787357330322266e+00,2.102642297744750977e+00
-5.228821039199829102e-01,-2.856397867202758789e+00
-1.617911815643310547e+00,6.667430400848388672e-01
-2.360385417938232422e+00,2.429746389389038086e+00
-8.383001089096069336e-01,-1.241116881370544434e+00
-8.289510607719421387e-01,-1.911725044250488281e+00
-2.142620801925659180e+00,1.863145351409912109e+00
-1.032010078430175781e+00,-8.024136722087860107e-02
-9.060648083686828613e-01,-5.249759554862976074e-01
-5.558428764343261719e-01,-2.927093267440795898e+00
-2.222071886062622070e+00,2.018896579742431641e+00
-1.671360254287719727e+00,5.151255726814270020e-01
-1.939085841178894043e+00,1.720194220542907715e+00
-2.575550556182861328e+00,2.443429470062255859e+00
-6.371152997016906738e-01,-2.426387548446655273e+00
-2.926902055740356445e+00,2.140946865081787109e+00
-2.447744607925415039e+00,1.857158660888671875e+00
-2.534630537033081055e+00,2.490635395050048828e+00
-2.561034440994262695e+00,2.170708894729614258e+00
-1.487990975379943848e+00,1.077261805534362793e+00
-1.396640658378601074e+00,5.325616002082824707e-01
-9.176586866378784180e-01,-1.053380250930786133e+00
-3.129250705242156982e-01,-2.226166963577270508e+00
-2.510174274444580078e+00,2.343631267547607422e+00
-9.903636574745178223e-01,-1.678512096405029297e+00
-8.094134330749511719e-01,-1.452665805816650391e+00
-1.854241490364074707e+00,1.732740879058837891e+00
-1.040352940559387207e+00,-8.567968010902404785e-01
-1.260211229324340820e+00,-3.821071088314056396e-01
-2.405922174453735352e+00,2.316677093505859375e+00
-1.198807597160339355e+00,-6.527544260025024414e-01
-9.202368259429931641e-01,-1.214646697044372559e+00
-1.445484042167663574e+00,-7.633571028709411621e-01
-6.192275285720825195e-01,-2.578958034515380859e+00
-1.569896101951599121e+00,1.179100632667541504e+00
-2.732552528381347656e+00,2.229039669036865234e+00
-5.829138159751892090e-01,-2.905106067657470703e+00
-2.578125953674316406e+00,2.107779979705810547e+00
-1.035685420036315918e+00,-4.874787926673889160e-01
-1.157216906547546387e+00,-7.326277494430541992e-01
-1.585126280784606934e+00,6.759973764419555664e-01
-1.853551268577575684e+00,1.133710265159606934e+00
-2.219424009323120117e+00,2.209284305572509766e+00
-8.434116840362548828e-01,-2.010105133056640625e+00
-1.339294314384460449e+00,-7.296236604452133179e-02
-1.928704380989074707e+00,1.219757080078125000e+00
-2.237132310867309570e+00,2.002740144729614258e+00
-2.770582437515258789e+00,1.871054291725158691e+00
-1.538618683815002441e+00,9.888871759176254272e-02
-1.202225089073181152e+00,-7.124130725860595703e-01
-1.522473931312561035e+00,6.277621984481811523e-01
