1.355208396911621094e+00,-1.160113573074340820e+00,1.576145410537719727e+00,1.227202177047729492e+00,-1.023748755455017090e+00
1.850197076797485352e+00,-6.581790447235107422e-01,1.625584006309509277e+00,1.422760486602783203e+00,-2.067020416259765625e+00
1.674333691596984863e+00,3.607730865478515625e-01,-1.684136033058166504e+00,-1.775677204132080078e+00,-1.720947742462158203e+00
6.806942224502563477e-01,2.399679720401763916e-01,2.065490245819091797e+00,-1.889205336570739746e+00,-2.571079254150390625e+00
6.009871363639831543e-01,5.428410768508911133e-01,1.977875709533691406e+00,1.498423933982849121e+00,-1.572435855865478516e+00
2.213858604431152344e+00,-9.057862758636474609e-01,-1.508050322532653809e+00,-1.346639990806579590e+00,-1.521114945411682129e+00
1.580551862716674805e+00,7.591027617454528809e-01,-1.906009435653686523e+00,-1.783268332481384277e+00,-2.639709711074829102e+00
1.941922664642333984e+00,-1.202824831008911133e+00,1.735358119010925293e+00,-1.458898305892944336e+00,-1.989905476570129395e+00
2.705545663833618164e+00,-1.650870740413665771e-01,-1.656465768814086914e+00,-1.734737992286682129e+00,-2.562392473220825195e+00
2.457756519317626953e+00,-1.053217411041259766e+00,-1.786848902702331543e+00,-1.761019229888916016e+00,-1.393354773521423340e+00
2.008796930313110352e+00,6.743612885475158691e-01,1.945209622383117676e+00,1.934653401374816895e+00,-1.615934491157531738e+00
1.911424636840820312e+00,3.993800878524780273e-01,-1.859585165977478027e+00,1.975670099258422852e+00,-2.836995124816894531e+00
1.731374740600585938e+00,2.829766571521759033e-01,2.092985153198242188e+00,-1.631524205207824707e+00,-1.869999289512634277e+00
1.297305971384048462e-01,1.286097407341003418e+00,2.066799402236938477e+00,2.045704841613769531e+00,-2.661022901535034180e+00
1.929067969322204590e+00,-2.276816964149475098e-01,1.959364056587219238e+00,-1.951033830642700195e+00,-2.913661956787109375e+00
1.591307878494262695e+00,1.311981916427612305e+00,1.960751295089721680e+00,2.603630542755126953e+00,-1.503767609596252441e+00
2.713492870330810547e+00,-1.037101030349731445e+00,1.637446165084838867e+00,9.186903238296508789e-01,-5.975257158279418945e-01
1.914747238159179688e+00,2.890423536300659180e-01,1.731807470321655273e+00,-1.964355111122131348e+00,-2.933099508285522461e+00
9.690771698951721191e-01,6.998276710510253906e-01,-1.926078557968139648e+00,1.877566695213317871e+00,-2.765216827392578125e+00
2.070478916168212891e+00,2.266170084476470947e-01,1.262479066848754883e+00,-1.249452114105224609e+00,-1.731320261955261230e+00
1.579429268836975098e+00,1.129598379135131836e+00,1.886272192001342773e+00,-2.266979932785034180e+00,-2.573218822479248047e+00
-9.452699422836303711e-01,5.296310782432556152e-01,2.764087677001953125e+00,-2.164749860763549805e+00,-2.460304021835327148e+00
2.429013490676879883e+00,-1.357424706220626831e-01,-1.812128663063049316e+00,1.837623596191406250e+00,-2.401873588562011719e+00
1.228447794914245605e+00,1.314775705337524414e+00,-2.408073663711547852e+00,2.336373805999755859e+00,-2.809592485427856445e+00
2.410604000091552734e+00,9.635555744171142578e-01,1.433295607566833496e+00,-1.913267850875854492e+00,-2.551395893096923828e+00
2.035218238830566406e+00,-3.605820834636688232e-01,1.701626062393188477e+00,1.234719991683959961e+00,-5.006100535392761230e-01
2.163180828094482422e+00,-4.317482411861419678e-01,-1.698039054870605469e+00,1.348851084709167480e+00,-2.391246318817138672e+00
2.083740711212158203e+00,2.317636907100677490e-01,1.853302121162414551e+00,1.935220122337341309e+00,-2.574852466583251953e+00
9.590453505516052246e-01,1.488981246948242188e+00,2.032293796539306641e+00,-2.177789211273193359e+00,-2.942406654357910156e+00
2.949908256530761719e+00,-8.825021982192993164e-01,1.174686670303344727e+00,-1.082325577735900879e+00,-2.312967300415039062e+00
2.468904018402099609e+00,4.964680969715118408e-01,-1.404162645339965820e+00,-1.806070208549499512e+00,-2.140580654144287109e+00
2.683861732482910156e+00,-1.123780965805053711e+00,1.779503941535949707e+00,-1.459975242614746094e+00,-8.488889932632446289e-01
1.306648492813110352e+00,-7.551324963569641113e-01,2.040965795516967773e+00,1.754090905189514160e+00,-2.237675666809082031e+00
2.200311660766601562e+00,-4.884930849075317383e-01,-1.835796236991882324e+00,-1.822356820106506348e+00,-8.300673961639404297e-01
-1.147848367691040039e-01,2.958213329315185547e+00,2.359053373336791992e+00,2.552119016647338867e+00,-2.760582923889160156e+00
2.179754734039306641e+00,-1.377282857894897461e+00,-1.557735204696655273e+00,-1.399104595184326172e+00,-1.922815203666687012e+00
2.573427438735961914e+00,-1.205516338348388672e+00,-1.497910380363464355e+00,1.336462020874023438e+00,-1.436717271804809570e+00
1.973465919494628906e+00,-1.795117557048797607e-01,1.797073364257812500e+00,1.771662116050720215e+00,-1.279085636138916016e+00
1.223455369472503662e-01,8.240241408348083496e-01,2.382315397262573242e+00,1.890854239463806152e+00,-1.660016298294067383e+00
1.716840028762817383e+00,1.721488475799560547e+00,-1.798221468925476074e+00,2.172753095626831055e+00,-2.474448204040527344e+00
1.636856436729431152e+00,-2.246539145708084106e-01,-1.617478251457214355e+00,-1.385463476181030273e+00,-2.380714416503906250e+00
2.779658555984497070e+00,-5.022287368774414062e-01,-1.270180463790893555e+00,1.260086297988891602e+00,-1.507949590682983398e+00
9.554382562637329102e-01,2.056966304779052734e+00,1.804118514060974121e+00,2.047491550445556641e+00,-2.423048496246337891e+00
6.846873760223388672e-01,7.143936157226562500e-01,-2.070307970046997070e+00,-2.221303701400756836e+00,-2.266129016876220703e+00
-2.590214833617210388e-02,1.430582880973815918e+00,2.029019594192504883e+00,1.889217257499694824e+00,-1.974209785461425781e+00
1.668073415756225586e+00,9.666739702224731445e-01,-1.555714845657348633e+00,1.767536044120788574e+00,-2.594149827957153320e+00
1.440465450286865234e+00,6.120286583900451660e-01,1.499617099761962891e+00,1.646812558174133301e+00,-2.032049179077148438e+00
2.860161304473876953e+00,-5.060840249061584473e-01,1.212767124176025391e+00,-1.526815295219421387e+00,-1.619201540946960449e+00
1.292732357978820801e+00,-6.278349757194519043e-01,2.769558191299438477e+00,1.497906804084777832e+00,-1.190698266029357910e+00
2.581498622894287109e+00,7.868834584951400757e-02,-1.831214904785156250e+00,-1.697062253952026367e+00,-4.236504435539245605e-01
1.677341818809509277e+00,-5.141610503196716309e-01,-2.044345617294311523e+00,1.700713753700256348e+00,-2.099534988403320312e+00
1.410290598869323730e+00,-4.224313795566558838e-01,2.356555938720703125e+00,1.679803729057312012e+00,-1.012972712516784668e+00
2.106720685958862305e+00,-1.039935708045959473e+00,1.604624748229980469e+00,9.697972536087036133e-01,-1.741278290748596191e+00
2.148138999938964844e+00,5.068750977516174316e-01,1.806246280670166016e+00,-1.733067631721496582e+00,-1.792395949363708496e+00
1.409589290618896484e+00,-1.141702413558959961e+00,-1.828366875648498535e+00,1.380591750144958496e+00,-1.641106724739074707e+00
1.785437941551208496e+00,5.247244834899902344e-01,1.756073355674743652e+00,-1.532657623291015625e+00,-2.070053815841674805e+00
2.601753473281860352e-01,-5.190179347991943359e-01,2.330623865127563477e+00,1.837258219718933105e+00,-2.126970529556274414e+00
2.218177556991577148e+00,5.947488918900489807e-02,1.877397179603576660e+00,-1.568872213363647461e+00,-2.281232357025146484e+00
1.728129148483276367e+00,1.045910865068435669e-01,-1.895836353302001953e+00,-1.803883194923400879e+00,-2.741403341293334961e+00
1.908169865608215332e+00,-4.628378152847290039e-01,1.201501131057739258e+00,1.250202059745788574e+00,-1.040047049522399902e+00
2.014594554901123047e+00,-7.314834594726562500e-01,-1.585827231407165527e+00,-1.351877450942993164e+00,-1.640845179557800293e+00
1.192523837089538574e-01,-8.651264011859893799e-02,-2.409835815429687500e+00,-1.830964088439941406e+00,-2.357123613357543945e+00
2.158247232437133789e+00,1.015114068984985352e+00,1.956531524658203125e+00,-2.359447956085205078e+00,-2.430669069290161133e+00
1.137540459632873535e+00,3.192373812198638916e-01,2.213397264480590820e+00,-2.126722335815429688e+00,-2.410378932952880859e+00
2.941866397857666016e+00,-5.822963714599609375e-01,1.047316789627075195e+00,-1.307091951370239258e+00,-2.362323999404907227e+00
2.113904476165771484e+00,6.565638780593872070e-01,1.929221272468566895e+00,1.822953224182128906e+00,-2.245921134948730469e+00
3.820387721061706543e-01,2.551190376281738281e+00,-2.225871801376342773e+00,2.380037069320678711e+00,-2.261120080947875977e+00
2.391406774520874023e+00,-8.114133477210998535e-01,1.930338859558105469e+00,-1.711089968681335449e+00,-2.376549720764160156e+00
9.500420093536376953e-01,-2.165032178163528442e-02,1.636078357696533203e+00,-1.349544763565063477e+00,-1.783313035964965820e+00
1.461482882499694824e+00,1.114719867706298828e+00,1.749911189079284668e+00,2.189109802246093750e+00,-2.871994972229003906e+00
4.660748839378356934e-01,-1.084834098815917969e+00,2.085363626480102539e+00,-1.808015584945678711e+00,-6.675996780395507812e-01
1.864971995353698730e+00,1.175528049468994141e+00,-2.109177589416503906e+00,2.529134273529052734e+00,-1.515099167823791504e+00
2.219431877136230469e+00,-1.814045011997222900e-01,-1.626134634017944336e+00,-1.274092197418212891e+00,-2.424751758575439453e+00
1.538861632347106934e+00,4.113786220550537109e-01,-1.799047470092773438e+00,1.708519697189331055e+00,-2.192757129669189453e+00
1.017028450965881348e+00,-9.621590375900268555e-02,-1.961323857307434082e+00,-1.488735198974609375e+00,-8.845186829566955566e-01
1.383306384086608887e+00,-5.998957753181457520e-01,1.915573596954345703e+00,1.534002542495727539e+00,-1.143478870391845703e+00
2.447315216064453125e+00,-6.111688017845153809e-01,-1.684816718101501465e+00,1.526555657386779785e+00,-8.716902136802673340e-01
2.677034616470336914e+00,4.620965421199798584e-01,-1.481507420539855957e+00,1.668848037719726562e+00,-8.527374863624572754e-01
3.243022263050079346e-01,1.255113720893859863e+00,-2.062425851821899414e+00,-2.130984067916870117e+00,-1.969465494155883789e+00
2.002321720123291016e+00,-1.030085325241088867e+00,1.498691558837890625e+00,-1.348413944244384766e+00,-2.224317073822021484e+00
1.846956014633178711e+00,-1.089101672172546387e+00,-1.578708887100219727e+00,1.353722929954528809e+00,-1.423721790313720703e+00
1.200755000114440918e+00,1.132519006729125977e+00,1.875263690948486328e+00,1.881404757499694824e+00,-1.703683495521545410e+00
2.250333070755004883e+00,1.252418994903564453e+00,-1.691893100738525391e+00,-1.851290583610534668e+00,-1.649518728256225586e+00
2.623770475387573242e+00,7.704936861991882324e-01,1.737859368324279785e+00,-2.421186447143554688e+00,-1.818530678749084473e+00
-8.986477851867675781e-01,-9.194469451904296875e-02,2.470746755599975586e+00,-1.800263285636901855e+00,-1.500732541084289551e+00
1.288015127182006836e+00,6.064641475677490234e-01,2.479140996932983398e+00,2.076924800872802734e+00,-1.577225089073181152e+00
1.679574608802795410e+00,-6.271611452102661133e-01,-2.489964008331298828e+00,-1.801669955253601074e+00,-2.605866432189941406e+00
1.937870144844055176e+00,-8.187732696533203125e-01,2.100963115692138672e+00,1.564531922340393066e+00,-2.167685747146606445e+00
2.513689994812011719e+00,-1.564082026481628418e+00,-1.800201177597045898e+00,1.425342559814453125e+00,-1.748291134834289551e+00
1.826552748680114746e+00,1.274676084518432617e+00,1.744355916976928711e+00,2.102526664733886719e+00,-2.287929058074951172e+00
1.871373891830444336e+00,-1.339160323143005371e+00,1.912038445472717285e+00,1.500302433967590332e+00,-1.250270605087280273e+00
1.428174257278442383e+00,5.228404402732849121e-01,-1.627656221389770508e+00,-1.634785294532775879e+00,-2.849049568176269531e+00
1.735180616378784180e+00,-6.967363357543945312e-01,1.516357421875000000e+00,1.194523811340332031e+00,-1.593635559082031250e+00
2.423065900802612305e+00,6.945372819900512695e-01,1.421635746955871582e+00,1.685232639312744141e+00,-7.867982387542724609e-01
8.397338986396789551e-01,1.008429884910583496e+00,2.464586257934570312e+00,2.254115343093872070e+00,-2.309211969375610352e+00
1.019558906555175781e+00,1.470166206359863281e+00,1.960748553276062012e+00,-2.108074903488159180e+00,-1.733927726745605469e+00
1.783927798271179199e+00,2.856355905532836914e-01,1.936461925506591797e+00,2.117479324340820312e+00,-2.591839790344238281e+00
2.938078165054321289e+00,-6.994104385375976562e-01,1.729066967964172363e+00,-1.608067512512207031e+00,-2.331811189651489258e+00
1.836706519126892090e+00,9.797308444976806641e-01,1.753061652183532715e+00,2.062531948089599609e+00,-2.529409408569335938e+00
1.382367849349975586e+00,1.405061721801757812e+00,-1.643227934837341309e+00,2.240182876586914062e+00,-2.432893037796020508e+00
2.572415113449096680e+00,-7.126035690307617188e-01,-1.414845824241638184e+00,1.359611988067626953e+00,-2.696148395538330078e+00
2.014202356338500977e+00,-3.628684580326080322e-01,-1.690427184104919434e+00,-1.941721677780151367e+00,-2.297571659088134766e+00
2.219096899032592773e+00,-1.491069078445434570e+00,1.280668377876281738e+00,1.146668434143066406e+00,-1.940002560615539551e+00
1.918188214302062988e+00,-9.992489218711853027e-01,1.410733222961425781e+00,-1.180455446243286133e+00,-1.963833451271057129e+00
1.733288049697875977e+00,-5.502356886863708496e-01,-1.599016785621643066e+00,-1.423905253410339355e+00,-1.346912264823913574e+00
2.192393302917480469e+00,-2.321042299270629883e+00,-1.371452331542968750e+00,-1.288482189178466797e+00,3.818501234054565430e-01
2.492223978042602539e+00,3.629935979843139648e-01,-1.593524336814880371e+00,2.004006624221801758e+00,-2.812247753143310547e+00
9.315047264099121094e-01,-3.055963516235351562e-01,-2.174380302429199219e+00,1.535960316658020020e+00,-2.432787179946899414e+00
1.446015119552612305e+00,-5.943728983402252197e-02,-2.167134046554565430e+00,-1.639616012573242188e+00,-2.290480613708496094e+00
1.644499421119689941e+00,2.773538231849670410e-03,-1.425071954727172852e+00,1.417648553848266602e+00,-1.889487743377685547e+00
-2.995344996452331543e-01,6.466640830039978027e-01,-2.424402236938476562e+00,-1.868478417396545410e+00,-1.979088664054870605e+00
1.766124963760375977e+00,-1.482908278703689575e-01,-1.513716936111450195e+00,1.327644705772399902e+00,-1.925870299339294434e+00
1.969597458839416504e+00,6.456005573272705078e-01,1.817843914031982422e+00,-2.154049873352050781e+00,-2.256110191345214844e+00
5.274155139923095703e-01,2.053215742111206055e+00,2.269506216049194336e+00,-2.296437263488769531e+00,-2.632415294647216797e+00
2.554723262786865234e+00,-8.952970504760742188e-01,-1.453998327255249023e+00,-1.101764678955078125e+00,-1.782242774963378906e+00
5.668830871582031250e-01,2.780002117156982422e+00,-1.989553809165954590e+00,-2.205184459686279297e+00,-2.649247884750366211e+00
2.959234952926635742e+00,-7.050499916076660156e-01,-1.141169428825378418e+00,1.373590230941772461e+00,-2.294694662094116211e+00
1.022724270820617676e+00,1.709453761577606201e-02,2.323099374771118164e+00,-1.883712530136108398e+00,-2.966947317123413086e+00
2.778430461883544922e+00,-8.596958518028259277e-01,1.364484190940856934e+00,-1.123712897300720215e+00,-6.755895018577575684e-01
1.953883886337280273e+00,3.412317335605621338e-01,1.867401838302612305e+00,-1.414897918701171875e+00,-1.892040371894836426e+00
2.633354425430297852e+00,-4.332890734076499939e-02,1.576498031616210938e+00,1.468960523605346680e+00,-1.491941690444946289e+00
1.312224626541137695e+00,1.677988052368164062e+00,-2.039638519287109375e+00,-2.573827743530273438e+00,-2.577032089233398438e+00
1.597285270690917969e+00,-9.487477540969848633e-01,-2.050370216369628906e+00,-1.547227978706359863e+00,-3.291949927806854248e-01
8.065083026885986328e-01,-2.510885000228881836e-01,2.603044748306274414e+00,2.242103815078735352e+00,-2.749277591705322266e+00
2.178946971893310547e+00,-3.174859881401062012e-01,1.611636877059936523e+00,1.752640962600708008e+00,-1.668179392814636230e+00
2.240140438079833984e+00,2.356287240982055664e-01,-1.973105907440185547e+00,-1.717890262603759766e+00,-1.670213460922241211e+00
2.429076671600341797e+00,-1.650100648403167725e-01,-1.990906000137329102e+00,-1.779835462570190430e+00,-2.631511449813842773e+00
2.479183673858642578e+00,8.053336739540100098e-01,1.327071785926818848e+00,1.666016221046447754e+00,-2.607003688812255859e+00
1.947965264320373535e+00,8.317488431930541992e-01,-1.425209283828735352e+00,-1.780263304710388184e+00,-1.903404474258422852e+00
5.877435207366943359e-01,-4.655427932739257812e-01,-1.948028206825256348e+00,-1.216592311859130859e+00,-1.228202223777770996e+00
1.786171197891235352e+00,1.958925962448120117e+00,-2.223806858062744141e+00,-2.440498113632202148e+00,-1.558516383171081543e+00
9.036840796470642090e-01,6.086208224296569824e-01,1.953644037246704102e+00,1.736983895301818848e+00,-2.585402011871337891e+00
2.154326677322387695e+00,1.768607258796691895e+00,-1.442145228385925293e+00,1.992519140243530273e+00,-1.818468332290649414e+00
3.376939594745635986e-01,6.027222275733947754e-01,2.141009569168090820e+00,1.856595635414123535e+00,-1.151261806488037109e+00
9.886907339096069336e-01,1.997964620590209961e+00,-2.101686477661132812e+00,2.467279911041259766e+00,-2.644512176513671875e+00
2.403633356094360352e+00,-8.369649648666381836e-01,1.590694069862365723e+00,1.471952438354492188e+00,-1.356165170669555664e+00
1.482573390007019043e+00,-9.405049085617065430e-01,-1.642679572105407715e+00,-1.218154072761535645e+00,-8.359799385070800781e-01
2.068181991577148438e+00,1.476866155862808228e-01,-1.670492887496948242e+00,1.626169443130493164e+00,-1.699571013450622559e+00
2.314781904220581055e+00,-1.883659958839416504e-01,-2.112118721008300781e+00,2.015379905700683594e+00,-2.371366024017333984e+00
1.856492519378662109e+00,-1.043982028961181641e+00,1.902703523635864258e+00,1.673475980758666992e+00,-2.419492721557617188e+00
5.245678126811981201e-03,1.826098561286926270e+00,-2.160701274871826172e+00,-2.003288269042968750e+00,-2.459016323089599609e+00
2.431163787841796875e+00,-1.894885599613189697e-01,-1.439619183540344238e+00,-1.703137636184692383e+00,-1.839560031890869141e+00
1.462382316589355469e+00,1.158801794052124023e+00,-2.113260269165039062e+00,2.175433158874511719e+00,-2.679433345794677734e+00
2.290224075317382812e+00,-5.785978436470031738e-01,-1.598367333412170410e+00,1.423187136650085449e+00,-1.848783254623413086e+00
1.042484760284423828e+00,1.680437207221984863e+00,-1.696881890296936035e+00,-1.979356527328491211e+00,-2.489589214324951172e+00
7.259997129440307617e-01,-9.541796147823333740e-02,-2.700974225997924805e+00,2.329998970031738281e+00,-1.832204699516296387e+00
1.458970427513122559e+00,-1.103681564331054688e+00,1.713231444358825684e+00,1.527983784675598145e+00,-9.848555326461791992e-01
1.646362066268920898e+00,-1.309727549552917480e+00,1.498480439186096191e+00,9.511944055557250977e-01,-7.246651053428649902e-01
1.703438758850097656e+00,-5.614073276519775391e-01,-2.024283885955810547e+00,-1.356372714042663574e+00,-1.145663738250732422e+00
2.612849235534667969e+00,-7.216483950614929199e-01,-1.343857765197753906e+00,-1.742242932319641113e+00,-1.855309486389160156e+00
1.265122771263122559e+00,1.284061670303344727e+00,-2.124871015548706055e+00,2.641184568405151367e+00,-2.314830064773559570e+00
1.375659704208374023e+00,-8.599913120269775391e-01,1.876141786575317383e+00,-1.609821557998657227e+00,-1.115706205368041992e+00
1.968588829040527344e+00,-1.248858928680419922e+00,-1.354833364486694336e+00,-1.081963777542114258e+00,-1.023083448410034180e+00
2.655977964401245117e+00,1.669469952583312988e+00,1.964442610740661621e+00,2.726994276046752930e+00,-2.619671583175659180e+00
2.671813726425170898e+00,-3.140585422515869141e-01,-1.405887722969055176e+00,-1.974804997444152832e+00,-5.336736440658569336e-01
2.182457447052001953e+00,-1.148744463920593262e+00,-1.596959352493286133e+00,-1.213956117630004883e+00,-2.072891235351562500e+00
1.272045969963073730e+00,-1.865651309490203857e-01,-1.915980100631713867e+00,-1.619755387306213379e+00,-2.197384357452392578e+00
2.863759756088256836e+00,2.532937228679656982e-01,-1.925716161727905273e+00,-2.112756729125976562e+00,-2.281430482864379883e+00
1.114742875099182129e+00,-5.235164165496826172e-01,-1.827613234519958496e+00,-1.333917379379272461e+00,-2.842568397521972656e+00
-4.531064033508300781e-01,1.028364300727844238e+00,2.391941547393798828e+00,1.890702724456787109e+00,-2.443303823471069336e+00
2.539387226104736328e+00,-4.805860519409179688e-01,1.412507057189941406e+00,1.544240832328796387e+00,-2.661872625350952148e+00
1.927059769630432129e+00,1.915942430496215820e+00,-1.911946892738342285e+00,-2.750467061996459961e+00,-2.749086618423461914e+00
2.395411968231201172e+00,-1.223030090332031250e+00,1.701625943183898926e+00,1.504067420959472656e+00,-1.976486802101135254e+00
2.160689115524291992e+00,-5.537537336349487305e-01,1.526126027107238770e+00,1.289139866828918457e+00,-2.890783786773681641e+00
-1.139995932579040527e+00,1.840776324272155762e+00,2.823396682739257812e+00,2.575594902038574219e+00,-1.462924718856811523e+00
1.931323051452636719e+00,1.120839834213256836e+00,-1.936592698097229004e+00,2.376265525817871094e+00,-2.087922811508178711e+00
1.711270093917846680e+00,-1.316208720207214355e+00,-1.803278565406799316e+00,-1.444112777709960938e+00,-1.789435625076293945e+00
1.668943047523498535e+00,-1.268585473299026489e-01,2.191093206405639648e+00,1.916249752044677734e+00,-2.920954227447509766e+00
1.886833310127258301e-01,-1.786934137344360352e-01,-2.335029125213623047e+00,1.370970964431762695e+00,-2.795292377471923828e+00
5.898063182830810547e-01,7.420570850372314453e-01,2.049673557281494141e+00,-2.077762842178344727e+00,-1.640820980072021484e+00
1.489935636520385742e+00,4.313640892505645752e-01,-1.989636659622192383e+00,1.772641181945800781e+00,-2.812730550765991211e+00
1.543851137161254883e+00,-1.666540503501892090e-01,1.270318508148193359e+00,1.179262280464172363e+00,-1.122745871543884277e+00
2.292822599411010742e+00,-1.494610458612442017e-01,1.574458718299865723e+00,1.393580198287963867e+00,-6.865726113319396973e-01
1.312755227088928223e+00,-7.878770828247070312e-01,-2.355075836181640625e+00,-1.851692080497741699e+00,-2.577948093414306641e+00
9.728534221649169922e-01,1.035749673843383789e+00,2.355852603912353516e+00,-2.222161769866943359e+00,-1.985466003417968750e+00
2.278802156448364258e+00,-4.936246573925018311e-01,-1.353491306304931641e+00,-1.195162653923034668e+00,-2.501818418502807617e+00
1.446273803710937500e+00,1.800307631492614746e+00,-1.855997323989868164e+00,-2.189143896102905273e+00,-2.807087421417236328e+00
2.567882299423217773e+00,-8.174887895584106445e-01,1.058679699897766113e+00,1.253687500953674316e+00,-1.543335318565368652e+00
2.319892406463623047e+00,4.186942279338836670e-01,-1.990725159645080566e+00,-2.401782751083374023e+00,-2.561829328536987305e+00
1.647567152976989746e+00,-6.459213495254516602e-01,1.534999370574951172e+00,1.254752874374389648e+00,-2.591181993484497070e+00
-3.184297978878021240e-01,6.449061632156372070e-01,-2.294321537017822266e+00,-2.206487178802490234e+00,-2.412344694137573242e+00
1.158563852310180664e+00,1.473430156707763672e+00,-1.987533330917358398e+00,-2.269931554794311523e+00,-1.887483119964599609e+00
-5.815839767456054688e-01,8.578981161117553711e-01,-2.204689025878906250e+00,-1.445320367813110352e+00,-2.042591810226440430e+00
2.359718799591064453e+00,-1.053099274635314941e+00,-1.806149125099182129e+00,1.544700384140014648e+00,-1.712195515632629395e+00
1.976541399955749512e+00,-1.553739786148071289e+00,-1.487427473068237305e+00,-1.929810762405395508e+00,-1.313556551933288574e+00
2.172644853591918945e+00,5.975000262260437012e-01,-2.217518568038940430e+00,2.352082014083862305e+00,-2.403181076049804688e+00
2.004650354385375977e+00,-8.339461088180541992e-01,1.202403187751770020e+00,-1.097969174385070801e+00,-2.555969476699829102e+00
1.192401170730590820e+00,1.270636077970266342e-02,-1.817871570587158203e+00,1.723531007766723633e+00,-1.537032604217529297e+00
1.626522541046142578e+00,-1.291644096374511719e+00,-2.222057104110717773e+00,1.704361677169799805e+00,-1.316253185272216797e+00
1.010931581258773804e-01,7.348648905754089355e-01,2.511913061141967773e+00,-1.898855686187744141e+00,-2.797110319137573242e+00
1.126169919967651367e+00,8.750486969947814941e-01,1.725986957550048828e+00,1.756344318389892578e+00,-2.480399131774902344e+00
-1.406568050384521484e+00,1.704876422882080078e+00,-2.814749479293823242e+00,-2.144780158996582031e+00,-1.133901596069335938e+00
2.196556091308593750e+00,5.542963147163391113e-01,1.806356906890869141e+00,-2.032090663909912109e+00,-2.703184127807617188e+00
7.284451723098754883e-01,3.369757533073425293e-01,-2.238797426223754883e+00,1.690740346908569336e+00,-2.341640949249267578e+00
2.369968414306640625e+00,-8.528278023004531860e-02,1.894609808921813965e+00,2.239045143127441406e+00,-1.921669125556945801e+00
1.816309452056884766e+00,-1.090639829635620117e+00,-1.612784147262573242e+00,1.159640550613403320e+00,-1.239544749259948730e+00
1.596842527389526367e+00,-1.871385872364044189e-01,-2.357177972793579102e+00,-2.176635026931762695e+00,-2.837712049484252930e+00
1.971301674842834473e+00,-8.035830259323120117e-01,1.606652021408081055e+00,-1.311421751976013184e+00,-5.701164007186889648e-01
7.879135012626647949e-01,5.532431006431579590e-01,1.753118872642517090e+00,1.489020705223083496e+00,-2.653026819229125977e+00
8.462641835212707520e-01,-2.837255299091339111e-01,-1.971159934997558594e+00,1.668022871017456055e+00,-2.917605638504028320e+00
