2.587072610855102539e+00,2.235881567001342773e+00
8.447884917259216309e-01,1.201165795326232910e+00
7.590519189834594727e-01,1.345273613929748535e+00
-1.651973009109497070e+00,-1.190679073333740234e+00
1.620330095291137695e+00,1.084030270576477051e+00
1.184587121009826660e+00,1.451689004898071289e+00
9.641957879066467285e-01,9.385665655136108398e-01
6.903749108314514160e-01,7.473506331443786621e-01
8.866466283798217773e-01,1.421920061111450195e+00
9.881792664527893066e-01,5.857175588607788086e-01
-3.536778688430786133e-01,-1.169807076454162598e+00
1.306548953056335449e+00,7.541821002960205078e-01
-1.123837471008300781e+00,-8.830927014350891113e-01
-2.842790484428405762e-01,3.779803216457366943e-01
8.816026896238327026e-02,-3.386609256267547607e-01
-8.721859455108642578e-01,-4.505667388439178467e-01
7.541935443878173828e-01,1.919628739356994629e+00
-1.425147891044616699e+00,-1.506578445434570312e+00
-5.624167323112487793e-01,-6.535665392875671387e-01
1.279869437217712402e+00,3.619862794876098633e-01
3.880364000797271729e-01,1.498724341392517090e+00
-1.391189575195312500e+00,-1.225586533546447754e+00
4.967510998249053955e-01,6.346023082733154297e-01
-5.677992701530456543e-01,-8.307847976684570312e-01
1.259554147720336914e+00,9.003249406814575195e-01
-1.233012437820434570e+00,-1.924253106117248535e+00
1.301354765892028809e+00,1.587858319282531738e+00
-3.889091610908508301e-01,-6.141836047172546387e-01
-1.472925782203674316e+00,-7.667481899261474609e-01
7.680178284645080566e-01,1.420468449592590332e+00
3.314569592475891113e-01,7.887098193168640137e-01
-5.372223258018493652e-01,-7.165526151657104492e-01
7.041861414909362793e-01,1.530558466911315918e+00
-1.595916748046875000e+00,-1.708229184150695801e+00
-1.128279209136962891e+00,-1.109553694725036621e+00
-9.639183878898620605e-01,-6.822134256362915039e-01
2.801068127155303955e-01,1.041973978281021118e-01
-5.356288552284240723e-01,-1.540878295898437500e+00
-1.383022308349609375e+00,-1.084450125694274902e+00
-1.650336384773254395e+00,-6.800557374954223633e-01
-8.733964562416076660e-01,-1.025699973106384277e+00
1.221733093261718750e+00,1.434499859809875488e+00
1.238830208778381348e+00,8.572010397911071777e-01
-8.230923414230346680e-01,-7.370808124542236328e-01
-1.275142312049865723e+00,-1.424843668937683105e+00
-5.362153649330139160e-01,-1.384863853454589844e-01
1.714096903800964355e+00,1.506679534912109375e+00
6.768676042556762695e-01,9.502415060997009277e-01
-5.296139717102050781e-01,6.933128237724304199e-01
1.327651143074035645e+00,1.407402157783508301e+00
-1.310447573661804199e+00,-1.299978494644165039e+00
-8.578346371650695801e-01,-8.495291471481323242e-01
-6.737185716629028320e-01,-1.330676078796386719e+00
8.097817748785018921e-02,-6.405427306890487671e-02
7.581735253334045410e-01,7.748745083808898926e-01
1.385043621063232422e+00,9.624207019805908203e-01
-8.431629538536071777e-01,-1.546615481376647949e+00
9.365579485893249512e-01,7.297622561454772949e-01
-4.185211062431335449e-01,-2.934226691722869873e-01
1.139068126678466797e+00,8.783105015754699707e-01
-9.320732355117797852e-01,-8.704516887664794922e-01
4.458195269107818604e-01,6.068818569183349609e-01
-1.438238024711608887e+00,-7.285109758377075195e-01
1.416839480400085449e+00,1.398493766784667969e+00
1.493567705154418945e+00,1.227783083915710449e+00
8.599662184715270996e-01,1.284848928451538086e+00
-8.673977255821228027e-01,-8.357350230216979980e-01
-6.973381638526916504e-01,-1.489244699478149414e+00
-1.331386119127273560e-01,1.908879429101943970e-01
7.082486152648925781e-01,1.559397101402282715e+00
8.398033976554870605e-01,1.553783893585205078e+00
-8.703253269195556641e-01,-1.494280099868774414e+00
-1.259919047355651855e+00,-1.348823070526123047e+00
-1.042839586734771729e-01,1.371292829513549805e+00
1.718603014945983887e+00,1.477071762084960938e+00
1.665671706199645996e+00,7.369236946105957031e-01
1.467370271682739258e+00,9.883153438568115234e-01
9.069494009017944336e-01,4.088655114173889160e-01
2.475909471511840820e+00,2.153859615325927734e+00
3.521565198898315430e-01,9.559958577156066895e-01
-1.512151598930358887e+00,-1.616386294364929199e+00
-1.509397625923156738e+00,-1.491865396499633789e+00
2.667583227157592773e+00,2.604114294052124023e+00
1.607922315597534180e+00,1.354225158691406250e+00
-1.148998379707336426e+00,-8.366751074790954590e-01
5.939012765884399414e-01,1.534518718719482422e+00
8.901154398918151855e-01,1.163060784339904785e+00
-1.337850213050842285e+00,-1.611479282379150391e+00
-1.085143685340881348e+00,-1.536994218826293945e+00
-1.373618960380554199e+00,-7.891172170639038086e-01
3.788434565067291260e-01,1.072337269783020020e+00
1.243284821510314941e+00,8.925901055335998535e-01
8.881280422210693359e-01,6.558690071105957031e-01
1.325224399566650391e+00,1.225196123123168945e+00
1.749852299690246582e+00,5.958366990089416504e-01
7.787680625915527344e-01,9.694398045539855957e-01
1.681364655494689941e+00,3.393442332744598389e-01
1.519346952438354492e+00,9.300369620323181152e-01
6.931708455085754395e-01,1.064794063568115234e+00
1.737145185470581055e+00,6.254278123378753662e-02
-5.643373131752014160e-01,-6.007804274559020996e-01
1.405143857002258301e+00,1.122257232666015625e+00
5.596867799758911133e-01,5.881342887878417969e-01
1.263180017471313477e+00,9.845644831657409668e-01
4.426104128360748291e-01,1.495089411735534668e+00
-3.504279851913452148e-01,-4.492268860340118408e-01
1.337494969367980957e+00,1.573088407516479492e+00
1.649751901626586914e+00,1.194571971893310547e+00
-5.845770835876464844e-01,-6.048693656921386719e-01
-1.072838902473449707e+00,-8.391824364662170410e-01
6.769525408744812012e-01,1.770891547203063965e+00
8.969414234161376953e-01,7.083548307418823242e-01
-9.561552405357360840e-01,-9.408921003341674805e-01
1.363179922103881836e+00,1.063770651817321777e+00
-3.408005237579345703e-01,-1.337306141853332520e+00
1.389290452003479004e+00,9.474871754646301270e-01
5.813990235328674316e-01,4.751202464103698730e-01
1.200771689414978027e+00,8.956079483032226562e-01
2.198254466056823730e-01,1.554063439369201660e+00
-7.042402625083923340e-01,-8.264935612678527832e-01
-1.970462679862976074e+00,-2.025478601455688477e+00
7.485406398773193359e-01,5.796817541122436523e-01
1.393535017967224121e+00,2.136447906494140625e+00
4.509372413158416748e-01,9.857333898544311523e-01
-5.166101455688476562e-01,-9.322949647903442383e-01
-1.341525912284851074e+00,-1.454043149948120117e+00
5.111636519432067871e-01,7.506400346755981445e-01
-5.231091380119323730e-01,-4.764604866504669189e-01
5.481815338134765625e-01,5.728952288627624512e-01
6.371488571166992188e-01,8.566168546676635742e-01
-7.143444418907165527e-01,-2.446343600749969482e-01
-1.342358469963073730e+00,-8.480402827262878418e-01
1.409416675567626953e+00,4.891272187232971191e-01
7.781865596771240234e-01,9.211429357528686523e-01
8.162544369697570801e-01,4.779045581817626953e-01
8.082115650177001953e-01,1.165183782577514648e+00
8.148042559623718262e-01,1.480380892753601074e+00
-1.416850328445434570e+00,-1.768949508666992188e+00
9.693534374237060547e-01,1.220945119857788086e+00
-7.728779911994934082e-01,-1.331893444061279297e+00
-9.688314795494079590e-01,-1.304484844207763672e+00
8.258841037750244141e-01,1.463444709777832031e+00
2.159629344940185547e+00,2.132275581359863281e+00
2.973396480083465576e-01,-3.092738687992095947e-01
-1.419293880462646484e+00,-8.383544683456420898e-01
3.269576728343963623e-01,5.970214009284973145e-01
1.443464517593383789e+00,1.500205159187316895e+00
-1.352321147918701172e+00,-1.453036904335021973e+00
-6.750403642654418945e-01,-5.820451378822326660e-01
-6.008505821228027344e-01,-7.785193920135498047e-01
1.177064895629882812e+00,7.811026573181152344e-01
4.346672594547271729e-01,-1.374109387397766113e-01
6.874428391456604004e-01,1.771253585815429688e+00
-5.388128161430358887e-01,-8.465769290924072266e-01
-9.234986901283264160e-01,-1.190820217132568359e+00
-6.011021137237548828e-01,-4.319846034049987793e-01
-1.269307374954223633e+00,-7.167539596557617188e-01
1.139194846153259277e+00,2.467672675848007202e-01
1.074528574943542480e+00,5.449087023735046387e-01
-1.013249903917312622e-01,-2.152385860681533813e-01
7.478404641151428223e-01,9.465642273426055908e-02
7.351107597351074219e-01,9.575538039207458496e-01
1.025886893272399902e+00,6.356651782989501953e-01
-1.715102314949035645e+00,-9.236100316047668457e-01
-1.704766631126403809e+00,-1.102385878562927246e+00
1.205610632896423340e+00,1.117383003234863281e+00
5.112677812576293945e-01,1.222801923751831055e+00
9.669260382652282715e-01,1.430740833282470703e+00
1.499402999877929688e+00,5.081014335155487061e-02
-1.506386637687683105e+00,-1.015023231506347656e+00
8.157030344009399414e-01,1.508043766021728516e+00
-1.432614088058471680e+00,-3.863522112369537354e-01
1.442596077919006348e+00,1.283475279808044434e+00
1.262432098388671875e+00,8.484391570091247559e-01
-1.511383891105651855e+00,-9.845810532569885254e-01
1.393781781196594238e+00,8.734713196754455566e-01
-1.186117410659790039e+00,-1.280046343803405762e+00
1.428060770034790039e+00,5.139544606208801270e-01
-1.400501012802124023e+00,-1.290832996368408203e+00
5.845883488655090332e-01,1.257638812065124512e+00
-1.294589400291442871e+00,-1.209501266479492188e+00
1.159343481063842773e+00,1.224846482276916504e+00
-7.793298363685607910e-01,-9.908443093299865723e-01
5.702468752861022949e-01,1.223798513412475586e+00
-3.594086170196533203e-01,-7.465314865112304688e-02
1.393931984901428223e+00,1.125042080879211426e+00
-1.498596906661987305e+00,-6.191175580024719238e-01
1.063558816909790039e+00,1.371091961860656738e+00
-3.596286177635192871e-01,-6.132097244262695312e-01
-1.377153158187866211e+00,-7.546192407608032227e-01
9.688641428947448730e-01,1.311145424842834473e+00
1.345526337623596191e+00,1.437657356262207031e+00
1.570319056510925293e+00,1.250426650047302246e+00
1.202291250228881836e+00,1.234732031822204590e+00
7.971359491348266602e-01,4.020212888717651367e-01
1.333317637443542480e+00,4.770437777042388916e-01
9.449702501296997070e-01,5.324391126632690430e-01
1.531654596328735352e+00,1.275568366050720215e+00
-8.028869628906250000e-01,-1.439659595489501953e+00
-1.143756031990051270e+00,-7.080584764480590820e-01
6.234107017517089844e-01,5.474786758422851562e-01
9.507798552513122559e-01,9.475980997085571289e-01
-7.638090848922729492e-01,-1.073334455490112305e+00
-8.992747068405151367e-01,-1.025556206703186035e+00
7.466834783554077148e-01,1.678450226783752441e+00
-1.083117961883544922e+00,-2.111402273178100586e+00
-4.412081241607666016e-01,-6.343952417373657227e-01
5.496936440467834473e-01,4.616647362709045410e-01
-7.751988768577575684e-01,-1.151163220405578613e+00
1.327914953231811523e+00,6.876530051231384277e-01
1.176005840301513672e+00,6.075525879859924316e-01
-9.298001527786254883e-01,-1.152737855911254883e+00
1.091518402099609375e+00,1.520869374275207520e+00
1.156757235527038574e+00,1.450970888137817383e+00
5.999004840850830078e-01,5.478395223617553711e-01
-6.804371476173400879e-01,-1.022569775581359863e+00
-7.212005257606506348e-01,-1.631915450096130371e+00
1.042834639549255371e+00,6.695249080657958984e-01
1.315469145774841309e+00,9.881840944290161133e-01
9.467996358871459961e-01,1.418442726135253906e+00
6.178323030471801758e-01,6.915874481201171875e-01
-4.577144384384155273e-01,-7.360402345657348633e-01
-8.100107908248901367e-01,-1.347435951232910156e+00
5.575053691864013672e-01,9.393850564956665039e-01
1.291172742843627930e+00,2.296498298645019531e+00
-7.687833309173583984e-01,-8.455936312675476074e-01
-1.742328763008117676e+00,-1.394737958908081055e+00
8.434753417968750000e-01,9.253636598587036133e-01
1.305810570716857910e+00,1.190670847892761230e+00
-7.862499952316284180e-01,-1.272065043449401855e+00
1.647542715072631836e+00,1.732722163200378418e+00
1.375279068946838379e+00,7.933396697044372559e-01
1.341715693473815918e+00,9.161354899406433105e-01
-1.353391766548156738e+00,-1.280358076095581055e+00
9.377273917198181152e-01,1.546699404716491699e+00
1.237436175346374512e+00,1.055579543113708496e+00
9.560336470603942871e-01,1.667831182479858398e+00
-7.859652042388916016e-01,-1.190668106079101562e+00
-9.394438862800598145e-01,-1.557408928871154785e+00
1.001553058624267578e+00,1.506070017814636230e+00
-1.122906208038330078e+00,-1.016600131988525391e+00
-8.494666218757629395e-01,-9.721601009368896484e-01
8.337419033050537109e-01,8.359491825103759766e-01
-1.443511247634887695e+00,-8.489897847175598145e-01
-6.416135430335998535e-01,-9.569345712661743164e-01
-3.287556171417236328e-01,-2.728647887706756592e-01
1.151529908180236816e+00,1.426895499229431152e+00
1.501784205436706543e+00,1.029617786407470703e+00
-7.457016706466674805e-01,-3.333151638507843018e-01
1.269723296165466309e+00,3.689078390598297119e-01
-6.241380572319030762e-01,-8.041633963584899902e-01
4.489316940307617188e-01,7.091897726058959961e-01
1.253342270851135254e+00,1.123615726828575134e-01
-4.784362316131591797e-01,-1.767821788787841797e+00
1.539947390556335449e-01,9.648483991622924805e-01
-1.291068553924560547e+00,-1.454764962196350098e+00
1.219193696975708008e+00,1.348382115364074707e+00
4.393984675407409668e-01,5.189486145973205566e-01
8.783109188079833984e-01,4.169205725193023682e-01
-1.291981637477874756e-01,-6.727179884910583496e-01
6.979035139083862305e-01,7.529989480972290039e-01
3.582134842872619629e-02,-1.356595873832702637e+00
1.644223690032958984e+00,5.729667544364929199e-01
2.495666742324829102e+00,2.362880706787109375e+00
-9.749095439910888672e-01,-9.232375025749206543e-01
-1.506771326065063477e+00,-1.249766707420349121e+00
-1.571069359779357910e+00,-1.378925204277038574e+00
1.672167181968688965e-01,-3.213489353656768799e-01
-1.229512333869934082e+00,-1.461042404174804688e+00
1.137839794158935547e+00,9.695209264755249023e-01
-1.681788921356201172e+00,-1.346059560775756836e+00
-6.947100162506103516e-02,1.100856542587280273e+00
1.476859331130981445e+00,5.177539587020874023e-01
-1.201765418052673340e+00,-1.011905550956726074e+00
2.733997702598571777e-01,-7.356795668601989746e-01
1.470905423164367676e+00,1.847106456756591797e+00
7.452709078788757324e-01,1.434251070022583008e+00
9.292296171188354492e-01,6.584025025367736816e-01
4.136213660240173340e-01,1.162118077278137207e+00
8.062615990638732910e-01,6.371478438377380371e-01
-7.567864060401916504e-01,-9.829230904579162598e-01
5.576374530792236328e-01,9.487027525901794434e-01
-1.347874879837036133e+00,-1.559413075447082520e+00
1.166203498840332031e+00,1.833950281143188477e-01
-9.632958769798278809e-01,-8.604237437248229980e-01
-1.038949966430664062e+00,-1.070335149765014648e+00
-8.334716558456420898e-01,-1.013238191604614258e+00
4.396575689315795898e-01,7.147579193115234375e-01
-5.065737366676330566e-01,3.654800951480865479e-01
7.782782912254333496e-01,1.535708427429199219e+00
1.225497245788574219e+00,3.387141525745391846e-01
2.665264308452606201e-01,8.922407627105712891e-01
7.976579666137695312e-01,1.214832663536071777e+00
-1.937305927276611328e-01,-7.482705712318420410e-01
-1.058166027069091797e+00,-1.047198414802551270e+00
1.478657007217407227e+00,6.052644252777099609e-01
4.525424540042877197e-01,1.051457881927490234e+00
-1.423220992088317871e+00,-1.156121253967285156e+00
7.084006071090698242e-01,2.189967870712280273e+00
1.515200138092041016e+00,5.067233443260192871e-01
1.477749180048704147e-02,1.110210895538330078e+00
9.887746572494506836e-01,1.419623851776123047e+00
1.155377268791198730e+00,1.092791914939880371e+00
7.658639550209045410e-01,2.210857719182968140e-01
5.423824116587638855e-02,4.810283780097961426e-01
8.532682061195373535e-01,1.492538094520568848e+00
1.328900456428527832e+00,1.620603561401367188e+00
9.207377433776855469e-01,1.138828158378601074e+00
8.796188235282897949e-01,1.197825670242309570e+00
-6.360379457473754883e-01,-1.249651789665222168e+00
1.526318430900573730e+00,1.870537400245666504e+00
-1.589837431907653809e+00,-1.533826708793640137e+00
6.285202503204345703e-01,1.372990012168884277e+00
-1.170596241950988770e+00,-1.784925103187561035e+00
1.376738429069519043e+00,8.785448670387268066e-01
1.660799384117126465e+00,6.265288591384887695e-01
-1.365001320838928223e+00,-1.195886373519897461e+00
-6.961253285408020020e-01,-1.342877149581909180e+00
8.511123657226562500e-01,1.419013857841491699e+00
7.389540076255798340e-01,1.064048171043395996e+00
-1.235641241073608398e+00,-1.396058082580566406e+00
8.039047718048095703e-01,1.147608160972595215e+00
-4.980250895023345947e-01,-1.299638390541076660e+00
1.208820104598999023e+00,9.479443430900573730e-01
-1.520589590072631836e+00,-1.726709485054016113e+00
9.059708714485168457e-01,1.080057740211486816e+00
-1.029664993286132812e+00,-1.701403141021728516e+00
9.242963194847106934e-01,1.283084988594055176e+00
-5.573729872703552246e-01,1.807290613651275635e-01
-1.340441823005676270e+00,-6.323660016059875488e-01
7.189035415649414062e-01,1.328765749931335449e+00
5.303460955619812012e-01,1.022884249687194824e+00
6.796813011169433594e-01,6.867829561233520508e-01
1.120488286018371582e+00,8.459677100181579590e-01
-1.659349650144577026e-01,-1.245556712150573730e+00
3.334909975528717041e-01,8.960291147232055664e-01
-4.668375849723815918e-01,-2.297601699829101562e+00
-3.094677925109863281e-01,-1.353965997695922852e+00
-9.294392466545104980e-01,-1.196555852890014648e+00
1.638902544975280762e+00,1.471373796463012695e+00
1.513470530509948730e+00,1.467419981956481934e+00
8.676188588142395020e-01,6.726341247558593750e-01
9.716475009918212891e-01,5.407108664512634277e-01
-1.227840781211853027e+00,-1.091160535812377930e+00
5.929039120674133301e-01,1.550711274147033691e+00
-1.411930799484252930e+00,-1.391339063644409180e+00
-3.719227015972137451e-01,-8.971316218376159668e-01
-1.014930248260498047e+00,-1.468369364738464355e+00
-1.900407433509826660e+00,-1.507345438003540039e+00
-8.789293169975280762e-01,-9.713341593742370605e-01
-2.262456715106964111e-01,2.088375329971313477e+00
1.140849232673645020e+00,5.642077922821044922e-01
1.052768826484680176e+00,1.355706930160522461e+00
1.465698480606079102e+00,1.239770531654357910e+00
-8.127722144126892090e-01,-1.268273115158081055e+00
-9.796946644783020020e-01,1.376960575580596924e-01
1.100542664527893066e+00,1.565878152847290039e+00
-1.607388496398925781e+00,-1.683296203613281250e+00
6.554214954376220703e-01,7.409989237785339355e-01
5.464448332786560059e-01,1.268054723739624023e+00
3.322058916091918945e-01,4.963112771511077881e-01
7.225815653800964355e-01,1.793087869882583618e-01
-1.469757199287414551e+00,-1.597848057746887207e+00
7.602178454399108887e-01,1.097113013267517090e+00
1.044908642768859863e+00,5.490659475326538086e-01
-1.424650430679321289e+00,-9.847291111946105957e-01
-1.493917226791381836e+00,-5.578845739364624023e-01
7.616474628448486328e-01,9.105927944183349609e-01
1.027627229690551758e+00,1.492519974708557129e+00
1.218480467796325684e+00,8.431305289268493652e-01
1.625307798385620117e+00,1.036765456199645996e+00
-1.402184724807739258e+00,-1.529034852981567383e+00
-1.499508738517761230e+00,-1.717113494873046875e+00
1.240927696228027344e+00,1.238433599472045898e+00
-1.109359979629516602e+00,-9.165359139442443848e-01
1.279739260673522949e+00,1.122785806655883789e+00
7.450342774391174316e-01,4.430887401103973389e-01
1.187595725059509277e+00,6.703121662139892578e-01
-1.149577736854553223e+00,-9.648975133895874023e-01
8.685461878776550293e-01,-8.242277055978775024e-02
-1.484825968742370605e+00,-7.497103810310363770e-01
1.366729497909545898e+00,1.550915360450744629e+00
-7.654210329055786133e-01,-2.068301677703857422e+00
4.785306751728057861e-01,2.101121425628662109e+00
-1.342836976051330566e+00,-1.414772868156433105e+00
1.425940155982971191e+00,1.136292099952697754e+00
6.998775601387023926e-01,9.081328511238098145e-01
6.163800954818725586e-01,1.119399547576904297e+00
5.965519547462463379e-01,7.761662602424621582e-01
-1.130172967910766602e+00,-1.791328430175781250e+00
-4.083703458309173584e-01,-8.703208714723587036e-02
-3.483131527900695801e-02,-4.195426702499389648e-01
1.507195353507995605e+00,1.112110495567321777e+00
-7.478275299072265625e-01,-5.718252062797546387e-01
1.641334414482116699e+00,2.617301642894744873e-01
6.283531188964843750e-01,6.779974699020385742e-01
1.465405583381652832e+00,1.407524704933166504e+00
-6.413667201995849609e-01,-5.968967676162719727e-01
7.911347150802612305e-01,1.210181117057800293e+00
-8.092184662818908691e-01,-1.197987079620361328e+00
6.996683478355407715e-01,2.167800188064575195e+00
-3.861825168132781982e-01,2.375374436378479004e-01
-5.716037750244140625e-01,-6.127744317054748535e-01
6.551930215209722519e-03,-2.415894567966461182e-01
1.510257720947265625e+00,7.149075269699096680e-01
-4.492432475090026855e-01,-1.383805871009826660e+00
-4.156519174575805664e-01,-1.218839764595031738e+00
2.734368741512298584e-01,1.271797657012939453e+00
2.306200265884399414e+00,2.910530567169189453e-01
6.473028063774108887e-01,8.521875739097595215e-01
1.756324410438537598e+00,1.506282925605773926e+00
-4.603965580463409424e-01,-8.980132341384887695e-01
-6.511251926422119141e-01,-1.232417598366737366e-01
1.121556758880615234e+00,9.398059248924255371e-01
-1.205836892127990723e+00,-6.190178990364074707e-01
-1.121773004531860352e+00,-1.580822348594665527e+00
-8.952328562736511230e-01,-1.024454355239868164e+00
4.677220284938812256e-01,9.330745935440063477e-01
1.156394958496093750e+00,5.700875520706176758e-01
-6.837416887283325195e-01,-1.277766585350036621e+00
-1.547058224678039551e-01,-6.862125992774963379e-01
1.167330741882324219e+00,5.591871738433837891e-01
4.042891263961791992e-01,-4.272573292255401611e-01
-7.989503145217895508e-01,-1.412655711174011230e+00
1.664967417716979980e+00,1.265249490737915039e+00
8.235882520675659180e-01,1.485455989837646484e+00
-6.130291819572448730e-01,-1.331230282783508301e+00
7.120457291603088379e-01,5.173655152320861816e-01
4.972555339336395264e-01,1.119476914405822754e+00
-1.055956721305847168e+00,-1.499687314033508301e+00
-6.726051568984985352e-01,-3.230128586292266846e-01
-1.271804571151733398e+00,-1.116756319999694824e+00
-8.077020645141601562e-01,-5.993468761444091797e-01
1.616694450378417969e+00,2.236861705780029297e+00
-1.308906555175781250e+00,-1.279054164886474609e+00
1.317141771316528320e+00,1.317794084548950195e+00
2.172072380781173706e-01,7.720673680305480957e-01
-1.424081802368164062e+00,-9.566055536270141602e-01
-7.888935208320617676e-01,-1.290148615837097168e+00
7.905057668685913086e-01,1.370837569236755371e+00
6.957421302795410156e-01,1.303293704986572266e+00
-5.101528763771057129e-01,-2.499745607376098633e+00
1.670917630195617676e+00,1.896546006202697754e+00
1.026729941368103027e+00,1.142296195030212402e+00
5.667937994003295898e-01,-1.009361863136291504e+00
9.482014179229736328e-01,6.173685789108276367e-01
1.380948662757873535e+00,4.834895431995391846e-01
-1.553931951522827148e+00,-1.351726174354553223e+00
8.641702532768249512e-01,1.632706880569458008e+00
1.409869194030761719e+00,1.284080386161804199e+00
5.253072381019592285e-01,1.569212913513183594e+00
1.444941878318786621e+00,1.348987460136413574e+00
-6.085446476936340332e-01,-1.192868947982788086e+00
4.225084483623504639e-01,2.259307861328125000e+00
6.992294192314147949e-01,1.397154211997985840e+00
-8.459847569465637207e-01,-1.354250192642211914e+00
1.317152023315429688e+00,1.478035211563110352e+00
1.522159814834594727e+00,1.362400412559509277e+00
1.425902366638183594e+00,1.229064702987670898e+00
9.649996161460876465e-01,1.660934984683990479e-01
-1.414012908935546875e+00,-4.830758571624755859e-01
9.180093184113502502e-03,7.946627140045166016e-01
-1.298978567123413086e+00,-1.042403578758239746e+00
1.508067369461059570e+00,1.453524708747863770e+00
1.545431971549987793e+00,6.149213910102844238e-01
-5.707802772521972656e-01,-5.306748151779174805e-01
-5.999802350997924805e-01,-1.622165560722351074e+00
2.036905586719512939e-01,-6.885971426963806152e-01
7.550190687179565430e-01,1.722955822944641113e+00
7.887103557586669922e-01,7.185220122337341309e-01
6.099665760993957520e-01,7.686784267425537109e-01
-1.458671092987060547e+00,-1.282565951347351074e+00
1.274349212646484375e+00,4.481606781482696533e-01
1.134214878082275391e+00,4.333620071411132812e-01
1.091426253318786621e+00,1.276543378829956055e+00
7.485721111297607422e-01,8.865719437599182129e-01
1.377515554428100586e+00,1.750109434127807617e+00
-5.424435734748840332e-01,-5.210883021354675293e-01
1.019481420516967773e+00,1.912392258644104004e+00
1.005108952522277832e+00,9.843414425849914551e-01
-1.824963688850402832e+00,-1.135655164718627930e+00
1.107404828071594238e+00,7.944775819778442383e-01
6.114636063575744629e-01,7.012263536453247070e-01
1.377987146377563477e+00,1.127526521682739258e+00
1.614471197128295898e+00,1.390551924705505371e+00
6.614375114440917969e-01,1.020957946777343750e+00
-1.268611550331115723e+00,-1.371708154678344727e+00
-8.636813759803771973e-01,-1.172404289245605469e+00
1.499572157859802246e+00,8.372478485107421875e-01
7.603796124458312988e-01,7.566704750061035156e-01
-7.522888183593750000e-01,-1.412332415580749512e+00
-1.014890193939208984e+00,-1.722282886505126953e+00
6.394726037979125977e-01,1.527256011962890625e+00
6.466496586799621582e-01,1.192008495330810547e+00
7.136825323104858398e-01,6.875645518302917480e-01
1.498941421508789062e+00,5.653700828552246094e-01
9.605518579483032227e-01,1.203849434852600098e+00
1.073632121086120605e+00,1.751919865608215332e+00
-1.416158318519592285e+00,-1.333763003349304199e+00
1.046912789344787598e+00,1.143979787826538086e+00
2.425394952297210693e-01,-7.673329710960388184e-01
5.975910425186157227e-01,5.675673484802246094e-01
-1.163317441940307617e+00,-1.001758694648742676e+00
-3.701968789100646973e-01,-4.200340807437896729e-01
-8.312191367149353027e-01,-1.217686176300048828e+00
-4.987600445747375488e-01,-9.849423170089721680e-01
-1.416242361068725586e+00,-7.537257075309753418e-01
-1.207098364830017090e+00,-1.796091079711914062e+00
-9.736976623535156250e-01,-9.005758166313171387e-01
-7.967647314071655273e-01,-7.793890237808227539e-01
-4.942909181118011475e-01,-4.169152677059173584e-01
6.663265824317932129e-01,2.226349264383316040e-01
-5.823734998703002930e-01,-3.013291656970977783e-01
1.479385852813720703e+00,1.050870060920715332e+00
9.132004976272583008e-01,8.971479535102844238e-01
-1.483850240707397461e+00,-1.192718386650085449e+00
1.208878517150878906e+00,1.375569581985473633e+00
6.465533375740051270e-01,1.104488611221313477e+00
-1.384253144264221191e+00,-1.382051944732666016e+00
-1.157646656036376953e+00,-1.116274118423461914e+00
1.179225087165832520e+00,4.785410314798355103e-02
3.520607948303222656e-01,6.957858800888061523e-01
-1.943300068378448486e-01,-1.579205036163330078e+00
-6.248772740364074707e-01,-1.343048691749572754e+00
-1.304603576660156250e+00,-1.378934264183044434e+00
-1.021555304527282715e+00,-1.373493790626525879e+00
1.507242798805236816e+00,8.583443164825439453e-01
7.165634632110595703e-01,1.703413367271423340e+00
8.135062456130981445e-01,6.596966981887817383e-01
-6.714251041412353516e-01,-1.643210053443908691e+00
1.165609598159790039e+00,1.415399789810180664e+00
1.646583914756774902e+00,1.163159251213073730e+00
2.087046653032302856e-01,6.230916976928710938e-01
1.017082452774047852e+00,6.544820666313171387e-01
-1.646686643362045288e-01,-1.016962170600891113e+00
-1.798290729522705078e+00,-1.232159495353698730e+00
6.798286437988281250e-01,1.420007824897766113e+00
-4.148791134357452393e-01,-4.521304965019226074e-01
-9.877374768257141113e-01,-9.188337922096252441e-01
9.368851780891418457e-01,1.054943442344665527e+00
-4.201308786869049072e-01,-1.199482440948486328e+00
1.493299007415771484e+00,1.226551413536071777e+00
1.258771657943725586e+00,4.918162822723388672e-01
1.133380889892578125e+00,1.355921268463134766e+00
7.312718033790588379e-01,2.621673822402954102e+00
-6.587406992912292480e-01,-1.596676349639892578e+00
-1.460022807121276855e+00,-8.333585858345031738e-01
-1.766057848930358887e+00,-1.197661399841308594e+00
5.906373858451843262e-01,4.893554747104644775e-01
-1.473773360252380371e+00,-1.089705228805541992e+00
8.364865183830261230e-01,1.532838463783264160e+00
3.872664272785186768e-01,1.510307908058166504e+00
1.850453376770019531e+00,2.089364677667617798e-01
6.616948843002319336e-01,9.713059067726135254e-01
4.880806803703308105e-01,1.498754143714904785e+00
-1.086559414863586426e+00,-8.287451863288879395e-01
-1.040217280387878418e+00,-8.328568339347839355e-01
-1.070028781890869141e+00,-1.481147646903991699e+00
1.913203150033950806e-01,5.814494490623474121e-01
-1.490884780883789062e+00,-1.509786128997802734e+00
7.924099564552307129e-01,8.749014139175415039e-01
-7.637497782707214355e-01,-1.672726631164550781e+00
2.749968171119689941e-01,-5.846700072288513184e-01
-9.070993661880493164e-01,-9.882336854934692383e-01
9.775932431221008301e-01,8.524940013885498047e-01
4.082784354686737061e-01,6.658289432525634766e-01
-2.672698497772216797e-01,-5.811451077461242676e-01
-1.493707858026027679e-02,-4.594374299049377441e-01
9.528521299362182617e-01,7.403970956802368164e-01
1.654097437858581543e+00,1.377399206161499023e+00
-6.920638680458068848e-01,-5.982997417449951172e-01
1.200487256050109863e+00,6.709917783737182617e-01
-1.479680180549621582e+00,-1.485736966133117676e+00
1.128552913665771484e+00,1.754235863685607910e+00
1.986363887786865234e+00,1.247869133949279785e+00
-1.210291385650634766e+00,-7.661557197570800781e-01
4.577723145484924316e-01,7.349917888641357422e-01
1.872159242630004883e-01,3.763786852359771729e-01
1.519332289695739746e+00,1.351037144660949707e+00
-1.176362752914428711e+00,-1.169938087463378906e+00
-1.634988069534301758e+00,-5.446922183036804199e-01
-1.710328459739685059e+00,-1.570255517959594727e+00
7.603262662887573242e-01,1.613732218742370605e+00
9.988720417022705078e-01,1.019742965698242188e+00
1.595649600028991699e+00,7.377156019210815430e-01
-8.993808031082153320e-01,-1.471815824508666992e+00
-1.171745538711547852e+00,-6.996352672576904297e-01
2.149593085050582886e-01,7.892323136329650879e-01
1.200792789459228516e+00,1.257318377494812012e+00
1.464147448539733887e+00,1.154156804084777832e+00
-1.191624045372009277e+00,-9.008808732032775879e-01
-5.652629137039184570e-01,-1.449671626091003418e+00
5.296054482460021973e-01,-5.222209095954895020e-01
5.927829742431640625e-01,1.056740283966064453e+00
1.015602946281433105e+00,1.207352042198181152e+00
7.760742306709289551e-01,7.172524929046630859e-01
-1.221248865127563477e+00,-1.045302271842956543e+00
-8.834174275398254395e-01,-1.010187387466430664e+00
1.493714898824691772e-01,-2.689609527587890625e-01
1.508156299591064453e+00,1.515009522438049316e+00
1.255625128746032715e+00,1.266066551208496094e+00
2.269229888916015625e+00,1.850357770919799805e+00
8.623208403587341309e-01,1.041853189468383789e+00
-7.888826727867126465e-01,-1.264762282371520996e+00
1.220250368118286133e+00,1.320679426193237305e+00
1.167395353317260742e+00,1.758366942405700684e+00
-4.174385368824005127e-01,-8.113402128219604492e-01
1.545642614364624023e+00,5.139377713203430176e-01
-7.636729478836059570e-01,-1.512824773788452148e+00
2.654812932014465332e-01,-1.970924377441406250e+00
6.174432039260864258e-01,6.433092951774597168e-01
6.947912573814392090e-01,5.379471182823181152e-01
-1.073067545890808105e+00,-1.211646556854248047e+00
9.208188205957412720e-02,-1.944844722747802734e+00
2.012181282043457031e-01,1.532426834106445312e+00
-6.371712684631347656e-01,-1.405581712722778320e+00
1.541072428226470947e-01,2.285798311233520508e+00
1.546591877937316895e+00,1.305092215538024902e+00
5.723130106925964355e-01,4.893325865268707275e-01
-1.462775588035583496e+00,-1.348281145095825195e+00
9.742552638053894043e-01,6.788935065269470215e-01
9.552097320556640625e-01,1.334664821624755859e+00
-6.977937817573547363e-01,-1.286998152732849121e+00
5.585554838180541992e-01,3.187338709831237793e-01
6.664097905158996582e-01,8.711054325103759766e-01
8.985046744346618652e-01,1.273021817207336426e+00
-4.825486242771148682e-02,-1.543588638305664062e-01
-1.172243356704711914e+00,-5.991475582122802734e-01
1.445079088211059570e+00,8.954042792320251465e-01
8.371476531028747559e-01,9.774791002273559570e-01
-1.255971789360046387e+00,-1.503112554550170898e+00
1.067545056343078613e+00,1.604238033294677734e+00
1.731250524520874023e+00,1.160442113876342773e+00
3.203973174095153809e-01,1.505764722824096680e+00
-1.298335671424865723e+00,-9.517329335212707520e-01
-9.842116832733154297e-01,-9.593307971954345703e-01
-1.127668544650077820e-01,-6.957589983940124512e-01
-6.278629899024963379e-01,-5.015281438827514648e-01
-8.283879160881042480e-01,-1.438406348228454590e+00
7.122462987899780273e-01,1.509357094764709473e+00
-6.600422263145446777e-01,-1.216516256332397461e+00
-1.224797487258911133e+00,-8.231971859931945801e-01
7.135694622993469238e-01,1.753723740577697754e+00
1.536024332046508789e+00,1.587061643600463867e+00
2.007514238357543945e+00,7.256099581718444824e-01
1.532852947711944580e-01,-2.871805667877197266e+00
1.070201277732849121e+00,1.370629549026489258e+00
-9.716423749923706055e-01,-1.367220640182495117e+00
5.056591629981994629e-01,6.548469066619873047e-01
1.055576503276824951e-01,2.114559859037399292e-01
4.717735052108764648e-01,1.272626757621765137e+00
3.582428395748138428e-01,1.543041825294494629e+00
-1.278970003128051758e+00,-1.046747803688049316e+00
-3.652003109455108643e-01,-6.873735785484313965e-01
-1.764277577400207520e+00,-1.191053867340087891e+00
1.539500713348388672e+00,4.572010338306427002e-01
1.416200757026672363e+00,8.822218179702758789e-01
-4.873505327850580215e-03,4.387493431568145752e-01
9.442417621612548828e-01,1.689173102378845215e+00
8.353143334388732910e-01,9.125211834907531738e-01
1.513307332992553711e+00,9.415106773376464844e-01
7.116701006889343262e-01,8.045933246612548828e-01
1.163202166557312012e+00,1.554310083389282227e+00
6.639412641525268555e-01,8.509244918823242188e-01
1.591319918632507324e+00,1.373401761054992676e+00
1.186769604682922363e+00,1.051479697227478027e+00
1.787737965583801270e+00,1.255055427551269531e+00
-7.911448478698730469e-01,-1.411100864410400391e+00
-1.052473425865173340e+00,-1.430391311645507812e+00
1.775452494621276855e+00,6.186085939407348633e-01
1.557873964309692383e+00,1.181177616119384766e+00
9.768247008323669434e-01,1.462142109870910645e+00
-1.478756666183471680e+00,-1.486066102981567383e+00
1.216827630996704102e+00,1.055172681808471680e+00
1.277734994888305664e+00,9.342460632324218750e-01
8.459687829017639160e-01,1.195613026618957520e+00
6.520546674728393555e-01,8.842408061027526855e-01
1.177474617958068848e+00,1.332967996597290039e+00
1.554334878921508789e+00,2.121298313140869141e+00
6.620332598686218262e-01,1.336847782135009766e+00
-1.377046823501586914e+00,-7.148888111114501953e-01
-1.407563567161560059e+00,-7.472600936889648438e-01
-8.330217003822326660e-01,-1.873121500015258789e+00
7.299629449844360352e-01,1.288653135299682617e+00
4.498350620269775391e-01,-1.522477343678474426e-02
-1.279907107353210449e+00,-2.005414009094238281e+00
-1.165961861610412598e+00,-1.147801756858825684e+00
8.662573099136352539e-01,1.622514486312866211e+00
-1.220655441284179688e+00,-1.524429678916931152e+00
6.361886858940124512e-01,9.910733103752136230e-01
-1.226668477058410645e+00,-1.441964507102966309e+00
-1.275453329086303711e+00,-1.124096035957336426e+00
2.793630361557006836e+00,1.839883804321289062e+00
-6.071147918701171875e-01,-1.316580176353454590e-01
-1.477225422859191895e+00,-1.241706371307373047e+00
8.183022737503051758e-01,1.305541872978210449e+00
-8.961436152458190918e-01,-8.051866888999938965e-01
9.796649813652038574e-01,1.407418251037597656e+00
-1.014695048332214355e+00,-1.899358987808227539e+00
5.615136623382568359e-01,9.397381544113159180e-01
4.955401420593261719e-01,-3.696243166923522949e-01
3.566125631332397461e-01,6.519491076469421387e-01
1.469030022621154785e+00,6.779004335403442383e-01
9.449591040611267090e-01,1.592689514160156250e+00
-8.589156866073608398e-01,-3.604479432106018066e-01
-1.725442647933959961e+00,-1.032523155212402344e+00
-7.214417457580566406e-01,-8.886002302169799805e-01
-6.557149291038513184e-01,-1.107410907745361328e+00
1.345759630203247070e+00,1.976477503776550293e-01
-8.271362185478210449e-01,-1.390493750572204590e+00
-1.568014144897460938e+00,-5.265163183212280273e-01
1.417012453079223633e+00,1.006395697593688965e+00
-1.520241141319274902e+00,-1.242795586585998535e+00
-1.108094215393066406e+00,-1.262228727340698242e+00
1.121238589286804199e+00,7.955959439277648926e-01
-3.672483265399932861e-01,-4.375664889812469482e-01
1.182769060134887695e+00,6.148517131805419922e-01
-1.967499554157257080e-01,-1.523941755294799805e+00
9.066928029060363770e-01,8.659500479698181152e-01
1.584767460823059082e+00,5.139647126197814941e-01
1.640537381172180176e+00,9.154766798019409180e-01
-9.427647590637207031e-01,-1.266927003860473633e+00
-8.041122555732727051e-01,-1.044974923133850098e+00
8.186888694763183594e-01,1.377425193786621094e+00
5.269023776054382324e-01,2.364044427871704102e+00
-8.590174317359924316e-01,-3.740422129631042480e-01
-1.451416850090026855e+00,-1.565233826637268066e+00
-4.289236385375261307e-03,2.990197241306304932e-01
1.012623190879821777e+00,1.548129796981811523e+00
1.239974498748779297e+00,7.390264272689819336e-01
5.865077376365661621e-01,1.350977301597595215e+00
-7.356008887290954590e-01,-6.629056930541992188e-01
9.057157635688781738e-01,1.219706892967224121e+00
-1.945351839065551758e+00,-2.718827962875366211e+00
9.359558224678039551e-01,3.131041228771209717e-01
1.522353410720825195e+00,1.389784693717956543e+00
-5.167073607444763184e-01,-8.746318817138671875e-01
2.215574502944946289e+00,1.837302446365356445e+00
-8.411581516265869141e-01,-1.106187343597412109e+00
1.411677718162536621e+00,1.584606170654296875e+00
1.735708475112915039e+00,1.210371136665344238e+00
1.151020765304565430e+00,1.136473178863525391e+00
2.996230870485305786e-02,-1.350670099258422852e+00
-1.292514324188232422e+00,-1.012760519981384277e+00
-1.084333777427673340e+00,-1.289113163948059082e+00
1.532833337783813477e+00,3.526130318641662598e-01
-1.284968256950378418e+00,-1.340937614440917969e+00
-1.680752873420715332e+00,-6.774251461029052734e-01
-1.599707245826721191e+00,-1.451182484626770020e+00
2.083776950836181641e+00,1.801904678344726562e+00
7.511658072471618652e-01,1.191004157066345215e+00
7.501436471939086914e-01,9.266718029975891113e-01
-4.660541713237762451e-01,-1.250533342361450195e+00
5.760416984558105469e-01,6.698112487792968750e-01
7.679444551467895508e-01,9.898443222045898438e-01
-1.664275676012039185e-01,-6.766753792762756348e-01
-7.237596511840820312e-01,-5.207645893096923828e-01
-5.585218667984008789e-01,-1.502642035484313965e+00
-7.483863830566406250e-01,-3.781702220439910889e-01
-6.659080982208251953e-01,-1.362104773521423340e+00
4.871367812156677246e-01,1.518132925033569336e+00
1.424862623214721680e+00,1.429762482643127441e+00
-1.125324368476867676e+00,-6.493834853172302246e-01
6.435770988464355469e-01,1.386192440986633301e+00
-1.371758460998535156e+00,-6.407132744789123535e-01
-7.721372246742248535e-01,-1.158138513565063477e+00
1.282214045524597168e+00,1.285978674888610840e+00
7.925912141799926758e-01,1.282642364501953125e+00
-7.772806882858276367e-01,-9.933953881263732910e-01
-1.362697482109069824e+00,-1.404735684394836426e+00
-9.126305580139160156e-01,-1.510410070419311523e+00
7.120433449745178223e-01,1.751384139060974121e+00
9.758700728416442871e-01,1.108980774879455566e+00
-5.382234454154968262e-01,-5.769010186195373535e-01
3.132717609405517578e-01,8.542461395263671875e-01
-6.185015439987182617e-01,-7.738145589828491211e-01
-2.983186542987823486e-01,-6.743379831314086914e-01
1.250315427780151367e+00,1.312969565391540527e+00
1.201506972312927246e+00,1.447736501693725586e+00
-3.105473220348358154e-01,-4.035611450672149658e-02
1.211630463600158691e+00,1.638754725456237793e+00
-6.777036190032958984e-01,-1.316195487976074219e+00
-1.207599043846130371e+00,-1.113991618156433105e+00
-4.529754072427749634e-02,-3.836548328399658203e-01
-7.108524441719055176e-01,-9.428689479827880859e-01
1.812180042266845703e+00,1.460739254951477051e+00
1.664511263370513916e-01,1.088063716888427734e+00
-9.244031310081481934e-01,-1.068050503730773926e+00
4.812992215156555176e-01,7.103764414787292480e-01
9.028409719467163086e-01,1.907122254371643066e+00
1.274912834167480469e+00,1.459156036376953125e+00
-8.837820887565612793e-01,-8.908901810646057129e-01
-3.438528180122375488e-01,-5.781435370445251465e-01
1.177539944648742676e+00,8.359119892120361328e-01
1.011172294616699219e+00,1.332899332046508789e+00
6.688190102577209473e-01,8.114930987358093262e-01
4.968917071819305420e-01,1.296080470085144043e+00
-7.844452857971191406e-01,-1.588299512863159180e+00
-1.405098795890808105e+00,-1.191569328308105469e+00
7.805329561233520508e-01,7.086427211761474609e-01
1.499877214431762695e+00,8.460224866867065430e-01
5.489247664809226990e-02,-4.183613359928131104e-01
6.906973123550415039e-01,1.437602758407592773e+00
1.254149436950683594e+00,1.068472027778625488e+00
8.741933107376098633e-01,1.527223706245422363e+00
-7.392638325691223145e-01,-1.433312177658081055e+00
-5.592691898345947266e-01,-3.399714231491088867e-01
1.119725584983825684e+00,1.222115874290466309e+00
-3.795019686222076416e-01,-8.658544421195983887e-01
2.167668581008911133e+00,1.957052230834960938e+00
-1.443415045738220215e+00,-6.335265040397644043e-01
-1.333484053611755371e+00,-1.311337590217590332e+00
9.822238087654113770e-01,9.278652667999267578e-01
8.562722802162170410e-01,8.001627922058105469e-01
6.771506667137145996e-01,4.442163407802581787e-01
6.042878627777099609e-01,1.372861266136169434e+00
5.498999357223510742e-01,1.459157824516296387e+00
-1.311082601547241211e+00,-1.634481668472290039e+00
8.655414581298828125e-01,4.851338267326354980e-01
1.041585326194763184e+00,9.029734730720520020e-01
-1.364263176918029785e+00,-1.360647439956665039e+00
9.144634008407592773e-01,1.118847012519836426e+00
-1.468187212944030762e+00,-1.664035677909851074e+00
2.551295518875122070e+00,2.576976537704467773e+00
3.226005136966705322e-01,1.111442804336547852e+00
-1.160027980804443359e+00,-1.185209512710571289e+00
-1.451141238212585449e+00,-9.177138209342956543e-01
1.183873772621154785e+00,7.076476812362670898e-01
6.889692544937133789e-01,1.429984688758850098e+00
8.610117435455322266e-01,1.475391030311584473e+00
1.667076051235198975e-01,1.817760586738586426e+00
1.400569081306457520e+00,2.095913589000701904e-01
1.197704434394836426e+00,6.883569359779357910e-01
7.360457777976989746e-01,1.673455238342285156e+00
-5.080903172492980957e-01,4.867032170295715332e-01
1.208949685096740723e+00,3.548790812492370605e-01
1.330564022064208984e+00,9.052814841270446777e-01
-5.961483716964721680e-01,-5.644615888595581055e-01
-5.492395758628845215e-01,-7.815870046615600586e-01
1.114030361175537109e+00,1.156551003456115723e+00
1.237172961235046387e+00,7.594074010848999023e-01
6.481125354766845703e-01,7.672055363655090332e-01
8.975384235382080078e-01,2.100188970565795898e+00
1.044201254844665527e+00,1.626464605331420898e+00
5.447917580604553223e-01,5.075765848159790039e-01
4.413180053234100342e-01,1.350273847579956055e+00
5.497899055480957031e-01,2.097833395004272461e+00
-6.280621290206909180e-01,1.111892983317375183e-03
-1.373032569885253906e+00,-1.101245284080505371e+00
-1.338179230690002441e+00,-6.656073331832885742e-01
1.139739751815795898e+00,1.184622049331665039e+00
1.533145070075988770e+00,5.332357287406921387e-01
1.012490034103393555e+00,9.089693776331841946e-04
-8.378142714500427246e-01,-1.270093202590942383e+00
-1.443465590476989746e+00,-1.420218944549560547e+00
9.701184630393981934e-01,1.716197252273559570e+00
1.279512524604797363e+00,8.889702558517456055e-01
-1.990037202835083008e+00,-1.559894204139709473e+00
-5.316917896270751953e-01,-1.404420614242553711e+00
-5.780085325241088867e-01,-1.759231686592102051e+00
-6.735178828239440918e-02,6.910721063613891602e-01
9.960106611251831055e-01,1.000898003578186035e+00
-7.799845337867736816e-01,-1.000915884971618652e+00
9.554250240325927734e-01,9.616855978965759277e-01
6.658124327659606934e-01,1.007341742515563965e+00
-7.684104144573211670e-02,8.120213449001312256e-02
1.380958557128906250e+00,9.061250686645507812e-01
-8.311514258384704590e-01,-1.394954442977905273e+00
1.349497675895690918e+00,8.781919479370117188e-01
-1.500835895538330078e+00,-7.323476076126098633e-01
1.397933363914489746e+00,7.898256182670593262e-01
7.856466174125671387e-01,1.778032660484313965e+00
1.527586340904235840e+00,-3.526849746704101562e-01
-1.349866151809692383e+00,-8.768745064735412598e-01
-9.380319118499755859e-01,-1.141703248023986816e+00
-5.237331986427307129e-01,-2.112796783447265625e+00
9.655911922454833984e-01,1.001582622528076172e+00
6.046321392059326172e-01,1.536206603050231934e+00
5.962957739830017090e-01,1.323084712028503418e+00
-9.090437293052673340e-01,-1.215530872344970703e+00
1.103066444396972656e+00,9.174872040748596191e-01
9.337370395660400391e-01,1.008468985557556152e+00
-1.451085209846496582e+00,-1.227643966674804688e+00
9.988104104995727539e-01,1.274369239807128906e+00
-6.268441677093505859e-01,-1.640012145042419434e+00
-1.387502670288085938e+00,-1.130867123603820801e+00
1.114204406738281250e+00,9.252842664718627930e-01
4.467677474021911621e-01,7.122938632965087891e-01
6.160125732421875000e-01,1.421471983194351196e-01
8.189311027526855469e-01,1.075404286384582520e+00
1.407228112220764160e+00,1.934600114822387695e+00
-1.397118568420410156e+00,-1.182186841964721680e+00
1.217571854591369629e+00,8.421810865402221680e-01
-1.431822299957275391e+00,-1.311331629753112793e+00
1.026026487350463867e+00,1.287860393524169922e+00
-1.348076224327087402e+00,-1.756163477897644043e+00
-8.016581535339355469e-01,-1.164639592170715332e+00
2.073618650436401367e+00,-7.202073931694030762e-02
7.650724649429321289e-01,5.908053517341613770e-01
1.537034153938293457e+00,1.337200999259948730e+00
-8.153761625289916992e-01,-1.102929234504699707e+00
-6.245941668748855591e-02,7.354127764701843262e-01
1.432107567787170410e+00,9.946178793907165527e-01
1.495352983474731445e-01,-3.596136569976806641e-01
7.028172612190246582e-01,1.172045826911926270e+00
1.701781034469604492e+00,1.376480937004089355e+00
-1.241204619407653809e+00,-1.129234194755554199e+00
-1.231262803077697754e+00,-1.137268543243408203e+00
8.337621092796325684e-01,8.028518557548522949e-01
1.498842716217041016e+00,1.404781103134155273e+00
1.566212177276611328e+00,1.715667486190795898e+00
4.616720080375671387e-01,5.142459869384765625e-01
3.759849369525909424e-01,1.462557435035705566e+00
-6.856814622879028320e-01,-1.167751789093017578e+00
6.157167553901672363e-01,8.134103417396545410e-01
8.672011494636535645e-01,5.810173153877258301e-01
5.060220956802368164e-01,2.424995154142379761e-01
-4.697891473770141602e-01,-1.539573550224304199e+00
7.892069816589355469e-01,9.467601180076599121e-01
7.426708340644836426e-01,1.081705689430236816e+00
-1.333852529525756836e+00,-1.180451154708862305e+00
-1.294161081314086914e+00,-1.323504447937011719e+00
5.934336185455322266e-01,3.012872934341430664e-01
-5.757686495780944824e-01,-1.579700946807861328e+00
8.869169950485229492e-01,9.845706820487976074e-01
5.288863778114318848e-01,1.210501551628112793e+00
8.501199483871459961e-01,1.622595906257629395e+00
8.197236657142639160e-01,1.275847792625427246e+00
-1.515409350395202637e+00,-1.080113053321838379e+00
8.250269889831542969e-01,9.630561470985412598e-01
8.714443445205688477e-01,1.183635473251342773e+00
1.343121528625488281e+00,1.906596422195434570e+00
1.213877320289611816e+00,3.752621412277221680e-01
8.031127452850341797e-01,1.833922624588012695e+00
-1.292374253273010254e+00,-1.725036859512329102e+00
6.664616465568542480e-01,2.482654094696044922e+00
7.637720108032226562e-01,7.225614786148071289e-01
5.603167414665222168e-01,-5.682393908500671387e-01
9.570962786674499512e-01,1.051342606544494629e+00
6.055255532264709473e-01,1.200381398200988770e+00
-5.150524377822875977e-01,-3.839415907859802246e-01
7.539021372795104980e-01,7.672877311706542969e-01
-7.735458612442016602e-01,-1.272349834442138672e+00
1.265595912933349609e+00,1.331915497779846191e+00
5.760899782180786133e-01,2.610232532024383545e-01
1.424839138984680176e+00,1.970482468605041504e+00
-5.564516186714172363e-01,-8.508232235908508301e-01
-2.819649219512939453e+00,-2.247287988662719727e+00
-6.997269988059997559e-01,-1.416696548461914062e+00
7.216360419988632202e-02,-1.283717989921569824e+00
1.291822075843811035e+00,9.230371117591857910e-01
-6.306154131889343262e-01,-1.529296994209289551e+00
-1.226194381713867188e+00,-1.172552347183227539e+00
-6.341498494148254395e-01,-1.034228205680847168e+00
-1.218012809753417969e+00,-1.382252335548400879e+00
1.473654150962829590e+00,1.350259661674499512e+00
5.679036974906921387e-01,1.077010035514831543e+00
1.151273846626281738e+00,1.416785001754760742e+00
7.076715826988220215e-01,1.433611035346984863e+00
1.183031678199768066e+00,9.835188388824462891e-01
1.081120610237121582e+00,9.373120069503784180e-01
8.633235096931457520e-01,8.761198520660400391e-01
5.759475231170654297e-01,1.824639678001403809e+00
-7.441998124122619629e-01,-1.825693726539611816e+00
-3.442392647266387939e-01,1.061143875122070312e-01
-4.585130810737609863e-01,-9.240969419479370117e-01
9.513644576072692871e-01,1.469483256340026855e+00
-1.005092620849609375e+00,-1.552015304565429688e+00
-1.184650897979736328e+00,-1.340170979499816895e+00
1.072656035423278809e+00,1.228605985641479492e+00
-6.717740893363952637e-01,-1.220075845718383789e+00
5.079571008682250977e-01,2.012722492218017578e+00
-1.562067866325378418e+00,-6.099852323532104492e-01
-5.402263402938842773e-01,-1.287151217460632324e+00
1.136801838874816895e+00,1.082839846611022949e+00
-3.292560577392578125e-01,-1.381835460662841797e+00
-1.012174561619758606e-01,9.831584244966506958e-02
-1.137534856796264648e+00,-2.816271483898162842e-01
-1.021812438964843750e+00,-8.744713664054870605e-01
7.118796706199645996e-01,1.103377938270568848e+00
2.955871522426605225e-01,-4.433752000331878662e-01
2.169936895370483398e+00,-6.281022429466247559e-01
-3.634718954563140869e-01,-1.144226193428039551e+00
7.316076159477233887e-01,1.034271478652954102e+00
9.460073113441467285e-01,8.258972764015197754e-01
3.559245765209197998e-01,-1.837783157825469971e-01
-1.671106338500976562e+00,-4.222748279571533203e-01
-2.092140913009643555e-01,-1.273587465286254883e+00
7.729213833808898926e-01,6.974422931671142578e-01
4.068679213523864746e-01,1.077624201774597168e+00
1.018103361129760742e+00,1.034936666488647461e+00
6.484329104423522949e-01,7.219033837318420410e-01
-5.184255242347717285e-01,-2.469928264617919922e-01
1.517652034759521484e+00,5.439478158950805664e-01
1.674282550811767578e+00,8.429378271102905273e-01
5.185825228691101074e-01,9.865062832832336426e-01
-8.404633998870849609e-01,-1.197416543960571289e+00
-8.000828623771667480e-01,-4.302306175231933594e-01
-6.400461792945861816e-01,-1.477245688438415527e+00
1.157012104988098145e+00,9.232270121574401855e-01
