-9.767384529113769531e-01,-1.003597974777221680e+00
6.561479568481445312e-01,1.184074640274047852e+00
-8.148047327995300293e-01,-8.738721013069152832e-01
9.299725890159606934e-01,1.507136821746826172e+00
-9.992064237594604492e-01,-8.820081949234008789e-01
-1.107938170433044434e+00,-1.050563693046569824e+00
-1.053497314453125000e+00,-7.153078913688659668e-01
-7.640864253044128418e-01,-8.966325521469116211e-01
-1.117153525352478027e+00,-1.407239198684692383e+00
-1.300455689430236816e+00,-5.570473074913024902e-01
-1.257382631301879883e+00,-1.001821637153625488e+00
-9.339054226875305176e-01,-9.175050854682922363e-01
6.283836364746093750e-01,8.018630743026733398e-01
1.070448875427246094e+00,1.239062666893005371e+00
7.865493893623352051e-01,1.262777090072631836e+00
1.067834973335266113e+00,9.630115032196044922e-01
-7.869725823402404785e-01,-1.033651113510131836e+00
6.630008220672607422e-01,1.010146856307983398e+00
-1.216945171356201172e+00,-1.100846290588378906e+00
-1.062962651252746582e+00,-1.004219055175781250e+00
8.949761986732482910e-01,1.051379323005676270e+00
-1.240526080131530762e+00,-8.723187446594238281e-01
8.434308171272277832e-01,8.784334659576416016e-01
-7.350714802742004395e-01,-5.976046919822692871e-01
-1.164295315742492676e+00,-8.112071752548217773e-01
-5.107558965682983398e-01,-9.677940011024475098e-01
-6.496623754501342773e-01,-1.261701345443725586e+00
-1.031429767608642578e+00,-9.308253526687622070e-01
9.376820921897888184e-01,1.204571723937988281e+00
9.959014654159545898e-01,1.034656167030334473e+00
-1.191510915756225586e+00,-1.085218071937561035e+00
-7.295407652854919434e-01,-7.013247013092041016e-01
8.212416172027587891e-01,6.897804141044616699e-01
8.361151218414306641e-01,1.254329562187194824e+00
7.351980209350585938e-01,9.422383904457092285e-01
9.109715223312377930e-01,7.361841201782226562e-01
-1.292512655258178711e+00,-8.852497339248657227e-01
-1.114744186401367188e+00,-1.175115942955017090e+00
8.466621637344360352e-01,7.797965407371520996e-01
-7.931016087532043457e-01,-7.039937973022460938e-01
-9.598511457443237305e-01,-1.246406435966491699e+00
1.189972639083862305e+00,1.179050445556640625e+00
8.676804900169372559e-01,1.026614427566528320e+00
7.030526399612426758e-01,6.894345879554748535e-01
-6.637387275695800781e-01,-1.066349506378173828e+00
-9.550649523735046387e-01,-8.972662091255187988e-01
1.052601814270019531e+00,9.512480497360229492e-01
-1.208576679229736328e+00,-1.150028944015502930e+00
7.200339436531066895e-01,6.133173704147338867e-01
-1.004462599754333496e+00,-3.748271167278289795e-01
5.493559837341308594e-01,1.237142562866210938e+00
1.271435976028442383e+00,6.475928425788879395e-01
-7.707815170288085938e-01,-1.115660905838012695e+00
1.096547365188598633e+00,8.959144353866577148e-01
-8.539829850196838379e-01,-1.024522542953491211e+00
1.001185059547424316e+00,1.032366037368774414e+00
-1.018553972244262695e+00,-8.817147016525268555e-01
1.051981925964355469e+00,1.382301568984985352e+00
-4.944354891777038574e-01,-7.247213721275329590e-01
8.163505792617797852e-01,1.136452555656433105e+00
1.172433733940124512e+00,1.193533182144165039e+00
-9.826194047927856445e-01,-6.805747151374816895e-01
-1.161443114280700684e+00,-1.272414088249206543e+00
9.646536707878112793e-01,8.600556850433349609e-01
-1.081285119056701660e+00,-7.635230422019958496e-01
-6.131327748298645020e-01,-1.193616628646850586e+00
-1.255120515823364258e+00,-1.180886626243591309e+00
-9.727548956871032715e-01,-1.075682759284973145e+00
-8.632395267486572266e-01,-1.030088305473327637e+00
9.806043505668640137e-01,1.222387552261352539e+00
-6.759811043739318848e-01,-1.205494523048400879e+00
-9.132900238037109375e-01,-1.127860426902770996e+00
-9.366857409477233887e-01,-8.246265053749084473e-01
-9.237573146820068359e-01,-7.542791962623596191e-01
-7.695829272270202637e-01,-1.433108210563659668e+00
-1.137815117835998535e+00,-7.292296886444091797e-01
8.771930336952209473e-01,9.782106280326843262e-01
-1.009288311004638672e+00,-9.245736598968505859e-01
1.065161705017089844e+00,6.945129632949829102e-01
1.000607132911682129e+00,9.073219299316406250e-01
-8.196175098419189453e-01,-9.814332723617553711e-01
-1.021001458168029785e+00,-8.873892426490783691e-01
1.129592537879943848e+00,7.301021218299865723e-01
1.206054925918579102e+00,1.122323989868164062e+00
6.546077728271484375e-01,6.524094939231872559e-01
-1.046053767204284668e+00,-7.974019646644592285e-01
1.126217365264892578e+00,1.101319670677185059e+00
6.483120918273925781e-01,9.959706068038940430e-01
-8.185409903526306152e-01,-9.646043777465820312e-01
-8.577120304107666016e-01,-9.748530983924865723e-01
7.348563671112060547e-01,9.478793144226074219e-01
1.041536331176757812e+00,1.181720495223999023e+00
8.833383321762084961e-01,1.024200439453125000e+00
1.060320138931274414e+00,7.342523336410522461e-01
-8.046928644180297852e-01,-1.401099801063537598e+00
1.125011801719665527e+00,1.060217261314392090e+00
-9.985377788543701172e-01,-1.000509977340698242e+00
-1.103941440582275391e+00,-7.699196338653564453e-01
-6.810214519500732422e-01,-8.624998331069946289e-01
1.169522523880004883e+00,1.314450025558471680e+00
-1.236250162124633789e+00,-8.106724619865417480e-01
-9.871870875358581543e-01,-6.296092271804809570e-01
-1.032990097999572754e+00,-9.156309962272644043e-01
7.448279857635498047e-01,1.633185625076293945e+00
8.436954021453857422e-01,1.061457037925720215e+00
8.542217612266540527e-01,1.153952598571777344e+00
-8.644811511039733887e-01,-9.216920137405395508e-01
1.184212207794189453e+00,9.976270198822021484e-01
-8.893579840660095215e-01,-1.124699831008911133e+00
-1.098821997642517090e+00,-9.427416324615478516e-01
1.011288642883300781e+00,1.087049603462219238e+00
-9.306260347366333008e-01,-1.122359514236450195e+00
9.668494462966918945e-01,1.063075423240661621e+00
1.202857136726379395e+00,1.199180722236633301e+00
8.634541034698486328e-01,1.089777469635009766e+00
-8.184945583343505859e-01,-1.084933638572692871e+00
-9.360930323600769043e-01,-9.039536118507385254e-01
1.070260286331176758e+00,1.034572839736938477e+00
-7.516388297080993652e-01,-1.018770337104797363e+00
1.050308346748352051e+00,1.512143611907958984e+00
1.176066994667053223e+00,1.110035657882690430e+00
-1.227447032928466797e+00,-9.810761213302612305e-01
7.327402830123901367e-01,9.949908256530761719e-01
1.373487472534179688e+00,1.208569645881652832e+00
1.169343352317810059e+00,7.077643871307373047e-01
-1.079136013984680176e+00,-6.817681193351745605e-01
1.190205454826354980e+00,9.325889348983764648e-01
1.394073605537414551e+00,9.781777262687683105e-01
1.035094141960144043e+00,7.291402816772460938e-01
-7.164786458015441895e-01,-8.193665146827697754e-01
7.638454437255859375e-01,9.533872008323669434e-01
-8.766273260116577148e-01,-1.107641220092773438e+00
9.048851728439331055e-01,8.503495454788208008e-01
8.250773549079895020e-01,1.172355175018310547e+00
9.222216606140136719e-01,1.299173474311828613e+00
7.793900370597839355e-01,8.339892625808715820e-01
9.762285947799682617e-01,8.966473937034606934e-01
9.808361530303955078e-01,1.363637447357177734e+00
8.365426659584045410e-01,7.042496204376220703e-01
1.007346034049987793e+00,6.693546175956726074e-01
1.074627041816711426e+00,1.145793437957763672e+00
8.211855292320251465e-01,1.373341083526611328e+00
9.539604187011718750e-01,1.364764332771301270e+00
9.901990890502929688e-01,9.077455997467041016e-01
1.219463229179382324e+00,1.193863868713378906e+00
1.588608145713806152e+00,7.352961897850036621e-01
-7.992621660232543945e-01,-7.318540215492248535e-01
1.235578894615173340e+00,8.641293048858642578e-01
7.221557497978210449e-01,1.196788907051086426e+00
9.153211712837219238e-01,9.106078743934631348e-01
-9.182457327842712402e-01,-1.184681653976440430e+00
-9.059142470359802246e-01,-1.327035903930664062e+00
1.040105819702148438e+00,8.014862537384033203e-01
-7.029694914817810059e-01,-7.853529453277587891e-01
8.908848762512207031e-01,7.997448444366455078e-01
-8.538596630096435547e-01,-1.052732944488525391e+00
-9.285011291503906250e-01,-1.047924757003784180e+00
-1.276391983032226562e+00,-1.250354528427124023e+00
9.500437974929809570e-01,5.398303270339965820e-01
-1.098946809768676758e+00,-1.088777303695678711e+00
1.065624594688415527e+00,1.137496590614318848e+00
8.669229745864868164e-01,1.215868353843688965e+00
-1.007647275924682617e+00,-9.868699908256530762e-01
-1.078503251075744629e+00,-1.060057640075683594e+00
8.737038373947143555e-01,1.369857311248779297e+00
1.024765372276306152e+00,8.267558217048645020e-01
1.306099772453308105e+00,9.393803477287292480e-01
-8.327168822288513184e-01,-8.534191250801086426e-01
-1.207920670509338379e+00,-7.559354305267333984e-01
-8.531652688980102539e-01,-1.206120014190673828e+00
-1.020039200782775879e+00,-6.331560015678405762e-01
-6.205181479454040527e-01,-8.273721933364868164e-01
-1.036443471908569336e+00,-6.479989886283874512e-01
-1.035782456398010254e+00,-8.950850963592529297e-01
-1.117052793502807617e+00,-9.584606885910034180e-01
-1.228178501129150391e+00,-1.127200961112976074e+00
-1.394773960113525391e+00,-1.328999519348144531e+00
-8.617912530899047852e-01,-5.402089953422546387e-01
9.962764978408813477e-01,1.047839641571044922e+00
-1.063687324523925781e+00,-7.713854312896728516e-01
-1.198783040046691895e+00,-7.373234629631042480e-01
1.000853061676025391e+00,1.360423803329467773e+00
-1.077858686447143555e+00,-9.135367274284362793e-01
-1.047451615333557129e+00,-1.098025083541870117e+00
-8.120919466018676758e-01,-9.209963083267211914e-01
1.182322859764099121e+00,1.269630551338195801e+00
6.221339702606201172e-01,9.874721169471740723e-01
9.099848270416259766e-01,7.559214234352111816e-01
-8.803214430809020996e-01,-1.032696366310119629e+00
-9.198083281517028809e-01,-8.626914024353027344e-01
1.058970928192138672e+00,7.139263749122619629e-01
1.036649346351623535e+00,1.065406322479248047e+00
-7.688501477241516113e-01,-9.953462481498718262e-01
9.164893627166748047e-01,8.563638925552368164e-01
-9.722332358360290527e-01,-7.095973491668701172e-01
7.606036663055419922e-01,5.453165769577026367e-01
8.512088656425476074e-01,8.493398427963256836e-01
-8.498039245605468750e-01,-1.185105204582214355e+00
1.248549222946166992e+00,9.127324819564819336e-01
-1.290540814399719238e+00,-3.890742659568786621e-01
9.734577536582946777e-01,1.166881918907165527e+00
1.294718027114868164e+00,1.140894055366516113e+00
-6.834415793418884277e-01,-8.458467721939086914e-01
-8.603557944297790527e-01,-7.415691614151000977e-01
-1.329309821128845215e+00,-9.952327013015747070e-01
-1.061625480651855469e+00,-7.722542881965637207e-01
-8.555011749267578125e-01,-8.139665126800537109e-01
1.034555315971374512e+00,6.954483985900878906e-01
1.009473443031311035e+00,1.149667501449584961e+00
-9.614191651344299316e-01,-6.976484656333923340e-01
-1.336845159530639648e+00,-1.058503031730651855e+00
-8.317026495933532715e-01,-7.802019715309143066e-01
-9.639700055122375488e-01,-6.999111175537109375e-01
1.071159601211547852e+00,1.593128681182861328e+00
8.442879319190979004e-01,1.181561470031738281e+00
1.211573600769042969e+00,1.046332597732543945e+00
9.124694466590881348e-01,1.354838490486145020e+00
1.232615947723388672e+00,1.045466542243957520e+00
-5.702633857727050781e-01,-7.340424060821533203e-01
-1.085126638412475586e+00,-1.142214059829711914e+00
-9.447724819183349609e-01,-8.701451420783996582e-01
-1.119628787040710449e+00,-9.276436567306518555e-01
1.200305342674255371e+00,9.953039884567260742e-01
1.154414653778076172e+00,9.566571116447448730e-01
-9.790048003196716309e-01,-1.174301743507385254e+00
8.000284433364868164e-01,7.634280920028686523e-01
7.096164822578430176e-01,1.034834027290344238e+00
1.021215796470642090e+00,1.154525160789489746e+00
8.501387834548950195e-01,9.704835414886474609e-01
9.603310227394104004e-01,9.957082867622375488e-01
7.667691707611083984e-01,1.009562849998474121e+00
6.882929801940917969e-01,1.259572982788085938e+00
1.076185703277587891e+00,7.978062629699707031e-01
1.318992018699645996e+00,1.156032204627990723e+00
-9.351606965065002441e-01,-7.459428310394287109e-01
1.075049757957458496e+00,9.106451272964477539e-01
1.129479765892028809e+00,1.062165260314941406e+00
1.062068700790405273e+00,1.032326221466064453e+00
1.236026763916015625e+00,1.122410774230957031e+00
8.019247055053710938e-01,7.742793560028076172e-01
-1.005172014236450195e+00,-8.334661722183227539e-01
1.390938162803649902e+00,1.065094709396362305e+00
-1.189973235130310059e+00,-8.911489248275756836e-01
8.533955216407775879e-01,5.714598894119262695e-01
1.117834329605102539e+00,8.372912406921386719e-01
1.158315420150756836e+00,1.007990121841430664e+00
-6.445254087448120117e-01,-9.560202360153198242e-01
-8.977252244949340820e-01,-9.552714824676513672e-01
1.044132232666015625e+00,7.537917494773864746e-01
1.265617012977600098e+00,1.117296457290649414e+00
-1.015411615371704102e+00,-9.529878497123718262e-01
1.197932243347167969e+00,1.017907023429870605e+00
-8.591555356979370117e-01,-8.095529675483703613e-01
8.889245390892028809e-01,9.910740852355957031e-01
9.233007431030273438e-01,1.166004896163940430e+00
4.910913109779357910e-01,1.182710409164428711e+00
1.522956609725952148e+00,9.266796708106994629e-01
8.632518649101257324e-01,1.040998101234436035e+00
-9.163759946823120117e-01,-9.536684751510620117e-01
-1.351091742515563965e+00,-1.016284346580505371e+00
8.832695484161376953e-01,7.469465136528015137e-01
-1.259214162826538086e+00,-1.181280374526977539e+00
1.069379210472106934e+00,9.929492473602294922e-01
-1.064158439636230469e+00,-6.758100986480712891e-01
8.160274028778076172e-01,9.253566861152648926e-01
8.157401680946350098e-01,1.007530093193054199e+00
-1.089206576347351074e+00,-9.020562767982482910e-01
-9.774123430252075195e-01,-7.166069746017456055e-01
5.151221156120300293e-01,1.347129344940185547e+00
1.266136884689331055e+00,1.146550416946411133e+00
1.069532394409179688e+00,1.308582067489624023e+00
-1.003057003021240234e+00,-1.311503887176513672e+00
8.033969998359680176e-01,1.049426436424255371e+00
9.222859740257263184e-01,1.090461850166320801e+00
1.130612730979919434e+00,1.296211123466491699e+00
7.822712063789367676e-01,1.214202284812927246e+00
8.901731967926025391e-01,7.518415451049804688e-01
9.749932289123535156e-01,1.041043519973754883e+00
-5.721153020858764648e-01,-1.239372372627258301e+00
9.333837032318115234e-01,9.063754081726074219e-01
-1.015008449554443359e+00,-1.061344861984252930e+00
-9.961770176887512207e-01,-1.323480844497680664e+00
-1.111258268356323242e+00,-1.113989353179931641e+00
1.074971556663513184e+00,9.453281164169311523e-01
8.394952416419982910e-01,9.137141108512878418e-01
-7.960712313652038574e-01,-8.880178928375244141e-01
1.253871440887451172e+00,7.079195380210876465e-01
8.666251897811889648e-01,6.423599123954772949e-01
1.059223175048828125e+00,9.368122816085815430e-01
-9.788458347320556641e-01,-1.256618380546569824e+00
-1.411042332649230957e+00,-1.051697134971618652e+00
9.042009711265563965e-01,9.840235710144042969e-01
1.223442077636718750e+00,1.176113963127136230e+00
-1.057116866111755371e+00,-7.693861722946166992e-01
1.272507905960083008e+00,1.230327367782592773e+00
-5.152637958526611328e-01,-9.199520945549011230e-01
-9.055562019348144531e-01,-9.677273631095886230e-01
-5.592173933982849121e-01,-1.165637493133544922e+00
9.953033924102783203e-01,7.608143091201782227e-01
-1.013001203536987305e+00,-1.105431437492370605e+00
-1.409752845764160156e+00,-7.738037109375000000e-01
1.276351094245910645e+00,9.884780645370483398e-01
6.288497447967529297e-01,1.180730581283569336e+00
-7.957559227943420410e-01,-9.781923890113830566e-01
8.686841726303100586e-01,1.178988337516784668e+00
1.110967159271240234e+00,8.257884383201599121e-01
-1.202978134155273438e+00,-1.136997103691101074e+00
1.039238691329956055e+00,1.254213213920593262e+00
-1.207475900650024414e+00,-1.108335375785827637e+00
7.836654782295227051e-01,1.059818029403686523e+00
1.113454580307006836e+00,7.398713827133178711e-01
-9.704583883285522461e-01,-9.320401549339294434e-01
-1.096294164657592773e+00,-1.143423080444335938e+00
1.163026690483093262e+00,6.484059095382690430e-01
4.955787658691406250e-01,7.943981289863586426e-01
-9.500876665115356445e-01,-1.130269408226013184e+00
1.062633037567138672e+00,1.119092822074890137e+00
-1.125803351402282715e+00,-1.173849582672119141e+00
-1.090157628059387207e+00,-1.056423902511596680e+00
8.123251795768737793e-01,1.057998776435852051e+00
9.490097761154174805e-01,1.068861126899719238e+00
9.754887223243713379e-01,1.303743839263916016e+00
-9.459480047225952148e-01,-1.275023698806762695e+00
6.607234477996826172e-01,1.010384321212768555e+00
-7.400779724121093750e-01,-1.192373275756835938e+00
-1.079041361808776855e+00,-1.125393748283386230e+00
-1.236615300178527832e+00,-1.010842800140380859e+00
1.000254034996032715e+00,9.646890759468078613e-01
-1.162855505943298340e+00,-9.986566901206970215e-01
-8.053165674209594727e-01,-1.340504169464111328e+00
9.533257484436035156e-01,1.111636281013488770e+00
-6.552649736404418945e-01,-9.272519350051879883e-01
1.073709368705749512e+00,9.718745350837707520e-01
-9.300277233123779297e-01,-4.998143911361694336e-01
1.036249041557312012e+00,6.622134447097778320e-01
1.214172482490539551e+00,7.742343544960021973e-01
-8.786712884902954102e-01,-1.228485465049743652e+00
8.654742836952209473e-01,9.556828141212463379e-01
-6.491247415542602539e-01,-3.438196778297424316e-01
-7.079936861991882324e-01,-6.901811957359313965e-01
-7.361952066421508789e-01,-8.772448897361755371e-01
-8.385345935821533203e-01,-1.197003841400146484e+00
1.087893009185791016e+00,1.069446802139282227e+00
1.388964056968688965e+00,1.409425735473632812e+00
-1.098086953163146973e+00,-1.028237938880920410e+00
1.068877816200256348e+00,9.831279516220092773e-01
9.178222417831420898e-01,1.026445269584655762e+00
-1.063705921173095703e+00,-1.139732718467712402e+00
1.218148231506347656e+00,1.062005400657653809e+00
-9.303739070892333984e-01,-1.684184551239013672e+00
9.385290741920471191e-01,1.392873048782348633e+00
-1.077635884284973145e+00,-8.074197173118591309e-01
-9.979298710823059082e-01,-7.512136101722717285e-01
1.037110447883605957e+00,1.104380249977111816e+00
2.834704518318176270e-01,8.174223303794860840e-01
-1.097837328910827637e+00,-1.090378999710083008e+00
-1.358967542648315430e+00,-1.309618234634399414e+00
-9.855471849441528320e-01,-9.442501664161682129e-01
1.145794868469238281e+00,9.394590258598327637e-01
9.728884100914001465e-01,7.141230106353759766e-01
7.827041745185852051e-01,8.428071737289428711e-01
8.975457549095153809e-01,1.262632727622985840e+00
-1.181081652641296387e+00,-1.668588519096374512e+00
8.899276256561279297e-01,7.969995141029357910e-01
1.471567869186401367e+00,8.454445600509643555e-01
-7.674452066421508789e-01,-1.139071822166442871e+00
7.188442945480346680e-01,8.304828405380249023e-01
-7.350484728813171387e-01,-3.204620480537414551e-01
-8.857372999191284180e-01,-7.505941987037658691e-01
8.519228100776672363e-01,1.034237265586853027e+00
-9.595586061477661133e-01,-9.323150515556335449e-01
-1.254190802574157715e+00,-1.325663566589355469e+00
-1.249173998832702637e+00,-8.082750439643859863e-01
-1.040359973907470703e+00,-9.974285960197448730e-01
-9.983758330345153809e-01,-1.471126317977905273e+00
-7.122962474822998047e-01,-1.251262545585632324e+00
1.113192796707153320e+00,1.026883125305175781e+00
-8.529283404350280762e-01,-1.306322813034057617e+00
1.252563714981079102e+00,8.609644770622253418e-01
8.998358249664306641e-01,7.279259562492370605e-01
-7.136445641517639160e-01,-8.212703466415405273e-01
-1.167714118957519531e+00,-1.110033988952636719e+00
-7.964379787445068359e-01,-7.349210977554321289e-01
-9.333981275558471680e-01,-8.897030353546142578e-01
-1.345570325851440430e+00,-1.468752145767211914e+00
7.743048071861267090e-01,1.182080268859863281e+00
-1.004733562469482422e+00,-8.695206046104431152e-01
9.745365977287292480e-01,9.472519159317016602e-01
-1.148505806922912598e+00,-8.547438383102416992e-01
-8.995561599731445312e-01,-8.202897906303405762e-01
1.146545052528381348e+00,9.630495905876159668e-01
-6.402514576911926270e-01,-1.005213022232055664e+00
-8.358164429664611816e-01,-1.207048892974853516e+00
-8.495473861694335938e-01,-1.044540405273437500e+00
9.400275945663452148e-01,1.414415955543518066e+00
1.002336382865905762e+00,1.208080172538757324e+00
1.423482418060302734e+00,9.948627948760986328e-01
-1.126981377601623535e+00,-1.348362207412719727e+00
-6.319049000740051270e-01,-1.057473540306091309e+00
-1.280874252319335938e+00,-1.340795636177062988e+00
-7.040592432022094727e-01,-5.174326896667480469e-01
-1.079053759574890137e+00,-6.748319864273071289e-01
-7.497420310974121094e-01,-9.089668393135070801e-01
7.293946743011474609e-01,8.870927095413208008e-01
8.695943951606750488e-01,9.633047580718994141e-01
6.434487104415893555e-01,1.154541373252868652e+00
1.136124134063720703e+00,8.947851657867431641e-01
-9.351018667221069336e-01,-9.922109842300415039e-01
-9.644833207130432129e-01,-8.303408622741699219e-01
9.596352577209472656e-01,1.651347160339355469e+00
1.058588981628417969e+00,1.083357572555541992e+00
-8.735564351081848145e-01,-8.095130324363708496e-01
1.070062398910522461e+00,5.987375378608703613e-01
-1.000759482383728027e+00,-6.980239748954772949e-01
1.317275047302246094e+00,1.110589385032653809e+00
-1.299294352531433105e+00,-8.901585936546325684e-01
-1.202921748161315918e+00,-8.674238920211791992e-01
9.826105833053588867e-01,7.866547107696533203e-01
-7.119470834732055664e-01,-6.206662654876708984e-01
1.085132002830505371e+00,6.329506039619445801e-01
-1.407790899276733398e+00,-1.209125757217407227e+00
-1.141991138458251953e+00,-9.895350337028503418e-01
-1.127433419227600098e+00,-3.529191017150878906e-01
1.009512543678283691e+00,9.238771200180053711e-01
-7.337266802787780762e-01,-9.009317159652709961e-01
8.630499839782714844e-01,1.280928611755371094e+00
8.320300579071044922e-01,1.111380219459533691e+00
-7.497593164443969727e-01,-7.352084517478942871e-01
-9.088475108146667480e-01,-1.214260101318359375e+00
1.223941087722778320e+00,9.439297914505004883e-01
-1.084069609642028809e+00,-1.494032025337219238e+00
9.103943109512329102e-01,9.175480604171752930e-01
9.890774488449096680e-01,6.647269725799560547e-01
-1.311841487884521484e+00,-8.707979917526245117e-01
-6.839562654495239258e-01,-1.016165375709533691e+00
-9.666758179664611816e-01,-1.133463382720947266e+00
-8.053823113441467285e-01,-8.873094320297241211e-01
8.458541631698608398e-01,1.310212373733520508e+00
-7.162490487098693848e-01,-1.076823472976684570e+00
-9.582874178886413574e-01,-1.156504750251770020e+00
-9.943482279777526855e-01,-9.932886362075805664e-01
9.208136200904846191e-01,1.289742231369018555e+00
-1.245556235313415527e+00,-9.398250579833984375e-01
1.207595586776733398e+00,9.341804981231689453e-01
1.030212283134460449e+00,1.031066656112670898e+00
1.075342178344726562e+00,1.199552297592163086e+00
9.207939505577087402e-01,8.015002012252807617e-01
-6.456272602081298828e-01,-9.626397490501403809e-01
1.140704274177551270e+00,1.096013188362121582e+00
1.179096698760986328e+00,9.643832445144653320e-01
-9.042102694511413574e-01,-1.007419109344482422e+00
8.318320512771606445e-01,1.202509045600891113e+00
-8.444136977195739746e-01,-1.223564624786376953e+00
-1.170970439910888672e+00,-1.142766594886779785e+00
-1.033387422561645508e+00,-1.011722803115844727e+00
-9.950663447380065918e-01,-1.310185909271240234e+00
9.879171252250671387e-01,6.289180517196655273e-01
-1.394282698631286621e+00,-1.336380839347839355e+00
9.984763264656066895e-01,9.371868371963500977e-01
9.429265260696411133e-01,1.238416075706481934e+00
7.536752223968505859e-01,1.067457795143127441e+00
-1.274527788162231445e+00,-7.188497185707092285e-01
1.255573511123657227e+00,1.053602457046508789e+00
-1.080830097198486328e+00,-7.280877232551574707e-01
-1.329398393630981445e+00,-8.146582245826721191e-01
-1.157804489135742188e+00,-1.563057065010070801e+00
9.258837103843688965e-01,8.992609977722167969e-01
6.500902771949768066e-01,7.722542881965637207e-01
-1.095188617706298828e+00,-1.056937575340270996e+00
1.033977866172790527e+00,8.102234005928039551e-01
9.065662622451782227e-01,9.555262327194213867e-01
1.152036786079406738e+00,8.919627070426940918e-01
-1.429722547531127930e+00,-9.189866781234741211e-01
-1.320282816886901855e+00,-1.216598033905029297e+00
-1.295780181884765625e+00,-1.246588230133056641e+00
9.664605855941772461e-01,7.260432243347167969e-01
-5.867245793342590332e-01,-1.255588769912719727e+00
8.243253231048583984e-01,9.464712738990783691e-01
-1.073526382446289062e+00,-1.338446974754333496e+00
7.100636959075927734e-01,4.283355772495269775e-01
6.814708113670349121e-01,1.087404012680053711e+00
9.462558031082153320e-01,9.374700784683227539e-01
-7.175843715667724609e-01,-9.245237112045288086e-01
-7.129197120666503906e-01,-8.042688369750976562e-01
-8.861733675003051758e-01,-1.116668224334716797e+00
-8.503304719924926758e-01,-9.471117258071899414e-01
-1.285579562187194824e+00,-1.368857383728027344e+00
8.880043029785156250e-01,1.025821447372436523e+00
9.131380319595336914e-01,7.575309276580810547e-01
1.285716533660888672e+00,1.042348265647888184e+00
-9.965562224388122559e-01,-6.927131414413452148e-01
1.573371052742004395e+00,1.159718751907348633e+00
7.123895287513732910e-01,6.695605516433715820e-01
-7.454707026481628418e-01,-1.083179593086242676e+00
1.085453867912292480e+00,1.204845309257507324e+00
-9.884858131408691406e-01,-1.396510124206542969e+00
1.230018377304077148e+00,1.176357030868530273e+00
1.081531882286071777e+00,1.478624820709228516e+00
7.834943532943725586e-01,9.087473154067993164e-01
9.753468036651611328e-01,1.193345189094543457e+00
1.004459619522094727e+00,9.821709394454956055e-01
7.872052788734436035e-01,1.254665613174438477e+00
-1.207928657531738281e+00,-1.375604152679443359e+00
-1.047091722488403320e+00,-1.019928812980651855e+00
8.849678039550781250e-01,8.682177066802978516e-01
9.265389442443847656e-01,8.471844196319580078e-01
8.877307176589965820e-01,9.028750658035278320e-01
8.237826228141784668e-01,1.630414009094238281e+00
1.121482133865356445e+00,9.349808692932128906e-01
6.531010866165161133e-01,1.066976189613342285e+00
1.510545849800109863e+00,1.064661502838134766e+00
-1.169450521469116211e+00,-7.114377021789550781e-01
-8.131092190742492676e-01,-9.866926074028015137e-01
9.249500036239624023e-01,8.568263053894042969e-01
1.208432555198669434e+00,8.928238153457641602e-01
-1.025268077850341797e+00,-1.049162149429321289e+00
1.176623940467834473e+00,9.891618490219116211e-01
1.022571802139282227e+00,9.391731023788452148e-01
9.339627027511596680e-01,5.964378714561462402e-01
-8.354470133781433105e-01,-1.143930315971374512e+00
9.637871980667114258e-01,7.298281192779541016e-01
-1.117988944053649902e+00,-1.120524644851684570e+00
5.523623824119567871e-01,9.364547729492187500e-01
-1.053883194923400879e+00,-1.050793170928955078e+00
-7.001373767852783203e-01,-9.075003862380981445e-01
-9.893174767494201660e-01,-9.927108287811279297e-01
-1.018087148666381836e+00,-7.390306591987609863e-01
5.044055581092834473e-01,8.953423500061035156e-01
-1.043793916702270508e+00,-1.124853491783142090e+00
8.545507192611694336e-01,6.435837745666503906e-01
-1.370998620986938477e+00,-1.219704508781433105e+00
-6.689531207084655762e-01,-1.265489935874938965e+00
7.169746756553649902e-01,8.838797211647033691e-01
-1.219026923179626465e+00,-6.687986254692077637e-01
-1.214963316917419434e+00,-1.378570914268493652e+00
1.469221353530883789e+00,1.265936613082885742e+00
1.198330163955688477e+00,1.451593160629272461e+00
-7.573627829551696777e-01,-8.327431082725524902e-01
-9.879881143569946289e-01,-3.606416583061218262e-01
1.054540634155273438e+00,1.208335161209106445e+00
1.170125484466552734e+00,1.020047187805175781e+00
-8.970019221305847168e-01,-1.174331188201904297e+00
-8.527694344520568848e-01,-9.834428429603576660e-01
-1.140073060989379883e+00,-1.605150103569030762e+00
1.119955778121948242e+00,9.745504260063171387e-01
1.260599613189697266e+00,1.559969663619995117e+00
-1.089886188507080078e+00,-1.403062224388122559e+00
1.159696459770202637e+00,7.946491241455078125e-01
1.002400994300842285e+00,8.232710957527160645e-01
9.251899123191833496e-01,8.562911748886108398e-01
7.722865343093872070e-01,8.625967502593994141e-01
-1.155210971832275391e+00,-1.238864660263061523e+00
-1.235488772392272949e+00,-1.001898765563964844e+00
-7.415008544921875000e-01,-1.156367540359497070e+00
1.484524965286254883e+00,8.593218922615051270e-01
1.002808690071105957e+00,1.016578674316406250e+00
1.095940709114074707e+00,1.241327166557312012e+00
-1.276560664176940918e+00,-7.715700864791870117e-01
1.116784691810607910e+00,5.364150404930114746e-01
7.162398695945739746e-01,1.144607067108154297e+00
7.221263647079467773e-01,1.465936422348022461e+00
9.821202158927917480e-01,1.215601444244384766e+00
1.401663541793823242e+00,1.505454421043395996e+00
-9.914203882217407227e-01,-1.204250216484069824e+00
9.509598612785339355e-01,7.637413144111633301e-01
-1.139256119728088379e+00,-9.232475161552429199e-01
-1.028154134750366211e+00,-1.098856806755065918e+00
-8.784146904945373535e-01,-7.929910421371459961e-01
1.420099616050720215e+00,5.946384072303771973e-01
-1.148035407066345215e+00,-8.377975225448608398e-01
-1.283280491828918457e+00,-1.104858517646789551e+00
-9.007374048233032227e-01,-5.886074304580688477e-01
8.630836606025695801e-01,1.007078289985656738e+00
-1.289497852325439453e+00,-1.147122383117675781e+00
-9.008812308311462402e-01,-1.142249107360839844e+00
-1.155003786087036133e+00,-1.009616851806640625e+00
8.573563098907470703e-01,1.078048110008239746e+00
8.727453351020812988e-01,1.174987196922302246e+00
-1.110934495925903320e+00,-9.109424948692321777e-01
-1.210053563117980957e+00,-1.621285915374755859e+00
7.610194683074951172e-01,1.137657523155212402e+00
-1.082841038703918457e+00,-9.616132378578186035e-01
7.311615943908691406e-01,1.033930420875549316e+00
-1.124032974243164062e+00,-1.072192072868347168e+00
7.125673294067382812e-01,6.172653436660766602e-01
1.025170803070068359e+00,5.982825756072998047e-01
9.674740433692932129e-01,1.366518378257751465e+00
1.082413554191589355e+00,6.976562738418579102e-01
-1.134947180747985840e+00,-1.222071766853332520e+00
-6.469614505767822266e-01,-1.081546545028686523e+00
-9.199086427688598633e-01,-8.417301177978515625e-01
9.133068919181823730e-01,8.806346058845520020e-01
-1.464434742927551270e+00,-1.067319989204406738e+00
1.065371274948120117e+00,8.529189229011535645e-01
-1.095574855804443359e+00,-1.162221193313598633e+00
1.319922208786010742e+00,1.138050675392150879e+00
1.082821249961853027e+00,9.835670590400695801e-01
9.630895256996154785e-01,6.955444812774658203e-01
8.362524509429931641e-01,8.865886926651000977e-01
1.033958673477172852e+00,1.389686465263366699e+00
9.954226016998291016e-01,9.318298101425170898e-01
8.224726915359497070e-01,8.614332675933837891e-01
1.086807966232299805e+00,1.040252566337585449e+00
-6.618115901947021484e-01,-1.127563357353210449e+00
-1.134205102920532227e+00,-1.049879074096679688e+00
-1.076876163482666016e+00,-6.484731435775756836e-01
-1.284783363342285156e+00,-1.035364270210266113e+00
-7.719624638557434082e-01,-1.084669351577758789e+00
9.741473197937011719e-01,9.923760294914245605e-01
9.917731285095214844e-01,1.526577949523925781e+00
6.657260656356811523e-01,8.584774732589721680e-01
-9.649550318717956543e-01,-1.070047974586486816e+00
-1.301118969917297363e+00,-1.663701534271240234e+00
1.146320223808288574e+00,8.391426205635070801e-01
-8.015810251235961914e-01,-1.076445937156677246e+00
1.072768688201904297e+00,5.669028759002685547e-01
-8.210055232048034668e-01,-5.852053761482238770e-01
9.634524583816528320e-01,1.146479845046997070e+00
-8.926199078559875488e-01,-9.510022401809692383e-01
-1.090703606605529785e+00,-6.558647155761718750e-01
-7.361855506896972656e-01,-8.582113981246948242e-01
-1.020266413688659668e+00,-9.597480297088623047e-01
7.403739690780639648e-01,1.150869011878967285e+00
1.033192276954650879e+00,5.988697409629821777e-01
-9.463524222373962402e-01,-9.171516895294189453e-01
8.787345886230468750e-01,1.016131043434143066e+00
1.160493254661560059e+00,1.056957840919494629e+00
-1.048444151878356934e+00,-7.845286726951599121e-01
5.964424014091491699e-01,1.041413187980651855e+00
-9.179673194885253906e-01,-1.202434778213500977e+00
-1.012792229652404785e+00,-8.579983115196228027e-01
1.161081194877624512e+00,9.691621661186218262e-01
1.133793711662292480e+00,8.924905061721801758e-01
-1.422000408172607422e+00,-1.117454648017883301e+00
8.105307221412658691e-01,9.716726541519165039e-01
-5.103232264518737793e-01,-1.456535935401916504e+00
-9.229176044464111328e-01,-9.778845310211181641e-01
-1.086356878280639648e+00,-1.157181382179260254e+00
-1.439827322959899902e+00,-8.332046866416931152e-01
-1.092154860496520996e+00,-9.802751541137695312e-01
-1.206809401512145996e+00,-8.973722457885742188e-01
9.294871687889099121e-01,1.374741196632385254e+00
1.388923883438110352e+00,9.745045900344848633e-01
-7.805660367012023926e-01,-9.806286096572875977e-01
-9.643952846527099609e-01,-8.413205742835998535e-01
-1.042333960533142090e+00,-7.844296097755432129e-01
-1.235691666603088379e+00,-8.609207868576049805e-01
-1.157089829444885254e+00,-8.817044496536254883e-01
6.464055776596069336e-01,1.177480816841125488e+00
-1.146657705307006836e+00,-8.914445638656616211e-01
9.590545892715454102e-01,9.972011446952819824e-01
8.734567165374755859e-01,9.675688147544860840e-01
-6.982876658439636230e-01,-1.001865863800048828e+00
-1.068372726440429688e+00,-1.068069100379943848e+00
1.046640634536743164e+00,1.438521862030029297e+00
-8.282420039176940918e-01,-7.243228554725646973e-01
-9.563155174255371094e-01,-1.126053810119628906e+00
-1.323279142379760742e+00,-8.595000505447387695e-01
1.037907361984252930e+00,1.053288817405700684e+00
6.521060466766357422e-01,7.269920110702514648e-01
1.266673684120178223e+00,1.340144753456115723e+00
1.064669847488403320e+00,6.498211026191711426e-01
1.046825885772705078e+00,1.073996901512145996e+00
7.111262083053588867e-01,1.086550235748291016e+00
-1.051495075225830078e+00,-8.265638947486877441e-01
9.691343307495117188e-01,8.170198798179626465e-01
1.048947691917419434e+00,9.953220486640930176e-01
9.295285940170288086e-01,9.738561511039733887e-01
-1.039407014846801758e+00,-1.114053130149841309e+00
8.323692083358764648e-01,1.275101423263549805e+00
1.240449190139770508e+00,9.316900372505187988e-01
1.023477315902709961e+00,1.086899280548095703e+00
-6.728373169898986816e-01,-1.045340418815612793e+00
8.609296083450317383e-01,7.103436589241027832e-01
-9.869196414947509766e-01,-1.074750900268554688e+00
-1.152288913726806641e+00,-7.818445563316345215e-01
1.003166317939758301e+00,9.501440525054931641e-01
1.256325125694274902e+00,1.196902155876159668e+00
9.760555028915405273e-01,1.018646121025085449e+00
-9.405436515808105469e-01,-1.187578797340393066e+00
-8.088614940643310547e-01,-1.004314184188842773e+00
-1.099124550819396973e+00,-1.224112749099731445e+00
1.129777431488037109e+00,1.279969930648803711e+00
8.698291778564453125e-01,9.855934977531433105e-01
1.170755624771118164e+00,1.040868878364562988e+00
-1.433579683303833008e+00,-1.174651503562927246e+00
-6.027258038520812988e-01,-7.934440970420837402e-01
-8.191859722137451172e-01,-8.276484012603759766e-01
9.220560789108276367e-01,7.618802189826965332e-01
-1.217329740524291992e+00,-1.125864505767822266e+00
1.044844746589660645e+00,6.224605441093444824e-01
6.901101469993591309e-01,1.122266888618469238e+00
-9.911743402481079102e-01,-9.458767175674438477e-01
-1.043052792549133301e+00,-1.076814770698547363e+00
1.187625527381896973e+00,8.001072406768798828e-01
1.177455782890319824e+00,9.366171956062316895e-01
-9.875108599662780762e-01,-1.131836414337158203e+00
-7.289822101593017578e-01,-9.771198034286499023e-01
1.229303717613220215e+00,1.065843582153320312e+00
-7.443237304687500000e-01,-1.044826149940490723e+00
8.989538550376892090e-01,9.704797267913818359e-01
5.329080820083618164e-01,8.498941659927368164e-01
-9.447304010391235352e-01,-1.010286808013916016e+00
-1.267211794853210449e+00,-8.640170693397521973e-01
-7.331880927085876465e-01,-1.103476643562316895e+00
1.253246426582336426e+00,1.135835647583007812e+00
8.874704241752624512e-01,1.493379473686218262e+00
1.048530101776123047e+00,1.439943909645080566e+00
-8.793967366218566895e-01,-1.043670058250427246e+00
1.215018987655639648e+00,1.059559583663940430e+00
-9.779464006423950195e-01,-1.384031414985656738e+00
1.021980047225952148e+00,9.898335933685302734e-01
9.531149864196777344e-01,1.078201770782470703e+00
1.165484666824340820e+00,7.481255531311035156e-01
9.374225735664367676e-01,8.290122151374816895e-01
-7.571309804916381836e-01,-7.462394833564758301e-01
1.138117194175720215e+00,6.004898548126220703e-01
4.946217834949493408e-01,1.005279302597045898e+00
-6.223542094230651855e-01,-1.376067042350769043e+00
-9.892994761466979980e-01,-1.120997905731201172e+00
-8.713445067405700684e-01,-6.956645250320434570e-01
-9.607382416725158691e-01,-1.021427989006042480e+00
6.700111627578735352e-01,7.674701809883117676e-01
9.912958741188049316e-01,1.026347637176513672e+00
-1.016324162483215332e+00,-8.085153102874755859e-01
-1.298668384552001953e+00,-1.226092100143432617e+00
1.018722772598266602e+00,1.029410600662231445e+00
-1.165712594985961914e+00,-7.738165855407714844e-01
6.219980716705322266e-01,8.969596624374389648e-01
-6.607345938682556152e-01,-1.442928433418273926e+00
7.579141855239868164e-01,1.088077306747436523e+00
1.327228069305419922e+00,7.978327274322509766e-01
-7.783386111259460449e-01,-1.181183815002441406e+00
1.214128971099853516e+00,1.023247480392456055e+00
-7.501200437545776367e-01,-8.824861049652099609e-01
-1.090131640434265137e+00,-8.909739851951599121e-01
-1.009263038635253906e+00,-9.530524015426635742e-01
9.535676836967468262e-01,8.758841753005981445e-01
9.428967833518981934e-01,1.085160493850708008e+00
8.887428045272827148e-01,1.140800237655639648e+00
-7.971010804176330566e-01,-7.173733711242675781e-01
-5.578731298446655273e-01,-1.030891060829162598e+00
6.051373481750488281e-01,1.391035556793212891e+00
-9.756462574005126953e-01,-6.417148113250732422e-01
-1.424488902091979980e+00,-1.089593172073364258e+00
-1.062075734138488770e+00,-1.069180607795715332e+00
8.896421790122985840e-01,1.122001528739929199e+00
-8.031647205352783203e-01,-9.950662255287170410e-01
5.069221258163452148e-01,1.177848339080810547e+00
-1.269937396049499512e+00,-1.288018703460693359e+00
1.033253669738769531e+00,1.139757871627807617e+00
-8.699601888656616211e-01,-1.084486365318298340e+00
-9.641260504722595215e-01,-9.588243365287780762e-01
-9.785528779029846191e-01,-7.875866889953613281e-01
-1.132197380065917969e+00,-9.497008919715881348e-01
9.086800813674926758e-01,1.106822133064270020e+00
-1.228972673416137695e+00,-9.946481585502624512e-01
-1.029486298561096191e+00,-5.050673484802246094e-01
-7.632739543914794922e-01,-1.142351269721984863e+00
-8.207734823226928711e-01,-1.211634516716003418e+00
9.830497503280639648e-01,1.233934164047241211e+00
1.158118605613708496e+00,8.968170881271362305e-01
1.036165475845336914e+00,1.325276374816894531e+00
-1.164786458015441895e+00,-1.526182770729064941e+00
-1.212679743766784668e+00,-1.369258403778076172e+00
-1.104065418243408203e+00,-1.213940382003784180e+00
8.025012612342834473e-01,8.767029047012329102e-01
9.648617506027221680e-01,6.974953413009643555e-01
1.003941893577575684e+00,7.406796216964721680e-01
1.006605029106140137e+00,1.205980777740478516e+00
-1.104603767395019531e+00,-1.047018051147460938e+00
1.084350705146789551e+00,9.920280575752258301e-01
1.331435918807983398e+00,1.058665156364440918e+00
-1.001304388046264648e+00,-9.258126616477966309e-01
1.109629511833190918e+00,1.024467110633850098e+00
1.040998935699462891e+00,8.529007434844970703e-01
-1.130193710327148438e+00,-1.015135884284973145e+00
-1.187528371810913086e+00,-9.658951163291931152e-01
1.166982054710388184e+00,1.124280095100402832e+00
6.677117347717285156e-01,1.203063249588012695e+00
7.936297655105590820e-01,9.605420231819152832e-01
-1.263060331344604492e+00,-3.584183752536773682e-01
1.124843358993530273e+00,9.211438894271850586e-01
6.657099723815917969e-01,7.482550740242004395e-01
9.642012715339660645e-01,1.242804527282714844e+00
7.274269461631774902e-01,1.334256887435913086e+00
6.013413071632385254e-01,1.056356906890869141e+00
-1.078656315803527832e+00,-9.628009796142578125e-01
-5.902023911476135254e-01,-1.365201234817504883e+00
1.045480489730834961e+00,6.062040925025939941e-01
-1.083506345748901367e+00,-1.220866680145263672e+00
7.379050850868225098e-01,7.270467877388000488e-01
1.221218824386596680e+00,9.252209067344665527e-01
9.254686832427978516e-01,7.776226401329040527e-01
-1.220267891883850098e+00,-8.155799508094787598e-01
8.779466748237609863e-01,1.074588656425476074e+00
1.159854173660278320e+00,1.186210036277770996e+00
9.656649827957153320e-01,1.048439860343933105e+00
-1.120309114456176758e+00,-1.311727881431579590e+00
-1.016215324401855469e+00,-1.232158541679382324e+00
1.040835976600646973e+00,9.219536781311035156e-01
-1.344533801078796387e+00,-1.241867303848266602e+00
9.192449450492858887e-01,7.032355070114135742e-01
8.861849308013916016e-01,1.129666328430175781e+00
1.051767349243164062e+00,7.067382931709289551e-01
-1.015162348747253418e+00,-1.011957883834838867e+00
-8.803740143775939941e-01,-7.483159303665161133e-01
1.300843715667724609e+00,5.553644299507141113e-01
9.564875960350036621e-01,1.076230406761169434e+00
-1.250900030136108398e+00,-1.017258763313293457e+00
-1.133450627326965332e+00,-1.260800123214721680e+00
1.500476598739624023e+00,5.270581841468811035e-01
1.121166229248046875e+00,1.009254813194274902e+00
-1.132153630256652832e+00,-7.057883143424987793e-01
1.001245021820068359e+00,8.466677665710449219e-01
-9.105345606803894043e-01,-1.105191230773925781e+00
-8.604767918586730957e-01,-8.642075061798095703e-01
6.194503307342529297e-01,8.999114632606506348e-01
6.411244869232177734e-01,8.463253378868103027e-01
1.100559592247009277e+00,1.286977529525756836e+00
6.587904095649719238e-01,1.017840385437011719e+00
1.028863668441772461e+00,5.955500006675720215e-01
-5.658946633338928223e-01,-8.803234100341796875e-01
-3.786658942699432373e-01,-7.633755207061767578e-01
-1.462383389472961426e+00,-1.089988946914672852e+00
5.835948586463928223e-01,6.126756072044372559e-01
-9.097229242324829102e-01,-8.817782998085021973e-01
1.169036030769348145e+00,1.120711803436279297e+00
1.087932229042053223e+00,8.223565816879272461e-01
1.436319231986999512e+00,1.098835110664367676e+00
8.411347270011901855e-01,1.270808696746826172e+00
6.330105662345886230e-01,1.066284179687500000e+00
-1.029065370559692383e+00,-9.897781610488891602e-01
-9.179701805114746094e-01,-9.468345046043395996e-01
-1.134232044219970703e+00,-7.436719536781311035e-01
-9.086019396781921387e-01,-1.184875845909118652e+00
-1.395499706268310547e+00,-1.155845522880554199e+00
1.021412491798400879e+00,9.270105361938476562e-01
-8.857853412628173828e-01,-6.864035725593566895e-01
9.621008038520812988e-01,1.203394174575805664e+00
-7.102231979370117188e-01,-9.011703133583068848e-01
4.291994869709014893e-01,1.102537035942077637e+00
8.662863373756408691e-01,9.757118225097656250e-01
8.672050833702087402e-01,7.802602648735046387e-01
-1.142052888870239258e+00,-1.009340405464172363e+00
-9.440799951553344727e-01,-1.083165645599365234e+00
7.581087350845336914e-01,1.433750987052917480e+00
-8.741250634193420410e-01,-8.428006172180175781e-01
6.152142286300659180e-01,9.919124841690063477e-01
-8.174455165863037109e-01,-6.850911974906921387e-01
-6.707922220230102539e-01,-7.017715573310852051e-01
9.059289097785949707e-01,1.135667324066162109e+00
1.130490660667419434e+00,6.882585883140563965e-01
-9.709153771400451660e-01,-9.407930374145507812e-01
-1.160044193267822266e+00,-7.172864675521850586e-01
1.155505180358886719e+00,4.481143355369567871e-01
1.177996754646301270e+00,7.380684614181518555e-01
1.138361334800720215e+00,1.309839844703674316e+00
9.225150942802429199e-01,1.068246126174926758e+00
-1.318423271179199219e+00,-1.140605926513671875e+00
8.626510500907897949e-01,8.301435112953186035e-01
-8.709656596183776855e-01,-1.333278775215148926e+00
-8.633371591567993164e-01,-8.984805345535278320e-01
1.153677225112915039e+00,1.043030261993408203e+00
1.078402757644653320e+00,1.143803834915161133e+00
1.474362850189208984e+00,9.086807966232299805e-01
1.050371646881103516e+00,1.149786233901977539e+00
-9.542488455772399902e-01,-1.096756696701049805e+00
-8.275102972984313965e-01,-8.716905117034912109e-01
1.084729671478271484e+00,9.508649706840515137e-01
1.208597660064697266e+00,1.129018306732177734e+00
1.055098772048950195e+00,9.433519244194030762e-01
-1.092116236686706543e+00,-1.066943168640136719e+00
-9.001502394676208496e-01,-8.265756368637084961e-01
1.391850352287292480e+00,7.705784440040588379e-01
1.177825331687927246e+00,1.084434747695922852e+00
-8.447307944297790527e-01,-7.350484728813171387e-01
9.836623072624206543e-01,7.572226524353027344e-01
9.115457534790039062e-01,8.432719111442565918e-01
-1.213878750801086426e+00,-1.100907206535339355e+00
1.045382976531982422e+00,6.536751985549926758e-01
-5.462651848793029785e-01,-7.131399512290954590e-01
-1.185667157173156738e+00,-7.222600579261779785e-01
8.940203785896301270e-01,7.254331111907958984e-01
1.012653112411499023e+00,9.249125123023986816e-01
9.125617146492004395e-01,1.311961412429809570e+00
-7.638717889785766602e-01,-1.006884098052978516e+00
-8.438928127288818359e-01,-8.351009488105773926e-01
-7.971774339675903320e-01,-6.910185813903808594e-01
1.111007690429687500e+00,1.034864425659179688e+00
7.522248625755310059e-01,1.354040861129760742e+00
1.070244312286376953e+00,1.155806541442871094e+00
-1.342282533645629883e+00,-1.141527533531188965e+00
-1.070283532142639160e+00,-1.020141601562500000e+00
1.489864468574523926e+00,7.362609505653381348e-01
8.058404922485351562e-01,1.160870075225830078e+00
8.287761211395263672e-01,6.304743289947509766e-01
-1.012193322181701660e+00,-6.531553268432617188e-01
-8.134195804595947266e-01,-1.156000971794128418e+00
1.087783694267272949e+00,1.198570251464843750e+00
1.007645606994628906e+00,6.350258588790893555e-01
1.056723713874816895e+00,6.851191520690917969e-01
-8.356539011001586914e-01,-8.583421707153320312e-01
-6.814806461334228516e-01,-1.063792109489440918e+00
-8.026486635208129883e-01,-1.296213030815124512e+00
1.456902146339416504e+00,1.115102410316467285e+00
9.360876083374023438e-01,8.870647549629211426e-01
1.193820118904113770e+00,1.147032141685485840e+00
-9.680982232093811035e-01,-8.623348474502563477e-01
1.132362246513366699e+00,1.203535199165344238e+00
1.242608070373535156e+00,8.666663765907287598e-01
-1.034570693969726562e+00,-9.589558839797973633e-01
8.820338845252990723e-01,1.213623762130737305e+00
9.474954605102539062e-01,1.183106303215026855e+00
-7.528111338615417480e-01,-1.046906828880310059e+00
5.426808595657348633e-01,1.371978759765625000e+00
-6.985478997230529785e-01,-1.037668347358703613e+00
1.221806764602661133e+00,7.791897058486938477e-01
1.288081765174865723e+00,1.052856445312500000e+00
-1.292370080947875977e+00,-8.787989020347595215e-01
-9.056089520454406738e-01,-9.938522577285766602e-01
9.687933921813964844e-01,7.380173206329345703e-01
9.509934782981872559e-01,6.561774015426635742e-01
-1.220605850219726562e+00,-7.396793365478515625e-01
8.156155347824096680e-01,7.822434306144714355e-01
-1.111402988433837891e+00,-8.251021504402160645e-01
-1.229230165481567383e+00,-1.013779282569885254e+00
1.087537646293640137e+00,1.003686070442199707e+00
7.770427465438842773e-01,9.931697249412536621e-01
1.104645013809204102e+00,1.105661749839782715e+00
-8.711028099060058594e-01,-1.137579917907714844e+00
9.085443615913391113e-01,1.342872619628906250e+00
-1.024449825286865234e+00,-9.936873316764831543e-01
-9.226010441780090332e-01,-9.161186218261718750e-01
1.093257188796997070e+00,1.348083496093750000e+00
-9.270481467247009277e-01,-9.914095401763916016e-01
1.249543190002441406e+00,5.849835276603698730e-01
-1.035415410995483398e+00,-1.006124496459960938e+00
-8.062909245491027832e-01,-7.004240751266479492e-01
1.669622778892517090e+00,1.122834205627441406e+00
1.433393001556396484e+00,1.167416691780090332e+00
-9.538865089416503906e-01,-1.163258075714111328e+00
9.243492484092712402e-01,9.367654919624328613e-01
-1.055104136466979980e+00,-8.127276897430419922e-01
-1.282048106193542480e+00,-7.182156443595886230e-01
-9.654543399810791016e-01,-1.066895723342895508e+00
-8.571693301200866699e-01,-1.079353094100952148e+00
5.432919263839721680e-01,8.959385156631469727e-01
8.663032054901123047e-01,1.192707777023315430e+00
-8.753284811973571777e-01,-9.384601116180419922e-01
-9.815783500671386719e-01,-1.197317719459533691e+00
1.260598182678222656e+00,1.019352316856384277e+00
-1.240372896194458008e+00,-1.185493946075439453e+00
1.280666589736938477e+00,9.678273797035217285e-01
1.002147912979125977e+00,6.855729222297668457e-01
-8.279689550399780273e-01,-7.679571509361267090e-01
8.449188470840454102e-01,1.322608828544616699e+00
1.055506706237792969e+00,1.000481128692626953e+00
-1.079793930053710938e+00,-1.036931276321411133e+00
-1.011108398437500000e+00,-7.151232361793518066e-01
1.128883838653564453e+00,8.581432104110717773e-01
-1.011417627334594727e+00,-8.720728158950805664e-01
-1.298116326332092285e+00,-5.034350752830505371e-01
-1.110640287399291992e+00,-1.089467763900756836e+00
-9.559890627861022949e-01,-6.293761134147644043e-01
-1.409389019012451172e+00,-6.427524089813232422e-01
-8.175694346427917480e-01,-8.103731870651245117e-01
6.337060332298278809e-01,6.289294362068176270e-01
-1.428328156471252441e+00,-1.097448587417602539e+00
-9.575016498565673828e-01,-9.634102582931518555e-01
1.050498485565185547e+00,1.098335623741149902e+00
-1.436899900436401367e+00,-1.192507982254028320e+00
7.575049996376037598e-01,1.064616799354553223e+00
-7.909626364707946777e-01,-7.373800873756408691e-01
-8.117992281913757324e-01,-1.006974577903747559e+00
8.983184099197387695e-01,7.798911929130554199e-01
1.132499694824218750e+00,5.280827283859252930e-01
-1.245928406715393066e+00,-9.075058102607727051e-01
-6.434658765792846680e-01,-9.310781955718994141e-01
-5.703274607658386230e-01,-9.651252031326293945e-01
8.317806124687194824e-01,9.028254747390747070e-01
-1.201619386672973633e+00,-8.806465864181518555e-01
-1.166415095329284668e+00,-1.044719099998474121e+00
9.303304553031921387e-01,9.389542341232299805e-01
-1.000672817230224609e+00,-9.550027251243591309e-01
9.136003851890563965e-01,6.794354915618896484e-01
9.770593047142028809e-01,1.031989693641662598e+00
-8.760043978691101074e-01,-1.165978789329528809e+00
8.481265902519226074e-01,6.423670649528503418e-01
1.030493855476379395e+00,1.187608242034912109e+00
-1.017644882202148438e+00,-1.039239525794982910e+00
-1.061331152915954590e+00,-8.060595393180847168e-01
-1.090318799018859863e+00,-8.199131488800048828e-01
1.175662159919738770e+00,9.257184267044067383e-01
6.301326155662536621e-01,1.478633522987365723e+00
-8.067464828491210938e-01,-1.159083247184753418e+00
-1.008750200271606445e+00,-1.092575430870056152e+00
1.137202262878417969e+00,7.669736146926879883e-01
-9.269844889640808105e-01,-1.216873168945312500e+00
-1.305108547210693359e+00,-9.245430827140808105e-01
