-1.069778323173522949e+00,-1.137284755706787109e+00
-8.436292409896850586e-01,-1.121434330940246582e+00
-1.047084450721740723e+00,-7.506908178329467773e-01
1.228965163230895996e+00,1.036473035812377930e+00
7.161115407943725586e-01,7.232232689857482910e-01
1.196678161621093750e+00,1.119185328483581543e+00
-1.214829444885253906e+00,-1.041153192520141602e+00
-9.971809983253479004e-01,-9.959953427314758301e-01
1.253721356391906738e+00,7.777851223945617676e-01
-1.032234549522399902e+00,-1.348846673965454102e+00
7.531905174255371094e-01,8.522944450378417969e-01
1.336831688880920410e+00,1.157516837120056152e+00
-6.638938784599304199e-01,-7.978611588478088379e-01
1.172428369522094727e+00,7.099153399467468262e-01
-9.211016297340393066e-01,-1.276933908462524414e+00
-9.238063693046569824e-01,-9.298390746116638184e-01
9.857759475708007812e-01,9.161438345909118652e-01
-1.119805335998535156e+00,-1.177126526832580566e+00
1.018482804298400879e+00,9.768573045730590820e-01
-9.408353567123413086e-01,-1.046355128288269043e+00
8.465846776962280273e-01,1.014053821563720703e+00
-1.028946757316589355e+00,-6.532895565032958984e-01
1.166642904281616211e+00,1.067234277725219727e+00
1.435734868049621582e+00,8.314756155014038086e-01
-1.155155777931213379e+00,-1.038657665252685547e+00
-1.004043221473693848e+00,-1.240279197692871094e+00
1.062813520431518555e+00,8.722141981124877930e-01
9.036592245101928711e-01,7.426817417144775391e-01
-1.119013905525207520e+00,-7.631302475929260254e-01
-1.221816420555114746e+00,-1.071469187736511230e+00
-9.833703041076660156e-01,-6.699261069297790527e-01
1.318211317062377930e+00,1.121838450431823730e+00
-1.223590135574340820e+00,-1.022757291793823242e+00
-1.094423651695251465e+00,-8.133179545402526855e-01
1.163793444633483887e+00,6.988747119903564453e-01
-1.175688147544860840e+00,-1.161390185356140137e+00
1.121738433837890625e+00,8.746339678764343262e-01
1.022215127944946289e+00,1.087223887443542480e+00
1.437896013259887695e+00,8.540306687355041504e-01
1.235480070114135742e+00,8.631730675697326660e-01
-7.951736450195312500e-01,-1.244203805923461914e+00
-9.278872609138488770e-01,-1.041793942451477051e+00
9.700409770011901855e-01,8.238541483879089355e-01
-1.093619108200073242e+00,-1.385890007019042969e+00
-7.467402815818786621e-01,-9.220149517059326172e-01
-9.084740877151489258e-01,-9.234758019447326660e-01
-1.157166242599487305e+00,-1.071033596992492676e+00
9.363925457000732422e-01,8.589005470275878906e-01
1.259225010871887207e+00,1.461227655410766602e+00
-1.094788670539855957e+00,-7.891965508460998535e-01
-1.028767228126525879e+00,-1.078104972839355469e+00
-9.020190834999084473e-01,-6.747109889984130859e-01
-8.254848122596740723e-01,-1.250125050544738770e+00
5.140289664268493652e-01,4.849557578563690186e-01
1.331036925315856934e+00,7.173092961311340332e-01
-9.602276682853698730e-01,-7.755612134933471680e-01
1.023855924606323242e+00,1.059234142303466797e+00
8.938987851142883301e-01,5.159189701080322266e-01
-1.122951507568359375e+00,-9.115656614303588867e-01
1.092223763465881348e+00,8.044164180755615234e-01
9.347332119941711426e-01,1.175994396209716797e+00
1.104016065597534180e+00,9.621225595474243164e-01
1.214918613433837891e+00,7.825213074684143066e-01
8.623555898666381836e-01,9.891350865364074707e-01
-1.219204902648925781e+00,-9.749007225036621094e-01
-1.178520917892456055e+00,-7.997892498970031738e-01
2.261594235897064209e-01,3.683807849884033203e-01
1.107970714569091797e+00,7.090151906013488770e-01
-1.167841911315917969e+00,-8.325823545455932617e-01
7.812715768814086914e-01,6.083768010139465332e-01
1.110993981361389160e+00,1.094924807548522949e+00
-7.328136563301086426e-01,-1.136431932449340820e+00
-9.035685062408447266e-01,-9.021795392036437988e-01
-1.322432637214660645e+00,-1.266766548156738281e+00
1.116361737251281738e+00,8.755788803100585938e-01
1.228900551795959473e+00,1.720420122146606445e+00
9.447821378707885742e-01,8.451242446899414062e-01
-7.354436516761779785e-01,-1.148733019828796387e+00
-7.036650776863098145e-01,-7.838879227638244629e-01
-1.222175359725952148e+00,-1.037116408348083496e+00
-7.573401927947998047e-01,-1.032961130142211914e+00
1.195308327674865723e+00,9.905588626861572266e-01
-8.000389933586120605e-01,-6.210341453552246094e-01
-1.015755653381347656e+00,-1.102073431015014648e+00
7.446005940437316895e-01,1.057280778884887695e+00
-1.056800127029418945e+00,-1.279968261718750000e+00
-6.207680702209472656e-01,-7.134951353073120117e-01
1.025431156158447266e+00,9.473214745521545410e-01
1.317864537239074707e+00,1.094374537467956543e+00
-1.146806359291076660e+00,-9.337311387062072754e-01
1.021007895469665527e+00,6.590363383293151855e-01
1.705190777778625488e+00,1.041462182998657227e+00
-1.016930460929870605e+00,-8.549348711967468262e-01
-9.073433876037597656e-01,-9.863893985748291016e-01
1.019297361373901367e+00,1.127066254615783691e+00
-9.679648280143737793e-01,-1.027195334434509277e+00
1.106697678565979004e+00,1.391075372695922852e+00
1.121550321578979492e+00,1.301739573478698730e+00
-9.093148112297058105e-01,-1.168696761131286621e+00
1.166778326034545898e+00,7.174242138862609863e-01
9.933518767356872559e-01,7.293937206268310547e-01
-5.638552904129028320e-01,-6.796268820762634277e-01
1.030416965484619141e+00,8.291225433349609375e-01
1.023381948471069336e+00,1.145810008049011230e+00
-1.101009845733642578e+00,-1.033994078636169434e+00
8.758606910705566406e-01,7.963199019432067871e-01
-1.047720193862915039e+00,-1.082093000411987305e+00
-1.334063529968261719e+00,-9.948526024818420410e-01
-1.089746356010437012e+00,-1.076949477195739746e+00
8.685677051544189453e-01,5.963808298110961914e-01
9.314817190170288086e-01,8.981074094772338867e-01
1.105973482131958008e+00,7.774606347084045410e-01
-1.139678835868835449e+00,-8.527952432632446289e-01
1.142298460006713867e+00,7.147625684738159180e-01
1.214707970619201660e+00,1.104109406471252441e+00
-1.254937410354614258e+00,-9.136378169059753418e-01
1.137939333915710449e+00,1.227253675460815430e+00
-6.145530343055725098e-01,-1.126918315887451172e+00
1.554217219352722168e+00,1.197534561157226562e+00
1.322522878646850586e+00,8.417096734046936035e-01
1.110866069793701172e+00,1.178237318992614746e+00
-8.227733373641967773e-01,-8.606872558593750000e-01
-7.837547063827514648e-01,-1.220696926116943359e+00
-8.403775095939636230e-01,-9.965481758117675781e-01
-9.430162906646728516e-01,-1.031660079956054688e+00
-8.825603127479553223e-01,-1.095691800117492676e+00
-1.010827302932739258e+00,-9.527894258499145508e-01
1.206102728843688965e+00,9.941033720970153809e-01
1.146679401397705078e+00,9.039134383201599121e-01
-1.063130736351013184e+00,-8.990554809570312500e-01
-7.455152869224548340e-01,-9.036398530006408691e-01
1.186555147171020508e+00,6.303232312202453613e-01
-8.266288042068481445e-01,-1.015117645263671875e+00
9.673675298690795898e-01,9.379494786262512207e-01
-1.003254532814025879e+00,-7.315824627876281738e-01
-1.316495180130004883e+00,-1.062291502952575684e+00
-1.094778418540954590e+00,-1.045020341873168945e+00
-9.647308588027954102e-01,-9.665585756301879883e-01
1.100479722023010254e+00,8.286992907524108887e-01
-1.559247851371765137e+00,-1.815272450447082520e+00
1.206523180007934570e+00,7.957857251167297363e-01
-7.264351844787597656e-01,-7.521184682846069336e-01
-8.779115676879882812e-01,-1.440759778022766113e+00
1.200540661811828613e+00,1.039046168327331543e+00
-1.073700785636901855e+00,-8.242249488830566406e-01
-1.244447231292724609e+00,-9.477838873863220215e-01
-1.018906474113464355e+00,-6.438081860542297363e-01
-1.065854668617248535e+00,-5.952660441398620605e-01
-9.783681035041809082e-01,-6.187723278999328613e-01
1.382751941680908203e+00,1.091635704040527344e+00
6.967651844024658203e-01,7.163771390914916992e-01
1.308100819587707520e+00,9.901660680770874023e-01
-8.601103425025939941e-01,-1.104785084724426270e+00
-1.234855413436889648e+00,-1.366004467010498047e+00
1.196550130844116211e+00,1.093391180038452148e+00
1.342560648918151855e+00,1.060826539993286133e+00
9.067787528038024902e-01,6.193137764930725098e-01
-8.735642433166503906e-01,-1.171071290969848633e+00
-7.216370701789855957e-01,-8.320948481559753418e-01
-1.020200133323669434e+00,-1.548735380172729492e+00
-6.724567413330078125e-01,-6.685588955879211426e-01
1.198297858238220215e+00,7.679281830787658691e-01
-1.186345696449279785e+00,-1.093004465103149414e+00
1.298548698425292969e+00,5.916457176208496094e-01
1.445537328720092773e+00,1.505214214324951172e+00
9.467820525169372559e-01,9.367692470550537109e-01
8.895087242126464844e-01,1.039697647094726562e+00
1.120301961898803711e+00,7.994640469551086426e-01
8.587649464607238770e-01,7.360286712646484375e-01
-9.684485197067260742e-01,-7.910493612289428711e-01
1.121686100959777832e+00,1.234803557395935059e+00
1.292182087898254395e+00,1.002915978431701660e+00
-1.119115352630615234e+00,-1.116218566894531250e+00
-9.524097442626953125e-01,-8.296720385551452637e-01
-8.172057271003723145e-01,-1.101127147674560547e+00
-1.037951111793518066e+00,-1.113632917404174805e+00
1.263115644454956055e+00,1.214387893676757812e+00
-8.736742734909057617e-01,-1.154013037681579590e+00
-1.018184900283813477e+00,-7.319471836090087891e-01
-9.312093853950500488e-01,-1.046243667602539062e+00
9.708628058433532715e-01,8.220345973968505859e-01
1.443226218223571777e+00,1.118355751037597656e+00
1.270922780036926270e+00,1.266988277435302734e+00
-7.503876686096191406e-01,-1.107087135314941406e+00
-1.281602978706359863e+00,-1.082971692085266113e+00
-1.060792088508605957e+00,-1.094236016273498535e+00
1.130355715751647949e+00,8.619347810745239258e-01
1.336082935333251953e+00,9.148896336555480957e-01
-8.590878248214721680e-01,-9.124901294708251953e-01
-1.067224621772766113e+00,-7.789339423179626465e-01
-8.494580388069152832e-01,-9.767167568206787109e-01
-9.646890163421630859e-01,-1.247777819633483887e+00
4.412195384502410889e-01,5.202952623367309570e-01
1.145702123641967773e+00,1.381534576416015625e+00
8.743269443511962891e-01,1.195287466049194336e+00
1.677650928497314453e+00,1.122773885726928711e+00
-8.273010849952697754e-01,-1.031821966171264648e+00
9.352153539657592773e-01,8.345412611961364746e-01
7.960604429244995117e-01,9.307453632354736328e-01
-1.208302378654479980e+00,-7.582572698593139648e-01
1.280450940132141113e+00,1.112821221351623535e+00
1.128910422325134277e+00,1.078831791877746582e+00
1.113871097564697266e+00,1.222125291824340820e+00
1.225826859474182129e+00,9.495627880096435547e-01
-6.757519841194152832e-01,-9.105097055435180664e-01
1.271745204925537109e+00,1.181108236312866211e+00
-8.054265379905700684e-01,-5.949122309684753418e-01
9.026575088500976562e-01,9.878905415534973145e-01
-9.816182255744934082e-01,-1.165689945220947266e+00
1.394070386886596680e+00,9.706993103027343750e-01
-2.676339745521545410e-01,-4.710230827331542969e-01
-8.003139495849609375e-01,-1.315797328948974609e+00
1.050827860832214355e+00,9.008224010467529297e-01
-1.013653635978698730e+00,-8.139122724533081055e-01
-1.119514226913452148e+00,-1.023705244064331055e+00
1.235586047172546387e+00,1.178337812423706055e+00
1.087704300880432129e+00,1.251768708229064941e+00
-9.392513036727905273e-01,-1.077666759490966797e+00
-1.157218217849731445e+00,-1.143724322319030762e+00
1.159681558609008789e+00,1.093611359596252441e+00
1.236592054367065430e+00,7.188431620597839355e-01
-8.356767296791076660e-01,-1.111088752746582031e+00
1.302172660827636719e+00,1.030085802078247070e+00
8.453224897384643555e-01,9.937929511070251465e-01
-7.598441243171691895e-01,-9.308984279632568359e-01
1.081497311592102051e+00,9.834281206130981445e-01
-8.303468227386474609e-01,-1.025951862335205078e+00
-1.259449839591979980e+00,-1.080792665481567383e+00
-1.000455737113952637e+00,-7.897841930389404297e-01
1.533555388450622559e+00,1.338163256645202637e+00
1.113090515136718750e+00,9.129671454429626465e-01
-9.909871816635131836e-01,-9.553428292274475098e-01
-8.826236128807067871e-01,-1.101634621620178223e+00
-1.010354995727539062e+00,-1.113788723945617676e+00
-9.257947802543640137e-01,-9.526694416999816895e-01
-8.832609057426452637e-01,-7.469322085380554199e-01
-1.178081393241882324e+00,-1.373787403106689453e+00
1.054637432098388672e+00,1.179820775985717773e+00
1.608917593955993652e+00,1.200692534446716309e+00
-1.142767071723937988e+00,-8.810436725616455078e-01
1.303891181945800781e+00,1.017839550971984863e+00
9.775693416595458984e-01,9.099250435829162598e-01
1.229752540588378906e+00,1.085698246955871582e+00
7.836105823516845703e-01,9.787126779556274414e-01
-1.131333112716674805e+00,-8.339239358901977539e-01
1.084877848625183105e+00,1.126349329948425293e+00
1.087488055229187012e+00,7.003498673439025879e-01
1.095517873764038086e+00,1.016003370285034180e+00
1.119779706001281738e+00,1.358992338180541992e+00
1.404047489166259766e+00,1.033371210098266602e+00
-1.354425787925720215e+00,-1.285709381103515625e+00
-1.204246520996093750e+00,-1.458198070526123047e+00
-8.296743035316467285e-01,-1.217897772789001465e+00
-1.340002417564392090e+00,-1.118380069732666016e+00
8.813304305076599121e-01,1.295316576957702637e+00
1.242346167564392090e+00,9.174938797950744629e-01
1.235242366790771484e+00,1.065048813819885254e+00
-1.039820790290832520e+00,-9.291207194328308105e-01
1.137400388717651367e+00,1.280027508735656738e+00
-1.326982021331787109e+00,-1.195526957511901855e+00
1.100287199020385742e+00,1.199719309806823730e+00
-9.811015129089355469e-01,-1.161524057388305664e+00
-1.260464549064636230e+00,-9.032893776893615723e-01
1.177049636840820312e+00,1.109644412994384766e+00
9.014614820480346680e-01,8.877221941947937012e-01
1.173951745033264160e+00,9.827037453651428223e-01
8.902077674865722656e-01,9.470188021659851074e-01
-1.101994872093200684e+00,-8.705655932426452637e-01
1.200940847396850586e+00,8.919943571090698242e-01
1.237456917762756348e+00,1.164564013481140137e+00
-1.119662284851074219e+00,-1.043046116828918457e+00
1.257710218429565430e+00,9.500498175621032715e-01
-9.979510307312011719e-01,-1.181198596954345703e+00
9.884576797485351562e-01,1.170416593551635742e+00
-9.128146767616271973e-01,-8.939411044120788574e-01
-7.413367033004760742e-01,-1.042141199111938477e+00
1.161920189857482910e+00,6.559975147247314453e-01
1.094557285308837891e+00,1.191952586174011230e+00
8.686388134956359863e-01,8.393062949180603027e-01
1.051872014999389648e+00,8.692739009857177734e-01
-1.096882581710815430e+00,-1.176193714141845703e+00
1.475328564643859863e+00,6.172937750816345215e-01
9.188312888145446777e-01,1.015393614768981934e+00
-9.490609169006347656e-01,-9.359772801399230957e-01
-1.095076322555541992e+00,-1.651584148406982422e+00
-1.045801997184753418e+00,-1.267216086387634277e+00
-9.532158970832824707e-01,-8.583281636238098145e-01
-7.543839216232299805e-01,-1.201505899429321289e+00
-9.448413848876953125e-01,-8.238600492477416992e-01
-9.062140583992004395e-01,-1.277072548866271973e+00
-8.104173541069030762e-01,-1.015839695930480957e+00
-9.579166769981384277e-01,-1.223154067993164062e+00
1.069669485092163086e+00,1.226854920387268066e+00
7.494871020317077637e-01,8.896474838256835938e-01
1.627950549125671387e+00,1.140944600105285645e+00
-9.311480522155761719e-01,-1.030366420745849609e+00
-1.126418232917785645e+00,-9.218686819076538086e-01
-8.614895343780517578e-01,-1.075050592422485352e+00
1.121433019638061523e+00,9.555006027221679688e-01
1.300416111946105957e+00,1.188044548034667969e+00
9.081275463104248047e-01,1.101823210716247559e+00
-1.270547509193420410e+00,-1.088409543037414551e+00
-1.240442752838134766e+00,-6.181729435920715332e-01
1.397058486938476562e+00,5.800350308418273926e-01
-1.291932702064514160e+00,-1.365560889244079590e+00
-7.849419116973876953e-01,-1.022742986679077148e+00
1.026751995086669922e+00,5.541862845420837402e-01
-9.728538393974304199e-01,-1.038470387458801270e+00
-1.130500674247741699e+00,-1.133383393287658691e+00
-6.149545907974243164e-01,-1.066555023193359375e+00
1.353408813476562500e+00,1.164150357246398926e+00
6.661424636840820312e-01,1.196796178817749023e+00
1.398934245109558105e+00,8.584249615669250488e-01
1.141176939010620117e+00,9.344390034675598145e-01
-1.075780391693115234e+00,-6.924807429313659668e-01
1.523739695549011230e+00,9.562802910804748535e-01
1.366266965866088867e+00,1.057612895965576172e+00
1.448384881019592285e+00,8.592887520790100098e-01
1.034797906875610352e+00,8.005108237266540527e-01
1.140149354934692383e+00,8.525469303131103516e-01
-1.227656245231628418e+00,-1.132337808609008789e+00
1.321714520454406738e+00,1.204826116561889648e+00
1.160910010337829590e+00,8.253986835479736328e-01
-7.580611109733581543e-01,-1.105089545249938965e+00
-1.046262502670288086e+00,-1.188546895980834961e+00
9.252545237541198730e-01,7.911190986633300781e-01
-8.815166354179382324e-01,-1.447190880775451660e+00
-9.123842120170593262e-01,-9.380716085433959961e-01
1.221844196319580078e+00,1.136534929275512695e+00
1.274695754051208496e+00,7.221816182136535645e-01
-1.040940999984741211e+00,-1.381374359130859375e+00
-1.218132853507995605e+00,-8.597950935363769531e-01
-1.132810354232788086e+00,-7.840709686279296875e-01
-7.595979571342468262e-01,-7.173689603805541992e-01
1.428813576698303223e+00,8.359838128089904785e-01
1.283232450485229492e+00,9.528030157089233398e-01
-1.729468107223510742e+00,-9.663234949111938477e-01
-9.851661920547485352e-01,-1.385058045387268066e+00
1.194946408271789551e+00,9.850529432296752930e-01
-1.342512726783752441e+00,-1.593890905380249023e+00
1.014580726623535156e+00,8.759953975677490234e-01
-8.418891429901123047e-01,-1.357996821403503418e+00
-1.211187362670898438e+00,-1.005475282669067383e+00
9.360620379447937012e-01,1.367877602577209473e+00
-9.435282945632934570e-01,-1.262587547302246094e+00
-6.405627727508544922e-01,-1.342918395996093750e+00
1.183775901794433594e+00,1.000646352767944336e+00
-1.099656701087951660e+00,-1.217680335044860840e+00
-9.905961155891418457e-01,-8.022854924201965332e-01
1.178918123245239258e+00,1.218928933143615723e+00
8.399115800857543945e-01,9.980035424232482910e-01
1.267508625984191895e+00,1.108479857444763184e+00
-8.972589373588562012e-01,-9.198933839797973633e-01
-1.047283291816711426e+00,-9.253899455070495605e-01
-8.765978813171386719e-01,-1.128467679023742676e+00
-9.046763181686401367e-01,-8.099110126495361328e-01
8.941377997398376465e-01,9.529991149902343750e-01
1.153985142707824707e+00,8.934207558631896973e-01
-9.162214398384094238e-01,-1.150128960609436035e+00
9.935249686241149902e-01,9.581166505813598633e-01
-1.012487530708312988e+00,-8.370084166526794434e-01
1.185679197311401367e+00,7.637574076652526855e-01
1.075869321823120117e+00,1.038120746612548828e+00
1.370262503623962402e+00,1.355455398559570312e+00
-1.123474836349487305e+00,-8.832304477691650391e-01
-1.495692729949951172e+00,-1.171588182449340820e+00
-1.082799315452575684e+00,-1.158725857734680176e+00
-1.256095528602600098e+00,-1.152629137039184570e+00
1.184823632240295410e+00,9.163988232612609863e-01
-7.635576128959655762e-01,-8.972303271293640137e-01
-8.373821377754211426e-01,-1.049285650253295898e+00
1.078482031822204590e+00,1.074081897735595703e+00
1.218119144439697266e+00,7.635987997055053711e-01
1.102398395538330078e+00,1.192224383354187012e+00
9.811248183250427246e-01,1.135585546493530273e+00
1.149469375610351562e+00,9.745854735374450684e-01
1.111989498138427734e+00,9.846059083938598633e-01
-8.686066269874572754e-01,-1.361358284950256348e+00
-9.639061689376831055e-01,-1.142842531204223633e+00
-1.297939419746398926e+00,-9.196352362632751465e-01
8.923370838165283203e-01,8.175988793373107910e-01
1.527889728546142578e+00,8.791224956512451172e-01
-1.095620274543762207e+00,-1.112394809722900391e+00
-8.989583253860473633e-01,-1.091188311576843262e+00
1.298814773559570312e+00,1.195685386657714844e+00
1.090458989143371582e+00,9.197037816047668457e-01
1.420322299003601074e+00,1.017233252525329590e+00
1.122710466384887695e+00,8.879497051239013672e-01
-1.068659663200378418e+00,-1.260299444198608398e+00
-1.118150711059570312e+00,-1.182943701744079590e+00
1.066203474998474121e+00,1.120698571205139160e+00
-9.881497025489807129e-01,-1.260691881179809570e+00
7.621021270751953125e-01,7.845834493637084961e-01
9.531013965606689453e-01,9.542591571807861328e-01
-1.042931675910949707e+00,-1.271633505821228027e+00
1.307045102119445801e+00,8.596958518028259277e-01
1.294946193695068359e+00,9.720475077629089355e-01
-1.140932917594909668e+00,-1.120088219642639160e+00
-9.977655410766601562e-01,-7.233774662017822266e-01
-9.003642201423645020e-01,-1.319270133972167969e+00
8.923055529594421387e-01,1.124918580055236816e+00
-9.564971923828125000e-01,-1.047179579734802246e+00
8.816223144531250000e-01,9.311155676841735840e-01
-1.056416749954223633e+00,-7.127575278282165527e-01
-8.879557251930236816e-01,-9.557104110717773438e-01
-1.125920772552490234e+00,-1.365714073181152344e+00
1.114248037338256836e+00,9.427593350410461426e-01
-8.880164027214050293e-01,-1.080205202102661133e+00
-1.253083467483520508e+00,-1.165399909019470215e+00
1.317254781723022461e+00,1.187626242637634277e+00
-7.784309983253479004e-01,-1.124343991279602051e+00
-1.205703020095825195e+00,-1.193816661834716797e+00
9.078014492988586426e-01,7.922257184982299805e-01
-1.160494327545166016e+00,-8.678399324417114258e-01
9.771194458007812500e-01,1.013014554977416992e+00
1.306331753730773926e+00,7.072840929031372070e-01
1.301939845085144043e+00,1.380414605140686035e+00
-1.039984345436096191e+00,-1.205605983734130859e+00
-1.056816816329956055e+00,-1.180290460586547852e+00
-1.249098777770996094e+00,-8.747425079345703125e-01
1.039152383804321289e+00,1.157304167747497559e+00
1.331974983215332031e+00,8.149085044860839844e-01
1.456313729286193848e+00,1.245139360427856445e+00
1.222818970680236816e+00,7.918272018432617188e-01
7.919542193412780762e-01,9.933768510818481445e-01
1.497163295745849609e+00,9.348011612892150879e-01
1.156838536262512207e+00,1.255655050277709961e+00
1.738931298255920410e+00,4.423983395099639893e-01
1.312739014625549316e+00,1.096858143806457520e+00
1.039835333824157715e+00,8.364567756652832031e-01
1.137501597404479980e+00,8.366785049438476562e-01
-9.795693308115005493e-02,-3.359154462814331055e-01
-1.143652081489562988e+00,-1.099086046218872070e+00
-1.025958657264709473e+00,-1.056718468666076660e+00
-1.120414137840270996e+00,-8.813424706459045410e-01
1.108918309211730957e+00,7.359983325004577637e-01
-1.043606281280517578e+00,-1.236268877983093262e+00
-1.009559869766235352e+00,-1.106299757957458496e+00
-1.072018384933471680e+00,-1.174077391624450684e+00
-1.074314951896667480e+00,-1.319457769393920898e+00
-8.988786339759826660e-01,-1.020111441612243652e+00
7.158211469650268555e-01,1.176422715187072754e+00
1.245247125625610352e+00,6.706893444061279297e-01
-8.248183131217956543e-01,-8.818242549896240234e-01
-8.797221183776855469e-01,-1.353352069854736328e+00
-9.122511744499206543e-01,-1.040079832077026367e+00
-8.964338302612304688e-01,-1.028058528900146484e+00
-9.128528237342834473e-01,-1.136454701423645020e+00
-6.643021106719970703e-01,-1.190370202064514160e+00
8.760205507278442383e-01,1.233351349830627441e+00
1.066248536109924316e+00,8.675157427787780762e-01
-7.197638154029846191e-01,-7.254684567451477051e-01
-1.202036261558532715e+00,-1.056669831275939941e+00
-1.131369352340698242e+00,-1.133763194084167480e+00
-5.169743299484252930e-02,6.406897902488708496e-01
1.179163575172424316e+00,7.088860869407653809e-01
-8.402646780014038086e-01,-9.280412793159484863e-01
9.300135374069213867e-01,7.866082191467285156e-01
-5.664577484130859375e-01,-7.986333370208740234e-01
1.240602850914001465e+00,1.170383453369140625e+00
3.272594213485717773e-01,7.661605477333068848e-01
-1.005005121231079102e+00,-1.016890287399291992e+00
8.815456628799438477e-01,8.765763044357299805e-01
1.141557097434997559e+00,9.175614118576049805e-01
-8.630561828613281250e-01,-1.004963397979736328e+00
1.185556650161743164e+00,9.051628112792968750e-01
1.278401970863342285e+00,8.601620197296142578e-01
-1.011670708656311035e+00,-1.322331666946411133e+00
-1.131195306777954102e+00,-1.224715948104858398e+00
9.852865934371948242e-01,8.518061637878417969e-01
-8.846406936645507812e-01,-6.892467141151428223e-01
1.031738162040710449e+00,9.130154252052307129e-01
-9.483961462974548340e-01,-1.121616125106811523e+00
-4.719244837760925293e-01,-6.385118961334228516e-01
-1.032504677772521973e+00,-1.219620704650878906e+00
-9.958958625793457031e-01,-1.272988080978393555e+00
1.457602262496948242e+00,1.101764678955078125e+00
1.328171968460083008e+00,1.419029593467712402e+00
1.129334330558776855e+00,7.088536620140075684e-01
1.208252310752868652e+00,5.379490852355957031e-01
-4.518040120601654053e-01,-6.503350138664245605e-01
-1.002119183540344238e+00,-1.590008497238159180e+00
-1.013431668281555176e+00,-1.118306756019592285e+00
2.026538699865341187e-01,5.167632922530174255e-02
-9.829514026641845703e-01,-8.845084309577941895e-01
9.679722785949707031e-01,1.105242848396301270e+00
-1.009128808975219727e+00,-1.043340682983398438e+00
1.306715011596679688e+00,9.159059524536132812e-01
1.203813314437866211e+00,8.006897568702697754e-01
9.647927880287170410e-01,1.427587866783142090e+00
-7.508811950683593750e-01,-1.002319097518920898e+00
-8.045828342437744141e-01,-8.629384636878967285e-01
-1.003617286682128906e+00,-9.775276780128479004e-01
1.132904887199401855e+00,9.158979058265686035e-01
1.052567958831787109e+00,1.286970734596252441e+00
8.493622541427612305e-01,8.117114901542663574e-01
7.394632697105407715e-01,8.980911970138549805e-01
1.375904560089111328e+00,9.927857518196105957e-01
-1.083709001541137695e+00,-1.350480556488037109e+00
1.010080456733703613e+00,8.146092295646667480e-01
1.264874815940856934e+00,9.873003363609313965e-01
-1.381620645523071289e+00,-9.066652059555053711e-01
8.587920069694519043e-01,1.427867770195007324e+00
-1.087794065475463867e+00,-7.465767860412597656e-01
-1.220848560333251953e+00,-1.144765377044677734e+00
-1.001144647598266602e+00,-1.108155608177185059e+00
1.384061455726623535e+00,1.157214879989624023e+00
9.993036985397338867e-01,9.588723778724670410e-01
1.125197052955627441e+00,1.219971060752868652e+00
-6.445638537406921387e-01,-1.110387682914733887e+00
8.226172327995300293e-01,9.358457922935485840e-01
1.225210666656494141e+00,1.121506452560424805e+00
9.091028571128845215e-01,6.379753947257995605e-01
8.134554028511047363e-01,7.945060133934020996e-01
-1.174843430519104004e+00,-1.034077286720275879e+00
-8.212167620658874512e-01,-6.851853132247924805e-01
1.447165966033935547e+00,7.924225330352783203e-01
-8.722275495529174805e-01,-7.969991564750671387e-01
8.189612627029418945e-01,7.774568200111389160e-01
-1.094273805618286133e+00,-9.942863583564758301e-01
9.877005815505981445e-01,1.166186213493347168e+00
-1.042869567871093750e+00,-7.829067707061767578e-01
-1.103338599205017090e+00,-1.532624840736389160e+00
9.785434603691101074e-01,8.755651712417602539e-01
7.776238322257995605e-01,9.813644289970397949e-01
1.329818964004516602e+00,9.895912408828735352e-01
1.369461059570312500e+00,9.417797327041625977e-01
1.035983204841613770e+00,5.229961872100830078e-01
1.135421991348266602e+00,1.180574893951416016e+00
-1.008962392807006836e+00,-1.015585184097290039e+00
-1.159563302993774414e+00,-1.043224692344665527e+00
-1.188789486885070801e+00,-1.222179055213928223e+00
1.283723235130310059e+00,1.634921908378601074e+00
1.410148859024047852e+00,6.857182383537292480e-01
1.067716956138610840e+00,1.022983312606811523e+00
7.980150580406188965e-01,8.869956731796264648e-01
-1.092408299446105957e+00,-8.459467291831970215e-01
-7.685108780860900879e-01,-1.268679499626159668e+00
-8.530961275100708008e-01,-7.767977714538574219e-01
1.212114930152893066e+00,8.399968147277832031e-01
1.148037791252136230e+00,1.079695105552673340e+00
-1.069723248481750488e+00,-1.283697724342346191e+00
-1.113628268241882324e+00,-7.047600150108337402e-01
1.099826693534851074e+00,8.875116705894470215e-01
1.066004395484924316e+00,9.974735379219055176e-01
1.391914010047912598e+00,1.097637057304382324e+00
-1.072382926940917969e+00,-7.667233347892761230e-01
1.285622119903564453e+00,1.021841406822204590e+00
1.146919608116149902e+00,1.160683512687683105e+00
-1.034521341323852539e+00,-8.347792625427246094e-01
1.260504245758056641e+00,8.388186097145080566e-01
-7.211821675300598145e-01,-7.543838024139404297e-01
1.058578610420227051e+00,1.056897759437561035e+00
1.138513684272766113e+00,1.183102965354919434e+00
-1.105573296546936035e+00,-1.016117572784423828e+00
-1.145312905311584473e+00,-7.960963845252990723e-01
-1.044862389564514160e+00,-9.036285281181335449e-01
1.151859998703002930e+00,1.203320384025573730e+00
1.067598223686218262e+00,9.477200508117675781e-01
-9.122235774993896484e-01,-1.185239195823669434e+00
1.161362290382385254e+00,1.162513375282287598e+00
-1.068140029907226562e+00,-9.325940012931823730e-01
1.004238963127136230e+00,8.826112747192382812e-01
1.352193474769592285e+00,1.194510698318481445e+00
-1.327781677246093750e+00,-9.387338757514953613e-01
-9.663767218589782715e-01,-9.512323141098022461e-01
1.125543713569641113e+00,6.415968537330627441e-01
-1.211898326873779297e+00,-1.079949498176574707e+00
1.107475399971008301e+00,9.021647572517395020e-01
1.118909716606140137e+00,1.308337688446044922e+00
1.072926163673400879e+00,1.174704313278198242e+00
1.000295639038085938e+00,8.564971089363098145e-01
1.458544731140136719e+00,8.897766470909118652e-01
-1.425979614257812500e+00,-1.362761855125427246e+00
-9.851866960525512695e-01,-1.224168777465820312e+00
1.218483805656433105e+00,4.320564270019531250e-01
1.394116759300231934e+00,1.068278312683105469e+00
9.948427081108093262e-01,9.950277805328369141e-01
-9.328922033309936523e-01,-1.014152050018310547e+00
1.227434158325195312e+00,7.467940449714660645e-01
9.945393204689025879e-01,9.112299680709838867e-01
8.435745239257812500e-01,1.094903230667114258e+00
1.166699051856994629e+00,9.750613570213317871e-01
-8.732168674468994141e-01,-6.392538547515869141e-01
-1.002525448799133301e+00,-9.923197031021118164e-01
-6.422146558761596680e-01,-1.106379628181457520e+00
-1.089008450508117676e+00,-1.428628444671630859e+00
1.050500988960266113e+00,1.462931513786315918e+00
-8.391835093498229980e-01,-1.251165270805358887e+00
-1.089113354682922363e+00,-1.058599352836608887e+00
1.284254193305969238e+00,1.201433658599853516e+00
-1.438452363014221191e+00,-1.322989821434020996e+00
-8.414173722267150879e-01,-1.363074302673339844e+00
1.140394806861877441e+00,1.357094287872314453e+00
1.455530047416687012e+00,8.096811771392822266e-01
-7.211104035377502441e-01,-8.777345418930053711e-01
1.484764933586120605e+00,1.084780454635620117e+00
-9.554489254951477051e-01,-1.009189367294311523e+00
-1.055113792419433594e+00,-1.156879544258117676e+00
1.457689285278320312e+00,8.750187158584594727e-01
-7.463657259941101074e-01,-1.060434818267822266e+00
-9.911333918571472168e-01,-8.499255180358886719e-01
1.273229241371154785e+00,9.881669282913208008e-01
1.194653511047363281e+00,7.239667177200317383e-01
-7.007235884666442871e-01,-7.792502045631408691e-01
1.538301944732666016e+00,1.060249209403991699e+00
-1.088919997215270996e+00,-1.509600162506103516e+00
1.075786232948303223e+00,8.769091367721557617e-01
9.603905677795410156e-01,5.470251441001892090e-01
-1.194903850555419922e+00,-1.146678090095520020e+00
-1.260734677314758301e+00,-1.739761471748352051e+00
-1.029089331626892090e+00,-1.078050494194030762e+00
-7.356207370758056641e-01,-8.876436948776245117e-01
-1.310283064842224121e+00,-1.163349390029907227e+00
-1.076375126838684082e+00,-1.021824240684509277e+00
-8.215098381042480469e-01,-9.193728566169738770e-01
9.386292099952697754e-01,7.144521474838256836e-01
-9.895030856132507324e-01,-1.324035763740539551e+00
6.580225825309753418e-01,1.426879525184631348e+00
-1.077672362327575684e+00,-8.386222124099731445e-01
9.733902812004089355e-01,1.050738215446472168e+00
1.323622941970825195e+00,8.572233319282531738e-01
-9.073401093482971191e-01,-8.501313924789428711e-01
1.181605696678161621e+00,6.355075240135192871e-01
1.114724755287170410e+00,9.145440459251403809e-01
-7.684631943702697754e-01,-9.244507551193237305e-01
9.298302531242370605e-01,8.823542594909667969e-01
5.033721923828125000e-01,4.562980234622955322e-01
1.279694557189941406e+00,9.941475391387939453e-01
1.138556718826293945e+00,1.308435201644897461e+00
9.960217475891113281e-01,1.137061595916748047e+00
-1.061181187629699707e+00,-7.594584226608276367e-01
1.263076543807983398e+00,8.775734901428222656e-01
-9.844567775726318359e-01,-1.000334501266479492e+00
1.156435608863830566e+00,9.624688029289245605e-01
-8.804595470428466797e-01,-1.377364635467529297e+00
7.202252149581909180e-01,6.401430964469909668e-01
1.157171130180358887e+00,1.179542183876037598e+00
1.382765889167785645e+00,1.432746171951293945e+00
-1.150841116905212402e+00,-1.134126543998718262e+00
-1.272584319114685059e+00,-6.339806318283081055e-01
1.377830743789672852e+00,1.858200907707214355e+00
-1.109655261039733887e+00,-1.209697365760803223e+00
1.055546522140502930e+00,1.125091075897216797e+00
-8.612592220306396484e-01,-1.150189518928527832e+00
-9.075050354003906250e-01,-8.010335564613342285e-01
-1.013186573982238770e+00,-1.602060198783874512e+00
-1.239728450775146484e+00,-1.173569560050964355e+00
-6.899755001068115234e-01,-1.101130485534667969e+00
-9.631489515304565430e-01,-8.157671093940734863e-01
-7.933208942413330078e-01,-1.044974565505981445e+00
1.149360656738281250e+00,9.700548052787780762e-01
8.915649056434631348e-01,7.241640686988830566e-01
-1.368761181831359863e+00,-1.618090987205505371e+00
9.326282143592834473e-01,1.158794045448303223e+00
-7.598031163215637207e-01,-5.968790054321289062e-01
-7.069135904312133789e-01,-1.048682689666748047e+00
-1.008235931396484375e+00,-9.198079109191894531e-01
9.509409070014953613e-01,1.233039855957031250e+00
-9.600036144256591797e-01,-1.005068302154541016e+00
1.259538054466247559e+00,1.228582262992858887e+00
-1.193871974945068359e+00,-9.155993461608886719e-01
1.246510386466979980e+00,8.399652838706970215e-01
-1.102142930030822754e+00,-9.196161627769470215e-01
8.874921202659606934e-01,7.984757423400878906e-01
-9.344259500503540039e-01,-1.125449776649475098e+00
1.217266440391540527e+00,1.137653827667236328e+00
-1.082543015480041504e+00,-9.321377277374267578e-01
8.901746273040771484e-01,1.026936411857604980e+00
1.225660204887390137e+00,1.131472945213317871e+00
1.513034105300903320e+00,8.456963896751403809e-01
-1.161548614501953125e+00,-1.126062393188476562e+00
-8.317776322364807129e-01,-8.036636710166931152e-01
1.080406427383422852e+00,6.386196613311767578e-01
1.155642986297607422e+00,9.875794649124145508e-01
-9.769317507743835449e-01,-7.015051245689392090e-01
1.131321549415588379e+00,9.685254693031311035e-01
7.583884596824645996e-01,7.541112303733825684e-01
1.119942069053649902e+00,1.126529097557067871e+00
-8.660006523132324219e-01,-1.028468728065490723e+00
-1.236968159675598145e+00,-1.272066116333007812e+00
-1.026479721069335938e+00,-1.137109756469726562e+00
1.708864092826843262e+00,7.752398848533630371e-01
8.984522819519042969e-01,1.174247026443481445e+00
1.053285241127014160e+00,1.051340460777282715e+00
1.205109238624572754e+00,1.173591852188110352e+00
-1.224506735801696777e+00,-1.084848642349243164e+00
-1.236916780471801758e+00,-1.075831532478332520e+00
1.380042314529418945e+00,1.020220637321472168e+00
-1.163702607154846191e+00,-1.002678513526916504e+00
1.043888568878173828e+00,1.076508998870849609e+00
-9.493762254714965820e-01,-8.046153783798217773e-01
-1.027944087982177734e+00,-7.716237902641296387e-01
-1.043850898742675781e+00,-1.339860558509826660e+00
1.099657893180847168e+00,1.177327036857604980e+00
1.067992806434631348e+00,9.007091522216796875e-01
-1.193253874778747559e+00,-1.237085342407226562e+00
-1.004497289657592773e+00,-9.127955436706542969e-01
-9.508051276206970215e-01,-7.462459206581115723e-01
1.118055224418640137e+00,7.175197601318359375e-01
-1.031353592872619629e+00,-1.028146743774414062e+00
1.064903020858764648e+00,1.013922214508056641e+00
-9.895504713058471680e-01,-8.847103118896484375e-01
-9.425931572914123535e-01,-1.240992903709411621e+00
1.532354116439819336e+00,1.021788358688354492e+00
8.780670166015625000e-01,9.458516240119934082e-01
1.207948327064514160e+00,7.453648447990417480e-01
1.583477258682250977e+00,8.341173529624938965e-01
-9.531317949295043945e-01,-1.274916529655456543e+00
1.163044214248657227e+00,9.737586975097656250e-01
1.015476465225219727e+00,1.081857562065124512e+00
8.763608336448669434e-01,7.538667917251586914e-01
1.386719942092895508e+00,1.263689875602722168e+00
1.151466012001037598e+00,1.211999893188476562e+00
1.295332551002502441e+00,5.906387567520141602e-01
1.174296259880065918e+00,6.418786048889160156e-01
1.004738211631774902e+00,3.992055654525756836e-01
9.367863535881042480e-01,9.518200755119323730e-01
1.292535901069641113e+00,9.750083088874816895e-01
-7.846329212188720703e-01,-6.898115873336791992e-01
-1.131100296974182129e+00,-1.059397578239440918e+00
8.764364123344421387e-01,9.623385071754455566e-01
9.912000298500061035e-01,1.389283299446105957e+00
-4.840862154960632324e-01,-1.245437979698181152e+00
1.302356004714965820e+00,6.320723891258239746e-01
1.044931530952453613e+00,1.174853086471557617e+00
1.191642880439758301e+00,1.402988791465759277e+00
-7.786601185798645020e-01,-8.651294112205505371e-01
-8.529112935066223145e-01,-1.031567811965942383e+00
-1.066950559616088867e+00,-1.063162565231323242e+00
-1.223996758460998535e+00,-1.108482241630554199e+00
7.760155200958251953e-01,1.043296098709106445e+00
1.158265352249145508e+00,1.598404884338378906e+00
1.050814867019653320e+00,1.057574629783630371e+00
-8.613713383674621582e-01,-8.010143637657165527e-01
1.266759157180786133e+00,1.255309104919433594e+00
5.931226611137390137e-01,1.329869985580444336e+00
-1.031496882438659668e+00,-6.719453930854797363e-01
-9.536693096160888672e-01,-1.259195327758789062e+00
1.305172324180603027e+00,9.538242220878601074e-01
1.160639882087707520e+00,9.635493159294128418e-01
-1.093374371528625488e+00,-9.855602979660034180e-01
-1.080220580101013184e+00,-1.242119431495666504e+00
1.153647065162658691e+00,9.203697443008422852e-01
1.116034984588623047e+00,5.623730421066284180e-01
1.081720948219299316e+00,1.593593716621398926e+00
-9.354825019836425781e-01,-1.261795282363891602e+00
1.250727534294128418e+00,1.047294855117797852e+00
1.429909348487854004e+00,9.987646341323852539e-01
1.856697678565979004e+00,1.718869924545288086e+00
1.262805223464965820e+00,9.268346428871154785e-01
-1.031668901443481445e+00,-9.766602516174316406e-01
-9.184131026268005371e-01,-1.349172830581665039e+00
7.574183344841003418e-01,5.097578167915344238e-01
-1.042187809944152832e+00,-9.057787060737609863e-01
1.264692783355712891e+00,9.277998208999633789e-01
9.398657083511352539e-01,9.793776273727416992e-01
1.149603962898254395e+00,5.262436866760253906e-01
1.062938690185546875e+00,1.155631303787231445e+00
-6.824360489845275879e-01,-8.164855241775512695e-01
-1.079252600669860840e+00,-9.797853827476501465e-01
9.121381640434265137e-01,1.333786964416503906e+00
-1.077533364295959473e+00,-9.002312421798706055e-01
-9.409609436988830566e-01,-1.219649314880371094e+00
-1.220561385154724121e+00,-1.015948295593261719e+00
1.063116550445556641e+00,8.553736805915832520e-01
1.090641140937805176e+00,9.574574232101440430e-01
1.067617177963256836e+00,7.926077842712402344e-01
-1.092339634895324707e+00,-8.808178305625915527e-01
-9.858992695808410645e-01,-1.070329785346984863e+00
-1.242477655410766602e+00,-7.719156742095947266e-01
4.545799493789672852e-01,8.165100216865539551e-01
-7.498172521591186523e-01,-1.092557311058044434e+00
-1.047574877738952637e+00,-1.174935579299926758e+00
1.127159357070922852e+00,1.106259346008300781e+00
-1.123438477516174316e+00,-1.135253787040710449e+00
-1.141556501388549805e+00,-1.538363218307495117e+00
-9.660429954528808594e-01,-8.680309653282165527e-01
-1.061408758163452148e+00,-9.714353680610656738e-01
7.220305204391479492e-01,8.806644082069396973e-01
-8.889822959899902344e-01,-9.178245663642883301e-01
-9.416370391845703125e-01,-1.536810874938964844e+00
9.102306365966796875e-01,1.406470298767089844e+00
-9.938331246376037598e-01,-1.001418590545654297e+00
1.041908979415893555e+00,1.177443504333496094e+00
-5.541881918907165527e-01,-7.399854063987731934e-01
1.311517357826232910e+00,7.547982335090637207e-01
-9.581861495971679688e-01,-9.141533374786376953e-01
-1.021385431289672852e+00,-9.849017858505249023e-01
1.202568650245666504e+00,1.120588302612304688e+00
1.203732371330261230e+00,1.157440543174743652e+00
8.467409014701843262e-01,1.181637883186340332e+00
1.497955322265625000e+00,1.129972100257873535e+00
-8.452978730201721191e-01,-7.817199230194091797e-01
1.070799827575683594e+00,8.867059946060180664e-01
1.217377185821533203e+00,6.165617108345031738e-01
8.942792415618896484e-01,1.127045989036560059e+00
9.439675211906433105e-01,9.452073574066162109e-01
-8.526893258094787598e-01,-5.233598947525024414e-01
1.208577394485473633e+00,7.689756155014038086e-01
-8.829495310783386230e-01,-7.972292304039001465e-01
1.440959215164184570e+00,6.936410665512084961e-01
9.382023811340332031e-01,1.007382154464721680e+00
-9.426267743110656738e-01,-8.262820243835449219e-01
1.134957671165466309e+00,1.053981781005859375e+00
-8.824980258941650391e-01,-5.690448880195617676e-01
9.321814179420471191e-01,9.386286735534667969e-01
1.347000151872634888e-01,3.176100850105285645e-01
1.234934329986572266e+00,9.674586653709411621e-01
1.189531445503234863e+00,1.312988162040710449e+00
1.246075868606567383e+00,9.464612007141113281e-01
1.215337514877319336e+00,8.714126348495483398e-01
1.511520028114318848e+00,1.335659623146057129e+00
7.872890830039978027e-01,1.571016311645507812e+00
-1.176379799842834473e+00,-1.365598917007446289e+00
-1.192687511444091797e+00,-9.353728294372558594e-01
-9.135271310806274414e-01,-8.306243419647216797e-01
-1.245485067367553711e+00,-1.084980726242065430e+00
1.239983558654785156e+00,1.252930045127868652e+00
-8.929845690727233887e-01,-8.338314890861511230e-01
1.031566739082336426e+00,9.417343735694885254e-01
9.546869993209838867e-01,1.015278935432434082e+00
9.810430407524108887e-01,8.972826600074768066e-01
1.440211415290832520e+00,8.847119212150573730e-01
5.960735082626342773e-01,1.142954826354980469e+00
-1.109097003936767578e+00,-9.374312758445739746e-01
9.947722554206848145e-01,1.043364644050598145e+00
1.069497227668762207e+00,8.977385163307189941e-01
9.290781617164611816e-01,1.045129060745239258e+00
1.302455186843872070e+00,1.207039117813110352e+00
1.381147623062133789e+00,9.710171222686767578e-01
1.100524425506591797e+00,1.157775282859802246e+00
1.038742780685424805e+00,1.260659217834472656e+00
7.937089204788208008e-01,9.118989109992980957e-01
1.241525292396545410e+00,9.728273749351501465e-01
-9.477477073669433594e-01,-8.845756053924560547e-01
9.866461157798767090e-01,9.216572046279907227e-01
8.870210647583007812e-01,7.241392135620117188e-01
1.100173115730285645e+00,1.164223074913024902e+00
1.206889271736145020e+00,1.187100529670715332e+00
-6.919112205505371094e-01,-1.119493484497070312e+00
-5.499520897865295410e-01,-8.747258782386779785e-01
-1.101618885993957520e+00,-1.131990313529968262e+00
1.226703047752380371e+00,8.891882896423339844e-01
1.479924678802490234e+00,8.259042501449584961e-01
1.145361542701721191e+00,7.472652792930603027e-01
1.087704539299011230e+00,1.111969113349914551e+00
1.027472257614135742e+00,8.768554329872131348e-01
-9.885011315345764160e-01,-9.850408434867858887e-01
6.197803020477294922e-01,1.070401191711425781e+00
-9.103206992149353027e-01,-9.933555722236633301e-01
-1.082317829132080078e+00,-8.081694841384887695e-01
9.428481459617614746e-01,1.351082801818847656e+00
1.081695079803466797e+00,1.104295372962951660e+00
7.896441817283630371e-01,1.231787562370300293e+00
1.412336230278015137e+00,1.002780437469482422e+00
1.136518120765686035e+00,1.093144059181213379e+00
-1.091428279876708984e+00,-9.659497141838073730e-01
1.180723190307617188e+00,8.372160196304321289e-01
8.421114087104797363e-01,8.037955760955810547e-01
1.464515328407287598e+00,1.056289792060852051e+00
1.554837226867675781e+00,8.418892621994018555e-01
9.190686345100402832e-01,1.197037220001220703e+00
-1.093008875846862793e+00,-1.103368163108825684e+00
9.180351495742797852e-01,8.405098915100097656e-01
-1.160795450210571289e+00,-1.233558416366577148e+00
1.033918410539627075e-01,-4.716738462448120117e-01
-3.385732173919677734e-01,-2.697558999061584473e-01
-1.074109077453613281e+00,-9.777252674102783203e-01
1.157372236251831055e+00,7.516570687294006348e-01
-8.955255746841430664e-01,-9.522209167480468750e-01
2.009423449635505676e-02,4.894700944423675537e-01
1.140974879264831543e+00,8.555580377578735352e-01
9.514332413673400879e-01,1.246888995170593262e+00
-1.115891575813293457e+00,-1.104638338088989258e+00
1.012960553169250488e+00,7.440220117568969727e-01
-1.305330395698547363e+00,-1.207667708396911621e+00
9.760897159576416016e-01,9.394707083702087402e-01
9.827569723129272461e-01,1.076599836349487305e+00
-7.243120074272155762e-01,-9.124338626861572266e-01
-1.461351156234741211e+00,-1.497326374053955078e+00
1.259796380996704102e+00,8.163250088691711426e-01
-9.697501659393310547e-01,-1.265861511230468750e+00
1.238169312477111816e+00,9.381176233291625977e-01
-9.676223993301391602e-01,-1.296574473381042480e+00
1.504204154014587402e+00,1.070849657058715820e+00
-8.329017162322998047e-01,-1.273627877235412598e+00
1.317468762397766113e+00,1.175305247306823730e+00
8.080174922943115234e-01,1.016330361366271973e+00
-1.242763996124267578e+00,-9.350323677062988281e-01
-9.277636408805847168e-01,-9.980362653732299805e-01
1.464048862457275391e+00,1.030604600906372070e+00
9.691441655158996582e-01,1.415993928909301758e+00
8.101882338523864746e-01,7.937390208244323730e-01
8.842692375183105469e-01,9.559752345085144043e-01
1.328434348106384277e+00,8.693298101425170898e-01
-6.766581535339355469e-01,-3.722095787525177002e-01
1.116687297821044922e+00,7.726845741271972656e-01
-1.181443572044372559e+00,-1.011630892753601074e+00
1.438114762306213379e+00,8.842750191688537598e-01
-8.653988838195800781e-01,-8.439373970031738281e-01
-8.372864723205566406e-01,-8.945156931877136230e-01
-1.025467038154602051e+00,-9.813249111175537109e-01
7.800316810607910156e-01,1.357058048248291016e+00
-1.174970865249633789e+00,-1.115446448326110840e+00
-1.224900841712951660e+00,-7.130498886108398438e-01
-1.170206904411315918e+00,-1.483874678611755371e+00
1.337785005569458008e+00,1.069740891456604004e+00
-8.216947317123413086e-01,-9.574288129806518555e-01
-1.385701298713684082e+00,-1.291295170783996582e+00
6.207239031791687012e-01,1.366443753242492676e+00
-9.087760448455810547e-01,-8.673316836357116699e-01
1.164639234542846680e+00,1.098534584045410156e+00
1.214108705520629883e+00,1.327553629875183105e+00
1.328470706939697266e+00,9.453057050704956055e-01
1.317089796066284180e+00,1.124445319175720215e+00
1.236533999443054199e+00,1.080430269241333008e+00
1.041481852531433105e+00,1.203885197639465332e+00
1.323539495468139648e+00,9.707948565483093262e-01
1.053480267524719238e+00,1.168562531471252441e+00
-8.783472776412963867e-01,-1.196460843086242676e+00
1.102746248245239258e+00,8.463427424430847168e-01
1.106329679489135742e+00,7.995892763137817383e-01
-8.020215034484863281e-01,-9.598589539527893066e-01
1.297698259353637695e+00,1.303278207778930664e+00
1.552261590957641602e+00,8.498755693435668945e-01
-1.148253202438354492e+00,-8.838827013969421387e-01
-7.964370846748352051e-01,-9.051102995872497559e-01
1.241118431091308594e+00,7.986364364624023438e-01
-9.056197404861450195e-01,-1.144265294075012207e+00
1.278195261955261230e+00,1.043894886970520020e+00
1.366378784179687500e+00,1.052966117858886719e+00
1.179617404937744141e+00,9.302514791488647461e-01
1.408566474914550781e+00,1.239229798316955566e+00
-9.543407559394836426e-01,-1.045930624008178711e+00
1.065702915191650391e+00,8.301910758018493652e-01
-9.672947525978088379e-01,-8.738238215446472168e-01
1.286576628684997559e+00,9.916669726371765137e-01
8.755293488502502441e-01,9.032726287841796875e-01
1.170839548110961914e+00,5.865191221237182617e-01
9.965653419494628906e-01,1.134159684181213379e+00
-8.733438849449157715e-01,-1.034919261932373047e+00
1.705338120460510254e+00,1.303038358688354492e+00
-9.264554977416992188e-01,-9.751219153404235840e-01
1.103946566581726074e+00,6.393380761146545410e-01
1.301629900932312012e+00,1.183493375778198242e+00
1.169822931289672852e+00,1.423938274383544922e+00
-7.849967479705810547e-01,-7.804930806159973145e-01
1.352687478065490723e+00,9.612137079238891602e-01
1.106120347976684570e+00,1.016074061393737793e+00
-8.626860380172729492e-01,-1.167393565177917480e+00
1.378612279891967773e+00,1.013898015022277832e+00
1.111392140388488770e+00,9.583889842033386230e-01
7.757611870765686035e-01,8.773596882820129395e-01
-1.022257328033447266e+00,-1.270749449729919434e+00
9.393612742424011230e-01,1.164821147918701172e+00
1.162037491798400879e+00,1.494966864585876465e+00
1.361879944801330566e+00,5.909361839294433594e-01
1.090714216232299805e+00,1.068409442901611328e+00
1.093648433685302734e+00,1.116369366645812988e+00
1.221660137176513672e+00,1.298288822174072266e+00
-1.086086988449096680e+00,-8.127260804176330566e-01
1.247259140014648438e+00,8.142478466033935547e-01
-1.244932293891906738e+00,-9.919381141662597656e-01
-1.221177935600280762e+00,-9.131570458412170410e-01
-8.541383147239685059e-01,-1.225609064102172852e+00
-1.218692898750305176e+00,-1.053814411163330078e+00
1.084471106529235840e+00,9.649632573127746582e-01
-1.180472493171691895e+00,-1.000015974044799805e+00
-9.233990311622619629e-01,-1.130778312683105469e+00
-1.101073622703552246e+00,-1.064765810966491699e+00
1.194286465644836426e+00,1.077410101890563965e+00
-9.068329930305480957e-01,-7.800067663192749023e-01
-1.077285170555114746e+00,-1.277934789657592773e+00
-9.433150291442871094e-01,-1.093176960945129395e+00
1.201054453849792480e+00,8.663857579231262207e-01
1.161527872085571289e+00,1.084332704544067383e+00
1.051034808158874512e+00,1.146280288696289062e+00
-8.073324561119079590e-01,-1.210697054862976074e+00
8.414701223373413086e-01,1.193334817886352539e+00
-7.857763171195983887e-01,-9.807533025741577148e-01
-1.110641717910766602e+00,-9.269337058067321777e-01
1.016107439994812012e+00,8.270433545112609863e-01
1.460946917533874512e+00,1.052236795425415039e+00
1.166630148887634277e+00,9.159373641014099121e-01
-1.124945998191833496e+00,-8.732537627220153809e-01
-9.056988954544067383e-01,-8.367570638656616211e-01
9.686744213104248047e-01,8.677635192871093750e-01
1.062156558036804199e+00,1.430518746376037598e+00
-1.357126832008361816e+00,-1.111464262008666992e+00
-1.211842060089111328e+00,-1.214856386184692383e+00
-9.261983036994934082e-01,-1.094708681106567383e+00
-1.534381508827209473e+00,-1.380128860473632812e+00
-9.198312759399414062e-01,-1.018001556396484375e+00
1.531079769134521484e+00,1.112996459007263184e+00
1.136276364326477051e+00,1.184226512908935547e+00
1.074743032455444336e+00,1.031469821929931641e+00
1.029253482818603516e+00,1.234474420547485352e+00
-1.181591987609863281e+00,-9.286497831344604492e-01
1.040797233581542969e+00,8.472377061843872070e-01
