-8.620488047599792480e-01,-9.725738167762756348e-01
-1.106803178787231445e+00,-6.841655373573303223e-01
-9.440443515777587891e-01,-9.108029007911682129e-01
-1.067472100257873535e+00,-1.176156044006347656e+00
-8.524561524391174316e-01,-1.261017203330993652e+00
-9.512345790863037109e-01,-1.297212481498718262e+00
-1.124167323112487793e+00,-1.093385100364685059e+00
-9.211338758468627930e-01,-9.080912470817565918e-01
-1.071076869964599609e+00,-1.289823174476623535e+00
-9.416874647140502930e-01,-6.476000547409057617e-01
-1.350386381149291992e+00,-1.394593000411987305e+00
-1.026073098182678223e+00,-8.958975076675415039e-01
-1.109255671501159668e+00,-8.431290388107299805e-01
-6.929466128349304199e-01,-9.787660837173461914e-01
-6.706424951553344727e-01,-8.862856626510620117e-01
-8.554469943046569824e-01,-6.480082869529724121e-01
-1.111918091773986816e+00,-1.119799852371215820e+00
-7.448716759681701660e-01,-7.033825516700744629e-01
-8.418962955474853516e-01,-8.570091128349304199e-01
-7.936101555824279785e-01,-6.335561871528625488e-01
-9.671137928962707520e-01,-9.608665108680725098e-01
-9.001139998435974121e-01,-1.030741810798645020e+00
-8.613160252571105957e-01,-1.100230097770690918e+00
-1.386599302291870117e+00,-1.026237010955810547e+00
-6.560049057006835938e-01,-9.914021492004394531e-01
-1.037908196449279785e+00,-8.575388789176940918e-01
-8.226327300071716309e-01,-1.278164029121398926e+00
-6.940823793411254883e-01,-1.029339909553527832e+00
-1.380937457084655762e+00,-1.151123642921447754e+00
-1.294758439064025879e+00,-8.907145857810974121e-01
-1.129030346870422363e+00,-8.175875544548034668e-01
-1.144414901733398438e+00,-1.046445012092590332e+00
-9.642829895019531250e-01,-1.126207590103149414e+00
-7.379364371299743652e-01,-7.861750125885009766e-01
-1.155949592590332031e+00,-1.078490972518920898e+00
-6.398493051528930664e-01,-1.103301286697387695e+00
-1.095580458641052246e+00,-8.536520004272460938e-01
-1.260920047760009766e+00,-1.029343724250793457e+00
-1.130059361457824707e+00,-7.238931655883789062e-01
-1.062110662460327148e+00,-1.092798948287963867e+00
-1.100130558013916016e+00,-9.992134571075439453e-01
-9.352930188179016113e-01,-1.034010529518127441e+00
-6.180056333541870117e-01,-1.252470612525939941e+00
-1.022370219230651855e+00,-1.197713613510131836e+00
-9.981337189674377441e-01,-1.109821557998657227e+00
-1.184023499488830566e+00,-1.116003155708312988e+00
-1.031076312065124512e+00,-1.213389039039611816e+00
-1.426283836364746094e+00,-8.135338425636291504e-01
-8.494981527328491211e-01,-8.842476606369018555e-01
-6.649700403213500977e-01,-1.049867749214172363e+00
-8.744627833366394043e-01,-1.084860324859619141e+00
-9.437232017517089844e-01,-9.354877471923828125e-01
-1.013570308685302734e+00,-9.546896815299987793e-01
-5.368511080741882324e-01,-8.644824028015136719e-01
-1.372724652290344238e+00,-1.123965740203857422e+00
-9.749374389648437500e-01,-1.090399980545043945e+00
-1.059440255165100098e+00,-1.085696935653686523e+00
-7.828148603439331055e-01,-5.837734937667846680e-01
-8.026517629623413086e-01,-8.711143136024475098e-01
-6.295732855796813965e-01,-9.316110610961914062e-01
-5.185486078262329102e-01,-1.359151959419250488e+00
-1.095715284347534180e+00,-1.268424987792968750e+00
-7.683561444282531738e-01,-9.441844224929809570e-01
-6.194151639938354492e-01,-9.727371335029602051e-01
-8.289994001388549805e-01,-8.129208683967590332e-01
-1.295395851135253906e+00,-9.860146641731262207e-01
-1.062583088874816895e+00,-9.263965487480163574e-01
-8.363871574401855469e-01,-8.672788143157958984e-01
-1.008785963058471680e+00,-6.469039916992187500e-01
-8.999028205871582031e-01,-1.052565097808837891e+00
-1.315871834754943848e+00,-9.081255793571472168e-01
-9.029869437217712402e-01,-1.082732796669006348e+00
-7.199864983558654785e-01,-1.445498585700988770e+00
-1.117235302925109863e+00,-9.892285466194152832e-01
-5.978665351867675781e-01,-9.907842278480529785e-01
-9.500817060470581055e-01,-8.794865012168884277e-01
-9.737662076950073242e-01,-8.877173662185668945e-01
-8.705746531486511230e-01,-8.985111713409423828e-01
-1.170301675796508789e+00,-8.845629692077636719e-01
-6.355430483818054199e-01,-8.239839076995849609e-01
-8.715572357177734375e-01,-1.123548030853271484e+00
-6.036519408226013184e-01,-8.288065791130065918e-01
-1.080402612686157227e+00,-1.027207732200622559e+00
-1.115864992141723633e+00,-1.186103105545043945e+00
-7.950555086135864258e-01,-1.270013689994812012e+00
-1.036420226097106934e+00,-1.170399188995361328e+00
-1.166715383529663086e+00,-1.132527828216552734e+00
-7.989472746849060059e-01,-7.785480618476867676e-01
-9.772630929946899414e-01,-1.121602892875671387e+00
-8.754534125328063965e-01,-9.853090643882751465e-01
-1.236172795295715332e+00,-1.289849758148193359e+00
-1.012260317802429199e+00,-1.177695035934448242e+00
-8.411816954612731934e-01,-7.982686161994934082e-01
-1.046851277351379395e+00,-1.105646729469299316e+00
-1.141492724418640137e+00,-1.191993355751037598e+00
-1.061021327972412109e+00,-1.297377705574035645e+00
-9.469004869461059570e-01,-1.139425873756408691e+00
-1.207618474960327148e+00,-7.990926504135131836e-01
-1.211319923400878906e+00,-8.871774673461914062e-01
-1.317734837532043457e+00,-9.608605504035949707e-01
-1.214190125465393066e+00,-1.201755166053771973e+00
-1.312861561775207520e+00,-9.416572451591491699e-01
-1.393283843994140625e+00,-1.285855054855346680e+00
-1.493513584136962891e+00,-7.018521428108215332e-01
-1.288418531417846680e+00,-6.938523650169372559e-01
-1.206150889396667480e+00,-1.035246014595031738e+00
-1.077558398246765137e+00,-1.106661677360534668e+00
-8.266326785087585449e-01,-7.701797485351562500e-01
-1.126029610633850098e+00,-9.870501756668090820e-01
-1.135349512100219727e+00,-1.164946198463439941e+00
-9.805331230163574219e-01,-1.024372696876525879e+00
-1.047447085380554199e+00,-1.428764820098876953e+00
-1.456431388854980469e+00,-9.140508770942687988e-01
-1.099736928939819336e+00,-7.528622746467590332e-01
-9.320009946823120117e-01,-7.320008873939514160e-01
-1.064996004104614258e+00,-1.267745614051818848e+00
-8.859053850173950195e-01,-9.419026374816894531e-01
-5.575731992721557617e-01,-1.197342634201049805e+00
-9.915376901626586914e-01,-9.798968434333801270e-01
-9.479626417160034180e-01,-6.429343819618225098e-01
-8.934093117713928223e-01,-1.097584605216979980e+00
-1.229450821876525879e+00,-1.243925571441650391e+00
-1.234358906745910645e+00,-9.644624590873718262e-01
-1.039644598960876465e+00,-1.136292457580566406e+00
-1.023785352706909180e+00,-8.591644763946533203e-01
-8.122143149375915527e-01,-8.398439288139343262e-01
-8.623452782630920410e-01,-1.401617407798767090e+00
-1.036126136779785156e+00,-1.182418704032897949e+00
-1.129530906677246094e+00,-9.394437074661254883e-01
-1.103814721107482910e+00,-1.568714618682861328e+00
-8.347758054733276367e-01,-7.802035212516784668e-01
-7.985087037086486816e-01,-1.028736710548400879e+00
-1.142702460289001465e+00,-7.842010855674743652e-01
-7.741576433181762695e-01,-5.236997604370117188e-01
-9.494984149932861328e-01,-6.819207072257995605e-01
-1.081432104110717773e+00,-1.046716213226318359e+00
-9.361407756805419922e-01,-1.271387338638305664e+00
-8.666350245475769043e-01,-1.164566516876220703e+00
-1.110254406929016113e+00,-9.405300021171569824e-01
-1.042290568351745605e+00,-1.169042229652404785e+00
-1.158632636070251465e+00,-7.508934140205383301e-01
-1.160053014755249023e+00,-1.155922293663024902e+00
-1.221135020256042480e+00,-1.020451188087463379e+00
-1.057997107505798340e+00,-1.046207427978515625e+00
-1.248545408248901367e+00,-1.185960173606872559e+00
-8.313398957252502441e-01,-5.897770524024963379e-01
-8.683952093124389648e-01,-1.053811550140380859e+00
-1.010314106941223145e+00,-7.272282242774963379e-01
-6.410636901855468750e-01,-1.014706730842590332e+00
-5.358105301856994629e-01,-1.253109574317932129e+00
-8.609487414360046387e-01,-1.001676440238952637e+00
-1.331429243087768555e+00,-7.787203788757324219e-01
-9.319298863410949707e-01,-9.962401986122131348e-01
-1.025686621665954590e+00,-1.091662883758544922e+00
-1.064687252044677734e+00,-1.353065967559814453e+00
-1.159122228622436523e+00,-7.522065043449401855e-01
-9.345798492431640625e-01,-8.627928495407104492e-01
-8.560454249382019043e-01,-8.127477765083312988e-01
-1.123511910438537598e+00,-1.116464018821716309e+00
-1.148502230644226074e+00,-9.352815151214599609e-01
-1.019987344741821289e+00,-9.519969224929809570e-01
-1.031926393508911133e+00,-1.049328088760375977e+00
-1.187761664390563965e+00,-1.474746584892272949e+00
-1.138999581336975098e+00,-8.803131580352783203e-01
-9.237366318702697754e-01,-1.007494807243347168e+00
-1.441266536712646484e+00,-1.256810307502746582e+00
-9.511320590972900391e-01,-7.620359063148498535e-01
-1.252477884292602539e+00,-1.485432386398315430e+00
-8.490942120552062988e-01,-1.133622527122497559e+00
-1.007434010505676270e+00,-7.806404232978820801e-01
-1.026800632476806641e+00,-1.257161259651184082e+00
-1.161198139190673828e+00,-8.220964074134826660e-01
-8.214336037635803223e-01,-1.369906902313232422e+00
-1.066679239273071289e+00,-5.338370800018310547e-01
-8.405715823173522949e-01,-7.733780145645141602e-01
-1.006742596626281738e+00,-8.520781993865966797e-01
-1.028181791305541992e+00,-1.013214826583862305e+00
-1.244409084320068359e+00,-1.006672263145446777e+00
-1.005427598953247070e+00,-6.160482168197631836e-01
-9.811503291130065918e-01,-9.331340789794921875e-01
-1.153873682022094727e+00,-9.881655573844909668e-01
-1.357714772224426270e+00,-1.049841165542602539e+00
-1.263207435607910156e+00,-1.189662337303161621e+00
-1.092146515846252441e+00,-9.881727695465087891e-01
-1.311596155166625977e+00,-1.146565914154052734e+00
-7.842617630958557129e-01,-1.291661739349365234e+00
-1.108383774757385254e+00,-1.029744982719421387e+00
-1.313134312629699707e+00,-9.677101373672485352e-01
-7.963799834251403809e-01,-1.278715252876281738e+00
-1.482776999473571777e+00,-8.827462792396545410e-01
-9.445974826812744141e-01,-1.095203399658203125e+00
-1.061180472373962402e+00,-8.623774051666259766e-01
-8.837084770202636719e-01,-1.124588847160339355e+00
-1.048410892486572266e+00,-1.167070388793945312e+00
-1.100533843040466309e+00,-8.932761549949645996e-01
-7.425591349601745605e-01,-8.169931173324584961e-01
-1.249902606010437012e+00,-5.516749024391174316e-01
-7.929700613021850586e-01,-1.110329508781433105e+00
-8.577204346656799316e-01,-1.033168911933898926e+00
-9.907523989677429199e-01,-8.632977604866027832e-01
-1.065189599990844727e+00,-8.820695877075195312e-01
-9.966810941696166992e-01,-7.703256011009216309e-01
-8.373614549636840820e-01,-8.620971441268920898e-01
-1.266010165214538574e+00,-7.942391633987426758e-01
-1.103376388549804688e+00,-1.098239541053771973e+00
-1.093139648437500000e+00,-1.051317214965820312e+00
-8.850144147872924805e-01,-6.084017753601074219e-01
-7.094020843505859375e-01,-7.064496874809265137e-01
-2.970972657203674316e-01,-1.080073833465576172e+00
-1.500190496444702148e+00,-1.064045429229736328e+00
-8.606716990470886230e-01,-7.261499762535095215e-01
-1.285551548004150391e+00,-8.737466335296630859e-01
-1.068430423736572266e+00,-1.046158432960510254e+00
-9.081348776817321777e-01,-1.244961500167846680e+00
-7.565884590148925781e-01,-9.779468178749084473e-01
-9.387857317924499512e-01,-7.408936023712158203e-01
-1.089906454086303711e+00,-8.404130935668945312e-01
-1.029436826705932617e+00,-8.873250484466552734e-01
-1.276685237884521484e+00,-1.041886091232299805e+00
-8.801334500312805176e-01,-5.143873095512390137e-01
-1.206122040748596191e+00,-1.179002761840820312e+00
-5.996563434600830078e-01,-1.087491989135742188e+00
-1.143433213233947754e+00,-1.418270587921142578e+00
-9.589456915855407715e-01,-9.899670481681823730e-01
-1.127627491950988770e+00,-9.755817651748657227e-01
-7.832989096641540527e-01,-9.546018242835998535e-01
-1.205040097236633301e+00,-7.546585202217102051e-01
-8.308207988739013672e-01,-8.556027412414550781e-01
-8.948990702629089355e-01,-8.107889294624328613e-01
-1.222170114517211914e+00,-1.251384139060974121e+00
-1.014944314956665039e+00,-9.396804571151733398e-01
-1.157933473587036133e+00,-6.799741387367248535e-01
-6.599560976028442383e-01,-1.149748563766479492e+00
-1.145893692970275879e+00,-9.258775711059570312e-01
-1.137419581413269043e+00,-1.220336079597473145e+00
-9.759882092475891113e-01,-1.192801237106323242e+00
-8.816483616828918457e-01,-1.077921748161315918e+00
-1.321848750114440918e+00,-1.020961284637451172e+00
-8.573238253593444824e-01,-7.728077173233032227e-01
-1.223113179206848145e+00,-7.047366499900817871e-01
-8.648001551628112793e-01,-9.627586603164672852e-01
-8.756113648414611816e-01,-6.508692502975463867e-01
-1.055909037590026855e+00,-1.040468215942382812e+00
-1.324360847473144531e+00,-1.183086752891540527e+00
-9.894221425056457520e-01,-1.150463342666625977e+00
-1.436080455780029297e+00,-1.070661425590515137e+00
-8.492766022682189941e-01,-8.751418590545654297e-01
-8.805826902389526367e-01,-1.181421279907226562e+00
-8.418313860893249512e-01,-1.226914525032043457e+00
-6.337741017341613770e-01,-9.533736705780029297e-01
-1.287084579467773438e+00,-1.309460639953613281e+00
-1.034142613410949707e+00,-1.101554751396179199e+00
-9.132256507873535156e-01,-9.982576370239257812e-01
-1.096767783164978027e+00,-1.013753890991210938e+00
-8.889142870903015137e-01,-1.142191767692565918e+00
-9.393591284751892090e-01,-1.269821643829345703e+00
-5.763691067695617676e-01,-7.757148742675781250e-01
-9.340092539787292480e-01,-1.218694806098937988e+00
-9.489388465881347656e-01,-1.563992381095886230e+00
-6.447892785072326660e-01,-8.751469254493713379e-01
-1.406809806823730469e+00,-1.017860531806945801e+00
-1.080160260200500488e+00,-1.127907276153564453e+00
-6.994183659553527832e-01,-1.068994641304016113e+00
-1.354910492897033691e+00,-1.170342087745666504e+00
-7.527565360069274902e-01,-1.140942454338073730e+00
-8.554493784904479980e-01,-8.345006108283996582e-01
-6.008116006851196289e-01,-1.103986740112304688e+00
-1.119264602661132812e+00,-7.885457277297973633e-01
-1.441642522811889648e+00,-9.373497962951660156e-01
-7.569973468780517578e-01,-1.072605609893798828e+00
-1.298814177513122559e+00,-1.153292894363403320e+00
-1.132046222686767578e+00,-9.545508623123168945e-01
-1.159309506416320801e+00,-1.244974732398986816e+00
-9.766479134559631348e-01,-7.761797904968261719e-01
-1.043619513511657715e+00,-1.379254817962646484e+00
-1.123347043991088867e+00,-9.441295266151428223e-01
-8.901241421699523926e-01,-9.976708889007568359e-01
-9.204463362693786621e-01,-8.229373097419738770e-01
-9.351351261138916016e-01,-9.240760803222656250e-01
-9.386860728263854980e-01,-8.185136318206787109e-01
-1.224105238914489746e+00,-1.112596511840820312e+00
-1.069365978240966797e+00,-9.589755535125732422e-01
-1.100170850753784180e+00,-9.568690061569213867e-01
-1.241074442863464355e+00,-7.985562086105346680e-01
-1.025015830993652344e+00,-1.274672985076904297e+00
-7.414434552192687988e-01,-9.619970321655273438e-01
-1.126990318298339844e+00,-8.340328931808471680e-01
-7.373322248458862305e-01,-9.076995849609375000e-01
-8.028826713562011719e-01,-9.701918959617614746e-01
-1.346200346946716309e+00,-9.582774639129638672e-01
-8.268701434135437012e-01,-8.929847478866577148e-01
-8.264756202697753906e-01,-9.563990831375122070e-01
-6.315029859542846680e-01,-1.243419647216796875e+00
-1.180964708328247070e+00,-9.985445141792297363e-01
-1.104037165641784668e+00,-1.106545209884643555e+00
-8.912421464920043945e-01,-1.038314819335937500e+00
-9.202942252159118652e-01,-8.135406970977783203e-01
-8.796243071556091309e-01,-9.419375061988830566e-01
-1.054120540618896484e+00,-1.312295317649841309e+00
-1.144460439682006836e+00,-1.068918704986572266e+00
-1.088829159736633301e+00,-1.320392608642578125e+00
-6.147937774658203125e-01,-6.080029606819152832e-01
-1.261063218116760254e+00,-8.393995165824890137e-01
-9.112175703048706055e-01,-1.077583551406860352e+00
-1.379094481468200684e+00,-9.708004593849182129e-01
-8.587417602539062500e-01,-1.049918889999389648e+00
-1.111509084701538086e+00,-9.176873564720153809e-01
-1.373957395553588867e+00,-9.693280458450317383e-01
-1.163863897323608398e+00,-1.069080352783203125e+00
-1.131713867187500000e+00,-1.165497779846191406e+00
-8.868088126182556152e-01,-8.756448626518249512e-01
-1.338227748870849609e+00,-1.034132599830627441e+00
-1.296652555465698242e+00,-8.596273660659790039e-01
-8.935515284538269043e-01,-8.335802555084228516e-01
-6.565898060798645020e-01,-1.028620243072509766e+00
-1.035832047462463379e+00,-1.255553007125854492e+00
-4.137780964374542236e-01,-1.297041296958923340e+00
-1.007889866828918457e+00,-1.158965468406677246e+00
-8.825148344039916992e-01,-8.286096453666687012e-01
-8.655724525451660156e-01,-1.123697519302368164e+00
-9.171292781829833984e-01,-1.177160620689392090e+00
-8.379364609718322754e-01,-5.772898197174072266e-01
-1.113303542137145996e+00,-1.109067440032958984e+00
-7.434552311897277832e-01,-9.831168055534362793e-01
-8.976316452026367188e-01,-7.759389281272888184e-01
-1.121062159538269043e+00,-1.330816626548767090e+00
-1.280801415443420410e+00,-7.402920722961425781e-01
-1.234780192375183105e+00,-1.073868751525878906e+00
-8.576153516769409180e-01,-1.090982794761657715e+00
-1.065221309661865234e+00,-1.094506382942199707e+00
-6.548683643341064453e-01,-1.061615943908691406e+00
-9.782850146293640137e-01,-1.264518141746520996e+00
-6.248313188552856445e-01,-1.032411694526672363e+00
-9.757674932479858398e-01,-8.378643393516540527e-01
-1.356959223747253418e+00,-1.232180953025817871e+00
-1.123403429985046387e+00,-7.592492103576660156e-01
-8.367332816123962402e-01,-9.004701972007751465e-01
-1.106446862220764160e+00,-1.074756860733032227e+00
-9.548586606979370117e-01,-6.531003713607788086e-01
-1.142529249191284180e+00,-8.822673559188842773e-01
-1.100158572196960449e+00,-7.269600033760070801e-01
-1.416605710983276367e+00,-9.614369273185729980e-01
-9.863569736480712891e-01,-9.576644301414489746e-01
-9.189246296882629395e-01,-1.224874854087829590e+00
-1.077120423316955566e+00,-1.031188368797302246e+00
-7.519618272781372070e-01,-7.778025865554809570e-01
-9.462904334068298340e-01,-7.672173380851745605e-01
-1.246680259704589844e+00,-9.512030482292175293e-01
-9.537235498428344727e-01,-1.092096328735351562e+00
-9.574812650680541992e-01,-7.942147850990295410e-01
-1.002656221389770508e+00,-1.067584633827209473e+00
-8.030148148536682129e-01,-1.076567411422729492e+00
-1.209527254104614258e+00,-8.396267294883728027e-01
-1.168831706047058105e+00,-1.178521513938903809e+00
-9.204936027526855469e-01,-8.467700481414794922e-01
-9.377158284187316895e-01,-1.173728108406066895e+00
-6.059703230857849121e-01,-1.105859637260437012e+00
-8.128759860992431641e-01,-8.012199997901916504e-01
-1.253107905387878418e+00,-1.155388355255126953e+00
-8.090332150459289551e-01,-1.305808663368225098e+00
-1.324220418930053711e+00,-9.744109511375427246e-01
-7.434833645820617676e-01,-1.119824886322021484e+00
-1.283868670463562012e+00,-1.118997097015380859e+00
-1.096145272254943848e+00,-1.005290031433105469e+00
-1.037328600883483887e+00,-1.180334806442260742e+00
-1.472244024276733398e+00,-1.058949470520019531e+00
-1.317981243133544922e+00,-1.066503405570983887e+00
-9.926329851150512695e-01,-8.703948855400085449e-01
-1.413336873054504395e+00,-8.911339640617370605e-01
-9.661273956298828125e-01,-1.132624030113220215e+00
-1.025957703590393066e+00,-1.279610395431518555e+00
-1.117853403091430664e+00,-8.615695834159851074e-01
-9.224709868431091309e-01,-1.022670865058898926e+00
-1.095358014106750488e+00,-1.207592844963073730e+00
-6.623737215995788574e-01,-7.445170879364013672e-01
-1.019934892654418945e+00,-1.312675356864929199e+00
-9.878302812576293945e-01,-7.989919185638427734e-01
-1.189225673675537109e+00,-1.091333627700805664e+00
-9.811449050903320312e-01,-9.498928785324096680e-01
-9.838476777076721191e-01,-1.009070158004760742e+00
-1.151174545288085938e+00,-1.072114229202270508e+00
-4.069288372993469238e-01,-1.014580726623535156e+00
-9.209846258163452148e-01,-1.251348733901977539e+00
-9.852312803268432617e-01,-8.544230461120605469e-01
-8.073336482048034668e-01,-1.383320450782775879e+00
-1.051280498504638672e+00,-8.955597877502441406e-01
-1.228720426559448242e+00,-1.180857896804809570e+00
-1.379387140274047852e+00,-1.095216870307922363e+00
-7.132889032363891602e-01,-1.033762693405151367e+00
-1.381572008132934570e+00,-1.191169023513793945e+00
-1.204444885253906250e+00,-1.066734433174133301e+00
-1.481515049934387207e+00,-9.625431299209594727e-01
-1.053018331527709961e+00,-9.786341786384582520e-01
-6.665537357330322266e-01,-1.310194134712219238e+00
-1.117823004722595215e+00,-1.416192889213562012e+00
-1.216022729873657227e+00,-1.426888823509216309e+00
-8.871517181396484375e-01,-7.907018661499023438e-01
-1.352644324302673340e+00,-9.109607934951782227e-01
-9.988331198692321777e-01,-8.560326695442199707e-01
-8.587254285812377930e-01,-1.168203711509704590e+00
-8.817155361175537109e-01,-9.336633086204528809e-01
-7.991247177124023438e-01,-6.410923600196838379e-01
-8.128724694252014160e-01,-1.313400149345397949e+00
-7.321701049804687500e-01,-9.317116737365722656e-01
-1.012346863746643066e+00,-8.083729147911071777e-01
-1.503244757652282715e+00,-1.109202742576599121e+00
-8.724225163459777832e-01,-1.238056421279907227e+00
-1.164150357246398926e+00,-1.001587271690368652e+00
-9.837712049484252930e-01,-7.687057256698608398e-01
-8.111020326614379883e-01,-1.260908246040344238e+00
-9.364013075828552246e-01,-8.628236651420593262e-01
-1.338463783264160156e+00,-8.721542954444885254e-01
-8.369861245155334473e-01,-1.253824353218078613e+00
-8.699074387550354004e-01,-9.323536753654479980e-01
-1.196145772933959961e+00,-1.096538662910461426e+00
-8.924511075019836426e-01,-1.300281405448913574e+00
-7.554072141647338867e-01,-9.134891629219055176e-01
-7.713124155998229980e-01,-9.704462885856628418e-01
-8.379393219947814941e-01,-1.405252218246459961e+00
-5.459767580032348633e-01,-1.278379797935485840e+00
-8.661209344863891602e-01,-1.323292732238769531e+00
-9.934430122375488281e-01,-1.345069885253906250e+00
-1.174014329910278320e+00,-7.144068479537963867e-01
-7.945041656494140625e-01,-1.053401350975036621e+00
-9.619778394699096680e-01,-9.097716808319091797e-01
-9.158154726028442383e-01,-9.606679677963256836e-01
-1.059143543243408203e+00,-8.485658764839172363e-01
-9.809877872467041016e-01,-1.195081591606140137e+00
-1.043540477752685547e+00,-8.744263052940368652e-01
-1.141765236854553223e+00,-8.963964581489562988e-01
-1.473333239555358887e+00,-1.081398010253906250e+00
-6.812384724617004395e-01,-1.117365241050720215e+00
-7.707254886627197266e-01,-1.051270842552185059e+00
-1.416088104248046875e+00,-1.077186226844787598e+00
-6.485675573348999023e-01,-1.125278234481811523e+00
-6.057932376861572266e-01,-1.376486897468566895e+00
-1.007602334022521973e+00,-1.040412664413452148e+00
-6.266770362854003906e-01,-1.162848591804504395e+00
-8.580974340438842773e-01,-1.045455694198608398e+00
-8.256763815879821777e-01,-8.695604205131530762e-01
-8.944445848464965820e-01,-1.103043913841247559e+00
-9.622644186019897461e-01,-6.433958411216735840e-01
-1.062827348709106445e+00,-1.148964405059814453e+00
-1.025126814842224121e+00,-8.756697773933410645e-01
-8.557952046394348145e-01,-8.529570698738098145e-01
-1.002914309501647949e+00,-1.004766821861267090e+00
-1.328464031219482422e+00,-1.027254819869995117e+00
-8.774001598358154297e-01,-9.147147536277770996e-01
-7.950778603553771973e-01,-8.776314854621887207e-01
-9.998267292976379395e-01,-1.107239127159118652e+00
-1.146210312843322754e+00,-9.903151988983154297e-01
-7.940111756324768066e-01,-1.029391288757324219e+00
-1.053671717643737793e+00,-1.101685762405395508e+00
-5.361920595169067383e-01,-1.175627350807189941e+00
-1.208089113235473633e+00,-1.197034478187561035e+00
-1.345345735549926758e+00,-1.027156949043273926e+00
-9.851609468460083008e-01,-1.035305738449096680e+00
-9.214439392089843750e-01,-1.029892206192016602e+00
-1.298179864883422852e+00,-8.464311361312866211e-01
-1.014227628707885742e+00,-9.691241383552551270e-01
-1.391835451126098633e+00,-9.793362617492675781e-01
-7.935319542884826660e-01,-1.003009438514709473e+00
-8.621317148208618164e-01,-1.069565773010253906e+00
-1.079240798950195312e+00,-1.035576462745666504e+00
-1.086630225181579590e+00,-1.015107393264770508e+00
-6.303045153617858887e-01,-1.146947145462036133e+00
-1.093592643737792969e+00,-1.137015700340270996e+00
-9.670591354370117188e-01,-8.050575256347656250e-01
-7.839837074279785156e-01,-6.719233393669128418e-01
-1.414860486984252930e+00,-9.682374596595764160e-01
-1.226391077041625977e+00,-1.032343745231628418e+00
-1.069658994674682617e+00,-1.207454562187194824e+00
-8.768936395645141602e-01,-9.758043289184570312e-01
-1.137938976287841797e+00,-7.897444963455200195e-01
-9.489867687225341797e-01,-1.010431170463562012e+00
-1.302982091903686523e+00,-8.367632031440734863e-01
-1.099893927574157715e+00,-7.522962689399719238e-01
-1.201133966445922852e+00,-1.102865219116210938e+00
-9.687784314155578613e-01,-1.209539532661437988e+00
-1.162561058998107910e+00,-1.064315915107727051e+00
-8.867757916450500488e-01,-8.828684687614440918e-01
-9.969977736473083496e-01,-8.659865260124206543e-01
-1.173341512680053711e+00,-1.007282614707946777e+00
-1.049988746643066406e+00,-1.244261860847473145e+00
-9.926106333732604980e-01,-1.325947761535644531e+00
-6.088775992393493652e-01,-1.015191555023193359e+00
-1.125086903572082520e+00,-1.048917770385742188e+00
-1.123203516006469727e+00,-7.442316412925720215e-01
-1.146102905273437500e+00,-8.543795347213745117e-01
-1.109820127487182617e+00,-8.117464780807495117e-01
-1.057552337646484375e+00,-1.161566495895385742e+00
-1.234514713287353516e+00,-1.197128653526306152e+00
-8.739951848983764648e-01,-9.965651035308837891e-01
-1.275069713592529297e+00,-1.136490345001220703e+00
-9.786545038223266602e-01,-1.226351499557495117e+00
-7.466857433319091797e-01,-1.033293366432189941e+00
-7.042414546012878418e-01,-9.272642135620117188e-01
-8.015533685684204102e-01,-9.806267023086547852e-01
-1.273527503013610840e+00,-1.020094990730285645e+00
-1.081646442413330078e+00,-8.044190406799316406e-01
-1.098406195640563965e+00,-1.117461919784545898e+00
-1.118141174316406250e+00,-1.027596592903137207e+00
-1.199354887008666992e+00,-7.382810711860656738e-01
-1.111728549003601074e+00,-1.259224414825439453e+00
-1.314278721809387207e+00,-1.094103336334228516e+00
-7.632063627243041992e-01,-8.289250135421752930e-01
-7.729635238647460938e-01,-8.185407519340515137e-01
-1.147000908851623535e+00,-1.303621888160705566e+00
-8.257573246955871582e-01,-1.073161005973815918e+00
-9.515435695648193359e-01,-9.741707444190979004e-01
-1.110909700393676758e+00,-1.015048384666442871e+00
-8.801753520965576172e-01,-1.089268326759338379e+00
-9.726212620735168457e-01,-1.182504773139953613e+00
-8.486732840538024902e-01,-1.260863661766052246e+00
-1.321627140045166016e+00,-8.715695142745971680e-01
-1.035375356674194336e+00,-9.612598419189453125e-01
-1.135902643203735352e+00,-1.028667688369750977e+00
-1.265054702758789062e+00,-1.042188286781311035e+00
-1.133867979049682617e+00,-1.295090913772583008e+00
-1.002768278121948242e+00,-1.111392617225646973e+00
-1.212889075279235840e+00,-1.023873209953308105e+00
-9.464921951293945312e-01,-1.428238987922668457e+00
-9.505711793899536133e-01,-8.980687260627746582e-01
-1.085511565208435059e+00,-1.058881878852844238e+00
-1.257918834686279297e+00,-1.309239149093627930e+00
-1.178398132324218750e+00,-8.805773854255676270e-01
-9.976674318313598633e-01,-8.248956799507141113e-01
-9.817700982093811035e-01,-8.478187322616577148e-01
-1.363163709640502930e+00,-1.147887587547302246e+00
-1.108641147613525391e+00,-8.498629331588745117e-01
-9.202201962471008301e-01,-9.252825975418090820e-01
-1.199868917465209961e+00,-1.247403621673583984e+00
-9.897316694259643555e-01,-8.233385086059570312e-01
-1.253130912780761719e+00,-9.556679129600524902e-01
-8.486491441726684570e-01,-7.567751407623291016e-01
-5.972752571105957031e-01,-1.294907808303833008e+00
-1.187590241432189941e+00,-7.714967131614685059e-01
-1.504287362098693848e+00,-9.916372299194335938e-01
-1.194027304649353027e+00,-1.039381623268127441e+00
-1.227770924568176270e+00,-9.557135105133056641e-01
-1.258283972740173340e+00,-1.135982155799865723e+00
-9.936102032661437988e-01,-8.930397629737854004e-01
-1.123178601264953613e+00,-9.769023656845092773e-01
-8.921808004379272461e-01,-9.173587560653686523e-01
-6.408799886703491211e-01,-1.147309541702270508e+00
-9.349710345268249512e-01,-9.231725335121154785e-01
-7.957434058189392090e-01,-1.179101109504699707e+00
-1.071983814239501953e+00,-8.757086396217346191e-01
-1.082290768623352051e+00,-1.176059842109680176e+00
-9.634572863578796387e-01,-1.232947587966918945e+00
-7.485985159873962402e-01,-1.230223059654235840e+00
-8.288075923919677734e-01,-1.260629653930664062e+00
-1.383748292922973633e+00,-1.068086385726928711e+00
-1.217409491539001465e+00,-1.313469052314758301e+00
-5.936260223388671875e-01,-9.710631370544433594e-01
-9.546566605567932129e-01,-9.707645773887634277e-01
-1.203269600868225098e+00,-9.103744626045227051e-01
-1.055965542793273926e+00,-1.117785215377807617e+00
-8.584167361259460449e-01,-1.047662854194641113e+00
-9.806757569313049316e-01,-1.199459433555603027e+00
-1.065029263496398926e+00,-1.358760833740234375e+00
-9.354468584060668945e-01,-1.205476522445678711e+00
-8.800599575042724609e-01,-1.157415986061096191e+00
-1.010999679565429688e+00,-1.400380969047546387e+00
-1.168134212493896484e+00,-9.330592155456542969e-01
-1.089491844177246094e+00,-1.093010425567626953e+00
-1.223978400230407715e+00,-8.137543797492980957e-01
-1.114366650581359863e+00,-1.264001250267028809e+00
-8.333320021629333496e-01,-9.359376430511474609e-01
-1.043007135391235352e+00,-1.169992923736572266e+00
-1.433598756790161133e+00,-1.174966454505920410e+00
-7.988530993461608887e-01,-1.165171861648559570e+00
-7.504055500030517578e-01,-1.135051012039184570e+00
-1.054152965545654297e+00,-9.335188269615173340e-01
-1.431660652160644531e+00,-9.440528154373168945e-01
-1.021022677421569824e+00,-1.257032036781311035e+00
-1.252570033073425293e+00,-6.246952414512634277e-01
-6.527273654937744141e-01,-1.091662049293518066e+00
-1.028202176094055176e+00,-1.216447114944458008e+00
-1.002847433090209961e+00,-1.100907444953918457e+00
-1.039035439491271973e+00,-1.094362854957580566e+00
-1.239323019981384277e+00,-1.163102865219116211e+00
-1.060875654220581055e+00,-1.024842977523803711e+00
-9.636062383651733398e-01,-7.933582067489624023e-01
-1.084823012351989746e+00,-8.423155546188354492e-01
-1.448581814765930176e+00,-1.184113979339599609e+00
-8.237529397010803223e-01,-8.801432251930236816e-01
-1.151756644248962402e+00,-1.080501079559326172e+00
-1.186286091804504395e+00,-1.238525032997131348e+00
-8.751877546310424805e-01,-1.097514033317565918e+00
-1.072062849998474121e+00,-5.905127525329589844e-01
-9.529399871826171875e-01,-1.166988134384155273e+00
-8.998445272445678711e-01,-7.985957264900207520e-01
-1.021560788154602051e+00,-9.786937832832336426e-01
-1.111808657646179199e+00,-1.016268730163574219e+00
-9.481005072593688965e-01,-1.187512874603271484e+00
-9.200719594955444336e-01,-5.931222438812255859e-01
-9.462079405784606934e-01,-1.057799100875854492e+00
-1.174352884292602539e+00,-1.110389113426208496e+00
-1.450935840606689453e+00,-9.333430528640747070e-01
-1.283652663230895996e+00,-5.649647116661071777e-01
-1.313324332237243652e+00,-1.103121399879455566e+00
-1.181515455245971680e+00,-8.740836381912231445e-01
-9.793463349342346191e-01,-1.227757453918457031e+00
-1.010161042213439941e+00,-1.072793602943420410e+00
-7.487016916275024414e-01,-8.109648823738098145e-01
-1.710406422615051270e+00,-9.614124298095703125e-01
-9.791782498359680176e-01,-9.415560364723205566e-01
-1.003485202789306641e+00,-1.292044281959533691e+00
-1.046498894691467285e+00,-1.115064978599548340e+00
-9.912687540054321289e-01,-1.299033284187316895e+00
-9.593121409416198730e-01,-1.098417282104492188e+00
-1.304658174514770508e+00,-1.373462796211242676e+00
-1.214489221572875977e+00,-1.041556954383850098e+00
-1.181044697761535645e+00,-1.084214329719543457e+00
-1.297971129417419434e+00,-1.050391793251037598e+00
-8.033244013786315918e-01,-8.914886116981506348e-01
-8.549007773399353027e-01,-1.332942366600036621e+00
-8.179771304130554199e-01,-1.104049444198608398e+00
-7.359315752983093262e-01,-1.457033276557922363e+00
-5.342729687690734863e-01,-1.018153548240661621e+00
-1.023652195930480957e+00,-1.069310545921325684e+00
-1.143069863319396973e+00,-1.100813865661621094e+00
-6.947734951972961426e-01,-7.935972213745117188e-01
-7.345829606056213379e-01,-9.653268456459045410e-01
-1.085825085639953613e+00,-9.381077289581298828e-01
-7.067882418632507324e-01,-1.105022430419921875e+00
-9.102286100387573242e-01,-1.004553437232971191e+00
-7.934812903404235840e-01,-1.116668105125427246e+00
-8.309867382049560547e-01,-1.023579478263854980e+00
-1.049802064895629883e+00,-9.150696396827697754e-01
-1.222404360771179199e+00,-8.085580468177795410e-01
-7.017223834991455078e-01,-9.709937572479248047e-01
-1.175899505615234375e+00,-9.852653145790100098e-01
-1.190544486045837402e+00,-1.235859513282775879e+00
-8.343284726142883301e-01,-1.169425845146179199e+00
-1.196427106857299805e+00,-1.491060853004455566e+00
-1.108235478401184082e+00,-1.109041929244995117e+00
-1.236174941062927246e+00,-1.218888878822326660e+00
-7.146482467651367188e-01,-9.520913958549499512e-01
-1.038852572441101074e+00,-1.034187197685241699e+00
-1.024484038352966309e+00,-1.315515756607055664e+00
-1.035405993461608887e+00,-1.337405204772949219e+00
-8.780935406684875488e-01,-1.410591363906860352e+00
-1.036925435066223145e+00,-7.084454894065856934e-01
-8.977526426315307617e-01,-1.099880218505859375e+00
-1.003875494003295898e+00,-8.195676803588867188e-01
-7.422795295715332031e-01,-9.385322928428649902e-01
-1.005558252334594727e+00,-9.175845980644226074e-01
-6.394918560981750488e-01,-1.029322624206542969e+00
-8.922354578971862793e-01,-8.041545152664184570e-01
-1.110940217971801758e+00,-1.178589582443237305e+00
-9.683637022972106934e-01,-8.116899132728576660e-01
-1.073940277099609375e+00,-1.116500496864318848e+00
-9.444050192832946777e-01,-8.649078607559204102e-01
-1.007812857627868652e+00,-1.156858682632446289e+00
-1.190586566925048828e+00,-7.046615481376647949e-01
-1.183632254600524902e+00,-9.678278565406799316e-01
-1.416320204734802246e+00,-1.033334732055664062e+00
-1.009118676185607910e+00,-1.191449999809265137e+00
-9.278584718704223633e-01,-1.119883418083190918e+00
-1.001402735710144043e+00,-1.013822317123413086e+00
-1.025263905525207520e+00,-8.873413205146789551e-01
-5.901962518692016602e-01,-8.876444697380065918e-01
-1.348604321479797363e+00,-1.152206301689147949e+00
-7.158479690551757812e-01,-1.154862880706787109e+00
-9.620153307914733887e-01,-1.180712819099426270e+00
-7.673204541206359863e-01,-1.321948289871215820e+00
-7.698010206222534180e-01,-1.157506704330444336e+00
-1.189578056335449219e+00,-9.090944528579711914e-01
-6.785869598388671875e-01,-1.051097035408020020e+00
-1.150563716888427734e+00,-1.338888645172119141e+00
-1.048396944999694824e+00,-9.907368421554565430e-01
-1.277631402015686035e+00,-1.000642776489257812e+00
-8.968155980110168457e-01,-8.882152438163757324e-01
-1.288253903388977051e+00,-8.138961791992187500e-01
-1.102791786193847656e+00,-1.070857524871826172e+00
-6.786875724792480469e-01,-1.000662803649902344e+00
-5.398046374320983887e-01,-1.179073691368103027e+00
-6.055825352668762207e-01,-1.110179066658020020e+00
-1.032538533210754395e+00,-1.242657542228698730e+00
-1.167074084281921387e+00,-9.331948161125183105e-01
-9.456298947334289551e-01,-6.414788365364074707e-01
-7.234030961990356445e-01,-1.240836977958679199e+00
-9.583289027214050293e-01,-1.000247240066528320e+00
-9.806521534919738770e-01,-1.029470920562744141e+00
-1.097862839698791504e+00,-1.088635563850402832e+00
-1.421241879463195801e+00,-1.033515930175781250e+00
-1.047964215278625488e+00,-1.100430369377136230e+00
-9.805794954299926758e-01,-1.108735680580139160e+00
-1.024292826652526855e+00,-1.151423811912536621e+00
-1.191578269004821777e+00,-8.013461232185363770e-01
-9.433116316795349121e-01,-1.036830067634582520e+00
-8.266357779502868652e-01,-1.281942129135131836e+00
-5.412480235099792480e-01,-9.049426913261413574e-01
-1.077579975128173828e+00,-9.981001019477844238e-01
-1.023966193199157715e+00,-7.915145158767700195e-01
-8.512865900993347168e-01,-1.380465865135192871e+00
-1.160894751548767090e+00,-1.096071720123291016e+00
-6.725736856460571289e-01,-1.064968109130859375e+00
-9.145320057868957520e-01,-1.268830418586730957e+00
-8.071078658103942871e-01,-9.016366600990295410e-01
-8.092901706695556641e-01,-5.781452059745788574e-01
-1.386876225471496582e+00,-1.132510304450988770e+00
-6.084960699081420898e-01,-9.962669014930725098e-01
-1.243293166160583496e+00,-1.205443263053894043e+00
-1.362547636032104492e+00,-1.141902923583984375e+00
-1.067449331283569336e+00,-1.061571955680847168e+00
-9.234750270843505859e-01,-1.301298379898071289e+00
-1.193053603172302246e+00,-1.154389381408691406e+00
-1.194079756736755371e+00,-1.070567369461059570e+00
-1.312108039855957031e+00,-1.018823623657226562e+00
-1.285421967506408691e+00,-1.221935153007507324e+00
-5.876097679138183594e-01,-7.130032181739807129e-01
-1.249481916427612305e+00,-9.653027653694152832e-01
-7.815690040588378906e-01,-7.798938751220703125e-01
-1.072743892669677734e+00,-9.041776657104492188e-01
-9.128448963165283203e-01,-9.104389548301696777e-01
-1.078573584556579590e+00,-1.279130458831787109e+00
-9.080944657325744629e-01,-9.572269916534423828e-01
-1.443864107131958008e+00,-9.213489294052124023e-01
-8.322324752807617188e-01,-1.402765274047851562e+00
-1.025990009307861328e+00,-9.262535572052001953e-01
-1.020812511444091797e+00,-1.093123435974121094e+00
-1.150086402893066406e+00,-1.090185046195983887e+00
-1.369706749916076660e+00,-8.661531805992126465e-01
-6.562646627426147461e-01,-8.035222291946411133e-01
-1.164133906364440918e+00,-1.285121321678161621e+00
-1.393926143646240234e+00,-8.384509086608886719e-01
-1.090029954910278320e+00,-1.210886478424072266e+00
-1.016949415206909180e+00,-1.259501218795776367e+00
-1.012034058570861816e+00,-1.173970460891723633e+00
-7.582745552062988281e-01,-8.550780415534973145e-01
-6.894634366035461426e-01,-1.025072813034057617e+00
-1.190829753875732422e+00,-1.160409569740295410e+00
-9.990863204002380371e-01,-1.137779474258422852e+00
-1.245356321334838867e+00,-7.678553462028503418e-01
-5.796964168548583984e-01,-7.282339334487915039e-01
-8.955647349357604980e-01,-1.071528911590576172e+00
-6.277779936790466309e-01,-9.021468162536621094e-01
-1.093690276145935059e+00,-7.674053311347961426e-01
-6.872801780700683594e-01,-9.086408615112304688e-01
-1.348347544670104980e+00,-8.264061808586120605e-01
-5.930367708206176758e-01,-6.913166642189025879e-01
-1.292582154273986816e+00,-1.044407844543457031e+00
-1.003460526466369629e+00,-1.181271791458129883e+00
-9.365066885948181152e-01,-1.119948863983154297e+00
-1.088555097579956055e+00,-1.213012456893920898e+00
-9.553200602531433105e-01,-1.382383823394775391e+00
-7.925220727920532227e-01,-1.036744236946105957e+00
-8.276491761207580566e-01,-8.680410385131835938e-01
-9.602124094963073730e-01,-7.152075171470642090e-01
-1.051095962524414062e+00,-1.168789267539978027e+00
-1.147316336631774902e+00,-1.287236213684082031e+00
-1.141378641128540039e+00,-1.245940089225769043e+00
-1.240368604660034180e+00,-1.136461257934570312e+00
-1.204229354858398438e+00,-9.941483736038208008e-01
-1.319469690322875977e+00,-1.271571040153503418e+00
-9.501085281372070312e-01,-9.448090195655822754e-01
-9.981089830398559570e-01,-9.614246487617492676e-01
-1.085444092750549316e+00,-7.248766422271728516e-01
-1.106963753700256348e+00,-1.393885970115661621e+00
-1.254467368125915527e+00,-1.279963374137878418e+00
-8.336253762245178223e-01,-1.000923991203308105e+00
-1.181812524795532227e+00,-9.615445733070373535e-01
-1.125036716461181641e+00,-7.778316140174865723e-01
-1.058140039443969727e+00,-9.413801431655883789e-01
-1.366843104362487793e+00,-8.021684288978576660e-01
-5.511511564254760742e-01,-7.084791064262390137e-01
-1.140507221221923828e+00,-7.708151936531066895e-01
-8.767074942588806152e-01,-1.090889453887939453e+00
-1.220823049545288086e+00,-1.236235022544860840e+00
-1.243757963180541992e+00,-1.074909687042236328e+00
-9.548581242561340332e-01,-1.311686754226684570e+00
-1.497467041015625000e+00,-1.131529808044433594e+00
-1.170373797416687012e+00,-1.058171153068542480e+00
-9.020209908485412598e-01,-1.260479331016540527e+00
-6.217117905616760254e-01,-7.032286524772644043e-01
-1.133997321128845215e+00,-1.116819858551025391e+00
-1.078846454620361328e+00,-9.651697278022766113e-01
-1.043444752693176270e+00,-8.908624053001403809e-01
-1.010831713676452637e+00,-9.300674796104431152e-01
-9.726894497871398926e-01,-8.075982332229614258e-01
-9.993289709091186523e-01,-1.148374080657958984e+00
-1.205564498901367188e+00,-8.675958514213562012e-01
-6.095801591873168945e-01,-8.892052173614501953e-01
-8.162972927093505859e-01,-9.314690232276916504e-01
-1.187077403068542480e+00,-7.004539370536804199e-01
-7.372038364410400391e-01,-7.647609114646911621e-01
-1.134077072143554688e+00,-1.073779344558715820e+00
-1.124478340148925781e+00,-1.178650259971618652e+00
-1.433346867561340332e+00,-9.013718962669372559e-01
-9.023458957672119141e-01,-1.353790044784545898e+00
-9.084321856498718262e-01,-9.384310841560363770e-01
-7.627534866333007812e-01,-1.007858872413635254e+00
-5.934027433395385742e-01,-8.213249444961547852e-01
-1.290772795677185059e+00,-1.159389376640319824e+00
-1.155782938003540039e+00,-1.397203326225280762e+00
-3.659842014312744141e-01,-1.132297992706298828e+00
-9.022334814071655273e-01,-1.105467915534973145e+00
-1.123493194580078125e+00,-1.012023687362670898e+00
-9.244058132171630859e-01,-8.793541789054870605e-01
-1.097402691841125488e+00,-1.221379280090332031e+00
-1.127574205398559570e+00,-1.097805500030517578e+00
-1.261965036392211914e+00,-1.226237297058105469e+00
-1.138096809387207031e+00,-6.251714825630187988e-01
-9.796435832977294922e-01,-1.145327687263488770e+00
-9.278244972229003906e-01,-9.151035547256469727e-01
-1.118924021720886230e+00,-1.009802937507629395e+00
-7.883616685867309570e-01,-6.403060555458068848e-01
-8.220947384834289551e-01,-1.684717893600463867e+00
-1.133334636688232422e+00,-1.204391002655029297e+00
-8.846179246902465820e-01,-1.042574286460876465e+00
-7.256380319595336914e-01,-1.005754947662353516e+00
-1.004740715026855469e+00,-1.258470892906188965e+00
-1.244191050529479980e+00,-1.269970059394836426e+00
-1.449171185493469238e+00,-7.630963325500488281e-01
-9.779776930809020996e-01,-1.056936264038085938e+00
-5.308986306190490723e-01,-1.082870602607727051e+00
-9.197878837585449219e-01,-9.896157979965209961e-01
-1.035186767578125000e+00,-9.552103877067565918e-01
-1.331462264060974121e+00,-1.159460663795471191e+00
-9.268288612365722656e-01,-7.944791913032531738e-01
-1.269081950187683105e+00,-9.934960603713989258e-01
-9.778751730918884277e-01,-7.322012782096862793e-01
-9.258592724800109863e-01,-1.023990392684936523e+00
-9.059450626373291016e-01,-1.196992516517639160e+00
-9.024273157119750977e-01,-1.015796780586242676e+00
-9.428283572196960449e-01,-1.198005557060241699e+00
-1.123640775680541992e+00,-1.123814940452575684e+00
-9.451965093612670898e-01,-2.836907148361206055e+00
-8.850142955780029297e-01,-8.587647676467895508e-01
-8.386478424072265625e-01,-1.174419879913330078e+00
-8.775028586387634277e-01,-1.072826623916625977e+00
-1.153600811958312988e+00,-9.204146265983581543e-01
-7.081127166748046875e-01,-1.142536759376525879e+00
-1.055007219314575195e+00,-1.179199576377868652e+00
-9.034745097160339355e-01,-1.429642915725708008e+00
-1.032951593399047852e+00,-9.702324271202087402e-01
-1.150719404220581055e+00,-5.418698787689208984e-01
-7.286785244941711426e-01,-8.411690592765808105e-01
-1.235013008117675781e+00,-8.101738691329956055e-01
-5.411004424095153809e-01,-9.948619604110717773e-01
-1.013824701309204102e+00,-1.001738905906677246e+00
-7.368382811546325684e-01,-8.859730362892150879e-01
-6.837319731712341309e-01,-7.200744748115539551e-01
-1.231900930404663086e+00,-1.051632761955261230e+00
-1.238559246063232422e+00,-1.207467198371887207e+00
-1.019484519958496094e+00,-1.008030891418457031e+00
-8.734393715858459473e-01,-8.453218340873718262e-01
-1.417932271957397461e+00,-1.279812812805175781e+00
-1.374922513961791992e+00,-1.208107948303222656e+00
-1.007422804832458496e+00,-9.288381934165954590e-01
-8.060041069984436035e-01,-1.055487751960754395e+00
-9.743036627769470215e-01,-1.244899153709411621e+00
-8.626686930656433105e-01,-1.127646565437316895e+00
-8.907155394554138184e-01,-7.363415360450744629e-01
-9.188983440399169922e-01,-1.040585756301879883e+00
-1.263890027999877930e+00,-8.745294809341430664e-01
-1.380856871604919434e+00,-1.054350376129150391e+00
-1.266256570816040039e+00,-1.256005764007568359e+00
-7.924368381500244141e-01,-9.758386611938476562e-01
-9.923506379127502441e-01,-1.357775330543518066e+00
-8.552406430244445801e-01,-7.859321832656860352e-01
-1.415917158126831055e+00,-1.500907778739929199e+00
-1.093972206115722656e+00,-8.041564226150512695e-01
-1.174054503440856934e+00,-1.132576584815979004e+00
-1.055755376815795898e+00,-9.437964558601379395e-01
-9.876088500022888184e-01,-7.992808222770690918e-01
-1.120591998100280762e+00,-8.343333601951599121e-01
-1.054146170616149902e+00,-1.087235927581787109e+00
-1.207347750663757324e+00,-1.095976829528808594e+00
-7.807780504226684570e-01,-9.140036702156066895e-01
-1.087830305099487305e+00,-1.219502210617065430e+00
-8.455384969711303711e-01,-1.381471514701843262e+00
-8.846311569213867188e-01,-1.095507740974426270e+00
-1.336061000823974609e+00,-9.142793416976928711e-01
-8.755170702934265137e-01,-9.568151235580444336e-01
-8.276280760765075684e-01,-1.221592903137207031e+00
-8.887919783592224121e-01,-1.202398538589477539e+00
-1.156416535377502441e+00,-1.008411645889282227e+00
-1.061069488525390625e+00,-9.047058820724487305e-01
-9.698053598403930664e-01,-1.078901529312133789e+00
-8.999333381652832031e-01,-7.562408447265625000e-01
-1.202389001846313477e+00,-1.045293807983398438e+00
-1.407263159751892090e+00,-8.939332962036132812e-01
-1.346919894218444824e+00,-7.781204581260681152e-01
-1.135490298271179199e+00,-6.679382324218750000e-01
-1.075306296348571777e+00,-6.763178706169128418e-01
-8.484663963317871094e-01,-9.720233678817749023e-01
-7.353242039680480957e-01,-8.258819580078125000e-01
-9.858092069625854492e-01,-1.309910416603088379e+00
-1.049091339111328125e+00,-1.025473237037658691e+00
-1.144547581672668457e+00,-1.125922322273254395e+00
-8.889158368110656738e-01,-1.310091614723205566e+00
-9.539852142333984375e-01,-1.083015084266662598e+00
-1.092455983161926270e+00,-9.433553814888000488e-01
-8.292301297187805176e-01,-1.402019381523132324e+00
-9.772233366966247559e-01,-1.024938464164733887e+00
-9.823229908943176270e-01,-1.233718633651733398e+00
-1.262127637863159180e+00,-7.572947740554809570e-01
-1.236162543296813965e+00,-7.406814098358154297e-01
-8.727899789810180664e-01,-6.397551298141479492e-01
-1.282899856567382812e+00,-9.217363595962524414e-01
-9.233949184417724609e-01,-9.670423269271850586e-01
-8.858726620674133301e-01,-1.042675971984863281e+00
-6.884980201721191406e-01,-8.634192347526550293e-01
-7.736392021179199219e-01,-1.178508043289184570e+00
-1.081975817680358887e+00,-8.386389017105102539e-01
-1.229070425033569336e+00,-9.954984188079833984e-01
-1.111312150955200195e+00,-9.767888784408569336e-01
-1.072425246238708496e+00,-1.195177793502807617e+00
-5.783528089523315430e-01,-1.207933306694030762e+00
-7.647919058799743652e-01,-1.224399566650390625e+00
-8.721516728401184082e-01,-1.011434555053710938e+00
-9.597557783126831055e-01,-1.212355494499206543e+00
-9.851602315902709961e-01,-9.400052428245544434e-01
-6.571521759033203125e-01,-8.437887430191040039e-01
-1.075000762939453125e+00,-7.699549198150634766e-01
-6.876167654991149902e-01,-7.940207123756408691e-01
-7.273020744323730469e-01,-1.062428355216979980e+00
-8.080526590347290039e-01,-8.468941450119018555e-01
-1.033701658248901367e+00,-1.042280435562133789e+00
-1.260738968849182129e+00,-1.083718180656433105e+00
-1.405125975608825684e+00,-9.393958449363708496e-01
-1.299478888511657715e+00,-7.402938008308410645e-01
-1.217971682548522949e+00,-8.474596142768859863e-01
-9.239716529846191406e-01,-9.888057708740234375e-01
-1.156199812889099121e+00,-9.087442755699157715e-01
-1.282013297080993652e+00,-1.319798946380615234e+00
-1.127946615219116211e+00,-6.503901481628417969e-01
-1.170215964317321777e+00,-6.246865987777709961e-01
-7.905279994010925293e-01,-9.149671792984008789e-01
-1.184985876083374023e+00,-1.158265948295593262e+00
-8.569552898406982422e-01,-8.194840550422668457e-01
-8.123799562454223633e-01,-1.104261040687561035e+00
-1.180015444755554199e+00,-1.067761182785034180e+00
-1.005527138710021973e+00,-1.447140216827392578e+00
-1.021763563156127930e+00,-7.913002967834472656e-01
-1.212592601776123047e+00,-1.110830545425415039e+00
-6.392335295677185059e-01,-8.677847981452941895e-01
-8.536129593849182129e-01,-9.022221565246582031e-01
-7.483702898025512695e-01,-1.411491274833679199e+00
-1.166158199310302734e+00,-5.775907635688781738e-01
-8.610247373580932617e-01,-1.005219221115112305e+00
-1.394691109657287598e+00,-1.010096311569213867e+00
-1.170132279396057129e+00,-1.246963143348693848e+00
-1.118556261062622070e+00,-1.264101028442382812e+00
-8.624736070632934570e-01,-7.800802588462829590e-01
-8.862605690956115723e-01,-9.765142798423767090e-01
-6.827561855316162109e-01,-1.147609114646911621e+00
-1.303278803825378418e+00,-7.760348320007324219e-01
-1.225455164909362793e+00,-8.121044039726257324e-01
-6.360653638839721680e-01,-1.003266096115112305e+00
-8.463719487190246582e-01,-8.590456247329711914e-01
-6.965537071228027344e-01,-1.308900237083435059e+00
-1.147561311721801758e+00,-9.552247524261474609e-01
-4.851658940315246582e-01,-9.845306277275085449e-01
-1.002301096916198730e+00,-6.839776635169982910e-01
-8.883013129234313965e-01,-9.787104725837707520e-01
-1.101077914237976074e+00,-1.103077530860900879e+00
-1.049044489860534668e+00,-1.092297554016113281e+00
-1.049455642700195312e+00,-9.036278128623962402e-01
-1.039531707763671875e+00,-6.543217301368713379e-01
-1.002793192863464355e+00,-1.105616092681884766e+00
-8.361440896987915039e-01,-1.127396702766418457e+00
-8.251913785934448242e-01,-8.047701120376586914e-01
-8.071295022964477539e-01,-1.143601775169372559e+00
-9.633186459541320801e-01,-9.231469035148620605e-01
-9.460764527320861816e-01,-1.222576022148132324e+00
-8.027684092521667480e-01,-1.264380455017089844e+00
-1.066422104835510254e+00,-1.124512553215026855e+00
-9.092874526977539062e-01,-6.066759228706359863e-01
-8.576467037200927734e-01,-9.388774633407592773e-01
-7.708331346511840820e-01,-6.099503040313720703e-01
-1.208066940307617188e+00,-1.235408782958984375e+00
-8.267929553985595703e-01,-8.440941572189331055e-01
-1.190904140472412109e+00,-9.170347452163696289e-01
-7.901100516319274902e-01,-1.026991844177246094e+00
-1.079016327857971191e+00,-1.016660451889038086e+00
-1.007170796394348145e+00,-8.020931482315063477e-01
-8.925533890724182129e-01,-7.507595419883728027e-01
-1.017580628395080566e+00,-7.350301742553710938e-01
-1.080133557319641113e+00,-1.020380139350891113e+00
-1.026666402816772461e+00,-1.066661119461059570e+00
-1.194744110107421875e+00,-7.180819511413574219e-01
-8.337597846984863281e-01,-9.790661334991455078e-01
-1.229086875915527344e+00,-1.038944482803344727e+00
-1.111273050308227539e+00,-9.741327762603759766e-01
-1.073657512664794922e+00,-9.179527163505554199e-01
-9.002023935317993164e-01,-7.448882460594177246e-01
-1.358003020286560059e+00,-1.303543090820312500e+00
-7.532287240028381348e-01,-1.077187776565551758e+00
-1.213772416114807129e+00,-8.460938930511474609e-01
-1.191816449165344238e+00,-5.073867440223693848e-01
-1.072147369384765625e+00,-7.979505062103271484e-01
-9.768339991569519043e-01,-1.230404734611511230e+00
-8.914083242416381836e-01,-1.185513496398925781e+00
-8.596714138984680176e-01,-7.936351299285888672e-01
-1.098984003067016602e+00,-1.157055139541625977e+00
